bank_id,gl_id,bank_description,gl_description,confidence,matched_rules,match_type,bank_amount,gl_amount,amount_difference,bank_date,gl_date,date_difference_days,time_anomaly_6_months,normalized_bank_vendor,normalized_gl_vendor
BANK000001,GL000220,Payment to Digital Agency,GL Entry: XYZ Corporation,41.06,"[""amount_only_match""]",amount_only,32007.4,31948.46,58.94,2024-01-13 00:00:00,2024-06-05 00:00:00,144,,,
BANK000002,GL000074,Payment to Software House,GL Entry: ABC Inc,14.58,"[""amount_only_match""]",amount_only,7062.94,7148.36,85.42,2024-02-22 00:00:00,2024-06-08 00:00:00,107,,,
BANK000003,GL000338,Payment to ABC Inc,GL Entry: GLOBAL SERVICES INC,48.84,"[""amount_only_match""]",amount_only,4438.25,4387.09,51.16,2024-08-04 00:00:00,2024-01-17 00:00:00,200,,,
BANK000004,GL000407,Payment to Cloud Services,GL Entry: XYZ Corp,75.88,"[""amount_only_match""]",amount_only,11010.03,11034.15,24.12,2024-09-15 00:00:00,2024-06-22 00:00:00,85,,,
BANK000005,GL000021,Payment to Digital Agency,GL Entry: X Y Z Corp,30.39,"[""amount_only_match""]",amount_only,10022.0,9952.39,69.61,2024-11-28 00:00:00,2024-09-21 00:00:00,68,,,
BANK000006,GL000071,Payment to Business Tools,GL Entry: ABC Inc.,8.65,"[""amount_only_match""]",amount_only,22515.53,22606.88,91.35,2024-05-22 00:00:00,2024-11-26 00:00:00,188,,,
BANK000007,GL000100,Payment to Tech Solutions,GL Entry: GLOBAL SERVICES INC,80.01,"[""amount_only_match""]",amount_only,34937.16,34917.17,19.99,2024-06-23 00:00:00,2024-05-14 00:00:00,40,,,
BANK000008,GL000005,Payment to XYZ Corp,GL Entry: ABC Inc,58.56,"[""amount_only_match""]",amount_only,5200.29,5241.73,41.44,2024-07-13 00:00:00,2024-10-26 00:00:00,105,,,
BANK000009,GL000492,Payment to Digital Agency,GL Entry: TS Inc,48.71,"[""amount_only_match""]",amount_only,30225.93,30174.64,51.29,2024-01-23 00:00:00,2024-06-28 00:00:00,157,,,
BANK000010,GL000351,Payment to XYZ Corp,GL Entry: ABC INCORPORATED,84.72,"[""amount_only_match""]",amount_only,48658.48,48643.2,15.28,2024-07-12 00:00:00,2024-03-19 00:00:00,115,,,
BANK000011,GL000238,Payment to Cloud Services,GL Entry: Tech Solutions,57.29,"[""amount_only_match""]",amount_only,30964.14,31006.85,42.71,2024-07-04 00:00:00,2024-07-08 00:00:00,4,,,
BANK000012,GL000091,Payment to Business Tools,GL Entry: GLOBAL SERV,63.37,"[""amount_only_match""]",amount_only,2386.64,2350.01,36.63,2024-04-26 00:00:00,2024-06-25 00:00:00,60,,,
BANK000013,GL000359,Payment to Audit Solutions,GL Entry: ABC Inc.,92.21,"[""amount_only_match""]",amount_only,42780.35,42788.14,7.79,2024-02-21 00:00:00,2024-03-27 00:00:00,35,,,
BANK000014,GL000026,Payment to Finance Partners,GL Entry: ABC Inc.,46.53,"[""amount_only_match""]",amount_only,41722.11,41668.64,53.47,2024-03-24 00:00:00,2024-09-20 00:00:00,180,,,
BANK000015,GL000108,Payment to Software House,GL Entry: Tech Solutions,70.88,"[""amount_only_match""]",amount_only,13422.19,13451.31,29.12,2024-12-15 00:00:00,2024-11-23 00:00:00,22,,,
BANK000016,GL000034,Payment to Digital Agency,GL Entry: XYZ Corporation,34.86,"[""amount_only_match""]",amount_only,31785.42,31850.56,65.14,2024-09-30 00:00:00,2024-01-09 00:00:00,265,,,
BANK000017,GL000232,Payment to Digital Agency,GL Entry: XYZ CORP,53.54,"[""amount_only_match""]",amount_only,19034.83,18988.37,46.46,2024-11-23 00:00:00,2024-01-30 00:00:00,298,,,
BANK000018,GL000505,Payment to Global Services,GL Entry: ABC Inc,25.81,"[""amount_only_match""]",amount_only,16281.71,16207.52,74.19,2024-01-29 00:00:00,2024-03-11 00:00:00,42,,,
BANK000019,GL000171,Payment to Global Services,GL Entry: TS Inc,0.96,"[""amount_only_match""]",amount_only,20118.12,20217.16,99.04,2024-02-03 00:00:00,2024-12-04 00:00:00,305,,,
BANK000020,GL000227,Payment to Global Services,GL Entry: Global Services,0.77,"[""amount_only_match""]",amount_only,43830.74,43731.51,99.23,2024-06-10 00:00:00,2024-12-20 00:00:00,193,,,
BANK000021,GL000149,Payment to Consulting Group,GL Entry: ABC Inc,11.67,"[""amount_only_match""]",amount_only,44245.69,44157.36,88.33,2024-11-25 00:00:00,2024-08-18 00:00:00,99,,,
BANK000022,GL000115,Payment to Data Systems,GL Entry: X Y Z Corp,35.48,"[""amount_only_match""]",amount_only,12406.71,12342.19,64.52,2024-10-14 00:00:00,2024-05-10 00:00:00,157,,,
BANK000023,GL000428,Payment to Audit Solutions,GL Entry: GLOBAL SERVICES INC,49.95,"[""amount_only_match""]",amount_only,21478.85,21428.8,50.05,2024-10-25 00:00:00,2024-12-14 00:00:00,50,,,
BANK000024,GL000080,Payment to Business Tools,GL Entry: GLOBAL SERV,64.28,"[""amount_only_match""]",amount_only,25525.36,25561.08,35.72,2024-02-16 00:00:00,2024-01-11 00:00:00,36,,,
BANK000025,GL000327,Payment to Smith & Co,GL Entry: GLOBAL SERV,77.15,"[""amount_only_match""]",amount_only,5571.49,5548.64,22.85,2024-11-17 00:00:00,2024-07-20 00:00:00,120,,,
BANK000026,GL000086,Payment to Audit Solutions,GL Entry: ABC INC,86.92,"[""amount_only_match""]",amount_only,29860.81,29847.73,13.08,2024-07-16 00:00:00,2024-01-04 00:00:00,194,,,
BANK000027,GL000328,Payment to ABC Inc,GL Entry: TECH SOL,18.93,"[""amount_only_match""]",amount_only,26502.81,26583.88,81.07,2024-10-10 00:00:00,2024-01-19 00:00:00,265,,,
BANK000028,GL000169,Payment to Business Tools,GL Entry: XYZ Corporation,39.7,"[""amount_only_match""]",amount_only,34117.35,34057.05,60.3,2024-10-01 00:00:00,2024-12-08 00:00:00,68,,,
BANK000029,GL000288,Payment to Audit Solutions,GL Entry: Global Services,76.55,"[""amount_only_match""]",amount_only,17074.76,17051.31,23.45,2024-05-30 00:00:00,2024-06-19 00:00:00,20,,,
BANK000030,GL000517,Payment to Data Systems,GL Entry: TECH SOL,56.92,"[""amount_only_match""]",amount_only,47695.41,47652.33,43.08,2024-05-14 00:00:00,2024-02-06 00:00:00,98,,,
BANK000031,GL000210,Payment to Tech Solutions,GL Entry: XYZ CORP,88.63,"[""amount_only_match""]",amount_only,45640.13,45651.5,11.37,2024-11-16 00:00:00,2024-08-18 00:00:00,90,,,
BANK000032,GL000069,Payment to Finance Partners,GL Entry: Smith & Co,2.42,"[""amount_only_match""]",amount_only,30487.61,30585.19,97.58,2024-03-19 00:00:00,2024-09-23 00:00:00,188,,,
BANK000033,GL000225,Payment to ABC Inc,GL Entry: Global Svcs,14.54,"[""amount_only_match""]",amount_only,47679.64,47594.18,85.46,2024-09-28 00:00:00,2024-10-15 00:00:00,17,,,
BANK000034,GL000635,Payment to Business Tools,GL Entry: XYZ Corp,33.91,"[""amount_only_match""]",amount_only,1071.89,1005.8,66.09,2024-07-04 00:00:00,2024-05-25 00:00:00,40,,,
BANK000035,GL000060,Payment to XYZ Corp,GL Entry: XYZ Corporation,66.49,"[""amount_only_match""]",amount_only,12119.49,12153.0,33.51,2024-10-17 00:00:00,2024-06-16 00:00:00,123,,,
BANK000036,GL000050,Payment to Business Tools,GL Entry: X Y Z Corp,89.44,"[""amount_only_match""]",amount_only,24350.92,24340.36,10.56,2024-02-05 00:00:00,2024-05-19 00:00:00,104,,,
BANK000037,GL000301,Payment to Data Systems,GL Entry: ABC Inc,13.11,"[""amount_only_match""]",amount_only,6506.73,6419.84,86.89,2024-08-31 00:00:00,2024-11-25 00:00:00,86,,,
BANK000038,GL000062,Payment to Global Services,GL Entry: TS Inc,31.43,"[""amount_only_match""]",amount_only,43634.41,43702.98,68.57,2024-08-04 00:00:00,2024-10-08 00:00:00,65,,,
BANK000039,GL000278,Payment to Software House,GL Entry: Tech Solutions,86.8,"[""amount_only_match""]",amount_only,35676.15,35689.35,13.2,2024-07-23 00:00:00,2024-11-26 00:00:00,126,,,
BANK000040,GL000173,Payment to XYZ Corp,GL Entry: TECH SOL,94.58,"[""amount_only_match""]",amount_only,44990.74,44985.32,5.42,2024-08-19 00:00:00,2024-01-06 00:00:00,226,,,
BANK000041,GL000917,Payment to Data Systems,GL Entry: Tech Solutions LLC,36.71,"[""amount_only_match""]",amount_only,16970.47,16907.18,63.29,2024-10-28 00:00:00,2024-08-28 00:00:00,61,,,
BANK000042,GL000406,Payment to Software House,GL Entry: TECH SOLUTIONS,64.47,"[""amount_only_match""]",amount_only,458.82,494.35,35.53,2024-12-28 00:00:00,2024-11-23 00:00:00,35,,,
BANK000043,GL000049,Payment to Finance Partners,GL Entry: A B C Inc,19.9,"[""amount_only_match""]",amount_only,3463.28,3543.38,80.1,2024-01-17 00:00:00,2024-12-11 00:00:00,329,,,
BANK000044,GL000467,Payment to Consulting Group,GL Entry: XYZ Corporation,67.85,"[""amount_only_match""]",amount_only,11976.43,11944.28,32.15,2024-12-08 00:00:00,2024-12-25 00:00:00,17,,,
BANK000045,GL000367,Payment to Cloud Services,GL Entry: SMITH CO,26.3,"[""amount_only_match""]",amount_only,36195.29,36268.99,73.7,2024-10-19 00:00:00,2024-09-12 00:00:00,37,,,
BANK000046,GL000463,Payment to XYZ Corp,GL Entry: Global Services,8.82,"[""amount_only_match""]",amount_only,40394.1,40485.28,91.18,2024-04-07 00:00:00,2024-10-16 00:00:00,192,,,
BANK000047,GL001091,Payment to Audit Solutions,GL Entry: A B C Inc,89.95,"[""amount_only_match""]",amount_only,21609.45,21619.5,10.05,2024-08-04 00:00:00,2024-04-20 00:00:00,106,,,
BANK000048,GL000007,Payment to XYZ Corp,GL Entry: Smith Co.,26.01,"[""amount_only_match""]",amount_only,33700.89,33626.9,73.99,2024-11-26 00:00:00,2024-10-09 00:00:00,48,,,
BANK000049,GL000172,Payment to Global Services,GL Entry: TECH SOL,18.54,"[""amount_only_match""]",amount_only,36437.86,36519.32,81.46,2024-02-25 00:00:00,2024-10-27 00:00:00,245,,,
BANK000050,GL000740,Payment to Smith & Co,GL Entry: ABC Inc.,60.97,"[""amount_only_match""]",amount_only,22485.82,22446.79,39.03,2024-08-04 00:00:00,2024-01-15 00:00:00,202,,,
BANK000051,GL000480,Payment to Consulting Group,GL Entry: Global Services Inc,31.16,"[""amount_only_match""]",amount_only,43736.85,43805.69,68.84,2024-02-08 00:00:00,2024-07-03 00:00:00,146,,,
BANK000052,GL000334,Payment to Data Systems,GL Entry: Global Services,16.72,"[""amount_only_match""]",amount_only,4985.65,4902.37,83.28,2024-11-29 00:00:00,2024-12-31 00:00:00,32,,,
BANK000053,GL000031,Payment to Smith & Co,GL Entry: Global Services,1.43,"[""amount_only_match""]",amount_only,46325.71,46424.28,98.57,2024-05-01 00:00:00,2024-05-05 00:00:00,4,,,
BANK000054,GL000264,Payment to ABC Inc,GL Entry: GLOBAL SERVICES INC,43.3,"[""amount_only_match""]",amount_only,10765.99,10822.69,56.7,2024-07-24 00:00:00,2024-06-03 00:00:00,51,,,
BANK000055,GL000304,Payment to Business Tools,GL Entry: ABC INCORPORATED,15.46,"[""amount_only_match""]",amount_only,49266.91,49182.37,84.54,2024-05-15 00:00:00,2024-01-18 00:00:00,118,,,
BANK000056,GL000144,Payment to Software House,GL Entry: Global Svcs,92.87,"[""amount_only_match""]",amount_only,21208.07,21200.94,7.13,2024-10-11 00:00:00,2024-01-24 00:00:00,261,,,
BANK000057,GL000525,Payment to ABC Inc,GL Entry: Tech Solutions,65.02,"[""amount_only_match""]",amount_only,9575.9,9540.92,34.98,2024-04-21 00:00:00,2024-09-29 00:00:00,161,,,
BANK000058,GL000318,Payment to ABC Inc,GL Entry: ABC Inc.,2.03,"[""amount_only_match""]",amount_only,3141.78,3043.81,97.97,2024-06-09 00:00:00,2024-10-04 00:00:00,117,,,
BANK000059,GL000018,Payment to Smith & Co,GL Entry: Global Services,13.29,"[""amount_only_match""]",amount_only,23891.75,23805.04,86.71,2024-09-28 00:00:00,2024-05-26 00:00:00,125,,,
BANK000060,GL000166,Payment to XYZ Corp,GL Entry: GLOBAL SERVICES INC,70.55,"[""amount_only_match""]",amount_only,25440.64,25411.19,29.45,2024-04-05 00:00:00,2024-04-01 00:00:00,4,,,
BANK000061,GL000087,Payment to XYZ Corp,GL Entry: TECH SOL,67.08,"[""amount_only_match""]",amount_only,43104.78,43071.86,32.92,2024-07-25 00:00:00,2024-02-27 00:00:00,149,,,
BANK000062,GL000162,Payment to ABC Inc,GL Entry: Global Services Inc,4.45,"[""amount_only_match""]",amount_only,12386.15,12481.7,95.55,2024-10-31 00:00:00,2024-09-22 00:00:00,39,,,
BANK000063,GL000124,Payment to Data Systems,GL Entry: A B C Inc,11.39,"[""amount_only_match""]",amount_only,32902.92,32991.53,88.61,2024-10-16 00:00:00,2024-01-29 00:00:00,261,,,
BANK000064,GL000037,Payment to Global Services,GL Entry: GLOBAL SERV,7.9,"[""amount_only_match""]",amount_only,10292.53,10200.43,92.1,2024-06-09 00:00:00,2024-10-12 00:00:00,125,,,
BANK000065,GL000321,Payment to Consulting Group,GL Entry: X Y Z Corp,7.9,"[""amount_only_match""]",amount_only,33617.34,33525.24,92.1,2024-06-02 00:00:00,2024-02-21 00:00:00,102,,,
BANK000066,GL000076,Payment to Cloud Services,GL Entry: Global Services Inc,28.33,"[""amount_only_match""]",amount_only,564.84,636.51,71.67,2024-11-14 00:00:00,2024-12-08 00:00:00,24,,,
BANK000067,GL000434,Payment to Tech Solutions,GL Entry: Global Svcs,36.87,"[""amount_only_match""]",amount_only,26927.96,26864.83,63.13,2024-09-16 00:00:00,2024-02-09 00:00:00,220,,,
BANK000068,GL000116,Payment to Finance Partners,GL Entry: ABC Inc,19.14,"[""amount_only_match""]",amount_only,44055.12,44135.98,80.86,2024-05-05 00:00:00,2024-09-27 00:00:00,145,,,
BANK000069,GL000072,Payment to Tech Solutions,GL Entry: TECH SOLUTIONS,95.37,"[""amount_only_match""]",amount_only,41703.87,41708.5,4.63,2024-12-26 00:00:00,2024-12-06 00:00:00,20,,,
BANK000070,GL000438,Payment to Data Systems,GL Entry: SMITH AND CO,51.09,"[""amount_only_match""]",amount_only,26494.14,26543.05,48.91,2024-12-07 00:00:00,2024-12-21 00:00:00,14,,,
BANK000071,GL000217,Payment to Tech Solutions,GL Entry: XYZ Corporation,20.14,"[""amount_only_match""]",amount_only,5268.97,5189.11,79.86,2024-03-09 00:00:00,2024-06-26 00:00:00,109,,,
BANK000072,GL000157,Payment to Tech Solutions,GL Entry: XYZ Corporation,86.04,"[""amount_only_match""]",amount_only,37146.59,37132.63,13.96,2024-03-20 00:00:00,2024-12-03 00:00:00,258,,,
BANK000073,GL000028,Payment to Software House,GL Entry: XYZ CORP,99.5,"[""amount_only_match""]",amount_only,35908.85,35908.35,0.5,2024-04-14 00:00:00,2024-02-09 00:00:00,65,,,
BANK000074,GL000142,Payment to ABC Inc,GL Entry: TECH SOL,80.98,"[""amount_only_match""]",amount_only,25319.91,25300.89,19.02,2024-05-08 00:00:00,2024-07-02 00:00:00,55,,,
BANK000075,GL000308,Payment to ABC Inc,GL Entry: TECH SOLUTIONS,32.82,"[""amount_only_match""]",amount_only,21236.43,21169.25,67.18,2024-05-21 00:00:00,2024-10-29 00:00:00,161,,,
BANK000076,GL000010,Payment to Tech Solutions,GL Entry: TS Inc,11.12,"[""amount_only_match""]",amount_only,38578.85,38667.73,88.88,2024-11-22 00:00:00,2024-06-21 00:00:00,154,,,
BANK000077,GL000370,Payment to Data Systems,GL Entry: X Y Z Corp,21.8,"[""amount_only_match""]",amount_only,27628.85,27707.05,78.2,2024-08-06 00:00:00,2024-05-08 00:00:00,90,,,
BANK000078,GL000073,Payment to Smith & Co,GL Entry: A B C Inc,5.67,"[""amount_only_match""]",amount_only,3854.67,3949.0,94.33,2024-12-19 00:00:00,2024-07-12 00:00:00,160,,,
BANK000079,GL000409,Payment to Audit Solutions,GL Entry: ABC Inc,43.41,"[""amount_only_match""]",amount_only,29167.23,29223.82,56.59,2024-03-16 00:00:00,2024-06-27 00:00:00,103,,,
BANK000080,GL000036,Payment to Finance Partners,GL Entry: TECH SOL,32.06,"[""amount_only_match""]",amount_only,18296.11,18364.05,67.94,2024-01-21 00:00:00,2024-03-07 00:00:00,46,,,
BANK000081,GL000038,Payment to Business Tools,GL Entry: ABC Inc,72.89,"[""amount_only_match""]",amount_only,33379.98,33352.87,27.11,2024-06-30 00:00:00,2024-08-12 00:00:00,43,,,
BANK000082,GL000376,Payment to Global Services,GL Entry: Global Services,48.71,"[""amount_only_match""]",amount_only,48694.47,48745.76,51.29,2024-03-20 00:00:00,2024-10-08 00:00:00,202,,,
BANK000083,GL000761,Payment to Smith & Co,GL Entry: Smith Co.,37.41,"[""amount_only_match""]",amount_only,44082.67,44020.08,62.59,2024-01-13 00:00:00,2024-04-06 00:00:00,84,,,
BANK000084,GL000582,Payment to Business Tools,GL Entry: A B C Inc,83.95,"[""amount_only_match""]",amount_only,39141.09,39125.04,16.05,2024-07-29 00:00:00,2024-05-02 00:00:00,88,,,
BANK000085,GL000543,Payment to XYZ Corp,GL Entry: Global Services Inc,76.83,"[""amount_only_match""]",amount_only,13413.6,13390.43,23.17,2024-12-25 00:00:00,2024-09-15 00:00:00,101,,,
BANK000086,GL000044,Payment to Global Services,GL Entry: XYZ Corp,97.8,"[""amount_only_match""]",amount_only,42943.8,42946.0,2.2,2024-04-23 00:00:00,2024-11-19 00:00:00,210,,,
BANK000087,GL000722,Payment to Global Services,GL Entry: XYZ Corporation,47.21,"[""amount_only_match""]",amount_only,17547.96,17495.17,52.79,2024-04-26 00:00:00,2024-05-05 00:00:00,9,,,
BANK000088,GL000130,Payment to Tech Solutions,GL Entry: XYZ Corporation,42.46,"[""amount_only_match""]",amount_only,9737.18,9794.72,57.54,2024-06-17 00:00:00,2024-03-15 00:00:00,94,,,
BANK000089,GL001041,Payment to Audit Solutions,GL Entry: SMITH AND CO,74.33,"[""amount_only_match""]",amount_only,17622.19,17596.52,25.67,2024-09-17 00:00:00,2024-11-13 00:00:00,57,,,
BANK000090,GL000092,Payment to XYZ Corp,GL Entry: XYZ CORP,92.3,"[""amount_only_match""]",amount_only,16624.38,16616.68,7.7,2024-01-15 00:00:00,2024-04-06 00:00:00,82,,,
BANK000091,GL000155,Payment to ABC Inc,GL Entry: Global Services,6.14,"[""amount_only_match""]",amount_only,9010.53,9104.39,93.86,2024-05-15 00:00:00,2024-03-13 00:00:00,63,,,
BANK000092,GL000311,Payment to Audit Solutions,GL Entry: ABC Inc,73.16,"[""amount_only_match""]",amount_only,17349.79,17376.63,26.84,2024-06-09 00:00:00,2024-06-07 00:00:00,2,,,
BANK000093,GL000094,Payment to Global Services,GL Entry: X Y Z Corp,45.72,"[""amount_only_match""]",amount_only,5870.72,5925.0,54.28,2024-10-22 00:00:00,2024-12-24 00:00:00,63,,,
BANK000094,GL000276,Payment to Software House,GL Entry: A B C Inc,63.29,"[""amount_only_match""]",amount_only,184.39,147.68,36.71,2024-10-02 00:00:00,2024-06-07 00:00:00,117,,,
BANK000095,GL000768,Payment to XYZ Corp,GL Entry: Global Services Inc,98.39,"[""amount_only_match""]",amount_only,9932.05,9933.66,1.61,2024-08-08 00:00:00,2024-03-19 00:00:00,142,,,
BANK000096,GL000126,Payment to XYZ Corp,GL Entry: Global Services,85.67,"[""amount_only_match""]",amount_only,31195.45,31209.78,14.33,2024-12-05 00:00:00,2024-04-12 00:00:00,237,,,
BANK000097,GL000446,Payment to Audit Solutions,GL Entry: SMITH CO,90.98,"[""amount_only_match""]",amount_only,25405.41,25396.39,9.02,2024-12-07 00:00:00,2024-11-20 00:00:00,17,,,
BANK000098,GL000181,Payment to Audit Solutions,GL Entry: Smith Co.,93.15,"[""amount_only_match""]",amount_only,27765.18,27758.33,6.85,2024-04-08 00:00:00,2024-09-16 00:00:00,161,,,
BANK000099,GL000079,Payment to Cloud Services,GL Entry: SMITH CO,8.23,"[""amount_only_match""]",amount_only,33898.17,33989.94,91.77,2024-03-30 00:00:00,2024-05-12 00:00:00,43,,,
BANK000100,GL000088,Payment to Tech Solutions,GL Entry: Tech Solutions,49.84,"[""amount_only_match""]",amount_only,27442.07,27391.91,50.16,2024-01-01 00:00:00,2024-07-31 00:00:00,212,,,
BANK000101,GL000263,Payment to Software House,GL Entry: ABC INCORPORATED,33.19,"[""amount_only_match""]",amount_only,39309.37,39376.18,66.81,2024-11-06 00:00:00,2024-08-08 00:00:00,90,,,
BANK000102,GL000022,Payment to Data Systems,GL Entry: Smith Co.,66.46,"[""amount_only_match""]",amount_only,22163.77,22197.31,33.54,2024-04-19 00:00:00,2024-03-12 00:00:00,38,,,
BANK000103,GL000317,Payment to Data Systems,GL Entry: XYZ Corporation,71.41,"[""amount_only_match""]",amount_only,32976.65,33005.24,28.59,2024-05-25 00:00:00,2024-08-07 00:00:00,74,,,
BANK000104,GL000131,Payment to Software House,GL Entry: ABC INC,26.27,"[""amount_only_match""]",amount_only,16825.89,16752.16,73.73,2024-04-30 00:00:00,2024-06-20 00:00:00,51,,,
BANK000105,GL000029,Payment to Global Services,GL Entry: SMITH AND CO,99.61,"[""amount_only_match""]",amount_only,7452.96,7452.57,0.39,2024-01-24 00:00:00,2024-01-04 00:00:00,20,,,
BANK000106,GL000111,Payment to Consulting Group,GL Entry: Tech Solutions LLC,34.26,"[""amount_only_match""]",amount_only,42501.91,42567.65,65.74,2024-02-07 00:00:00,2024-03-20 00:00:00,42,,,
BANK000107,GL000259,Payment to Audit Solutions,GL Entry: ABC INC,61.69,"[""amount_only_match""]",amount_only,28825.98,28787.67,38.31,2024-12-22 00:00:00,2024-06-23 00:00:00,182,,,
BANK000108,GL000305,Payment to ABC Inc,GL Entry: XYZ Corp,19.07,"[""amount_only_match""]",amount_only,7463.81,7382.88,80.93,2024-12-18 00:00:00,2024-08-23 00:00:00,117,,,
BANK000109,GL000377,Payment to Smith & Co,GL Entry: ABC Inc.,38.63,"[""amount_only_match""]",amount_only,38943.18,38881.81,61.37,2024-04-22 00:00:00,2024-09-19 00:00:00,150,,,
BANK000110,GL000199,Payment to Global Services,GL Entry: TS Inc,77.77,"[""amount_only_match""]",amount_only,23281.04,23303.27,22.23,2024-10-12 00:00:00,2024-08-05 00:00:00,68,,,
BANK000111,GL000230,Payment to Software House,GL Entry: Smith & Co,46.58,"[""amount_only_match""]",amount_only,22877.45,22824.03,53.42,2024-08-25 00:00:00,2024-05-20 00:00:00,97,,,
BANK000112,GL000405,Payment to Cloud Services,GL Entry: Smith & Co,23.03,"[""amount_only_match""]",amount_only,29813.07,29890.04,76.97,2024-08-14 00:00:00,2024-10-17 00:00:00,64,,,
BANK000113,GL000482,Payment to Consulting Group,GL Entry: Smith Co.,81.76,"[""amount_only_match""]",amount_only,21394.36,21376.12,18.24,2024-10-07 00:00:00,2024-12-20 00:00:00,74,,,
BANK000114,GL000762,Payment to Software House,GL Entry: TECH SOL,66.64,"[""amount_only_match""]",amount_only,22558.48,22591.84,33.36,2024-05-06 00:00:00,2024-10-22 00:00:00,169,,,
BANK000115,GL000184,Payment to Tech Solutions,GL Entry: ABC INCORPORATED,76.65,"[""amount_only_match""]",amount_only,24281.39,24304.74,23.35,2024-05-02 00:00:00,2024-12-07 00:00:00,219,,,
BANK000116,GL000167,Payment to Finance Partners,GL Entry: TECH SOLUTIONS,16.68,"[""amount_only_match""]",amount_only,11801.23,11717.91,83.32,2024-06-20 00:00:00,2024-07-05 00:00:00,15,,,
BANK000117,GL000533,Payment to Audit Solutions,GL Entry: Tech Solutions LLC,72.1,"[""amount_only_match""]",amount_only,7004.87,7032.77,27.9,2024-04-28 00:00:00,2024-09-18 00:00:00,143,,,
BANK000118,GL000195,Payment to Finance Partners,GL Entry: ABC Inc.,12.58,"[""amount_only_match""]",amount_only,3305.02,3392.44,87.42,2024-07-27 00:00:00,2024-09-23 00:00:00,58,,,
BANK000119,GL000212,Payment to Audit Solutions,GL Entry: Smith & Company,50.42,"[""amount_only_match""]",amount_only,3207.06,3256.64,49.58,2024-08-03 00:00:00,2024-11-07 00:00:00,96,,,
BANK000120,GL000052,Payment to Business Tools,GL Entry: Smith & Company,38.98,"[""amount_only_match""]",amount_only,47308.5,47247.48,61.02,2024-01-11 00:00:00,2024-01-07 00:00:00,4,,,
BANK000121,GL000683,Payment to Tech Solutions,GL Entry: X Y Z Corp,67.83,"[""amount_only_match""]",amount_only,394.21,362.04,32.17,2024-06-29 00:00:00,2024-01-26 00:00:00,155,,,
BANK000122,GL000691,Payment to Business Tools,GL Entry: Smith & Co,68.79,"[""amount_only_match""]",amount_only,26957.21,26926.0,31.21,2024-10-06 00:00:00,2024-11-12 00:00:00,37,,,
BANK000123,GL000415,Payment to Audit Solutions,GL Entry: TECH SOLUTIONS,49.83,"[""amount_only_match""]",amount_only,24462.65,24512.82,50.17,2024-05-19 00:00:00,2024-07-30 00:00:00,72,,,
BANK000124,GL000845,Payment to Business Tools,GL Entry: ABC Inc.,83.21,"[""amount_only_match""]",amount_only,16872.86,16856.07,16.79,2024-12-13 00:00:00,2024-04-08 00:00:00,249,,,
BANK000125,GL000150,Payment to Cloud Services,GL Entry: TECH SOLUTIONS,41.79,"[""amount_only_match""]",amount_only,42041.23,41983.02,58.21,2024-03-06 00:00:00,2024-12-23 00:00:00,292,,,
BANK000126,GL000024,Payment to ABC Inc,GL Entry: Smith & Company,22.94,"[""amount_only_match""]",amount_only,29635.45,29712.51,77.06,2024-12-05 00:00:00,2024-01-25 00:00:00,315,,,
BANK000127,GL000892,Payment to Smith & Co,GL Entry: ABC INC,8.62,"[""amount_only_match""]",amount_only,21487.78,21396.4,91.38,2024-08-24 00:00:00,2024-09-04 00:00:00,11,,,
BANK000128,GL000390,Payment to Consulting Group,GL Entry: Global Services,49.0,"[""amount_only_match""]",amount_only,19017.28,19068.28,51.0,2024-04-18 00:00:00,2024-07-14 00:00:00,87,,,
BANK000129,GL000141,Payment to Tech Solutions,GL Entry: SMITH CO,58.8,"[""amount_only_match""]",amount_only,13985.01,14026.21,41.2,2024-08-03 00:00:00,2024-03-23 00:00:00,133,,,
BANK000130,GL000715,Payment to ABC Inc,GL Entry: Smith & Co,14.43,"[""amount_only_match""]",amount_only,1067.23,981.66,85.57,2024-10-03 00:00:00,2024-05-18 00:00:00,138,,,
BANK000131,GL000129,Payment to Business Tools,GL Entry: GLOBAL SERVICES INC,88.54,"[""amount_only_match""]",amount_only,11288.69,11277.23,11.46,2024-02-05 00:00:00,2024-08-13 00:00:00,190,,,
BANK000132,GL001079,Payment to Global Services,GL Entry: ABC INCORPORATED,5.74,"[""amount_only_match""]",amount_only,37736.24,37641.98,94.26,2024-05-06 00:00:00,2024-09-27 00:00:00,144,,,
BANK000133,GL000236,Payment to Consulting Group,GL Entry: ABC Inc,21.11,"[""amount_only_match""]",amount_only,7703.88,7624.99,78.89,2024-03-05 00:00:00,2024-03-30 00:00:00,25,,,
BANK000134,GL000152,Payment to Digital Agency,GL Entry: TECH SOLUTIONS,95.07,"[""amount_only_match""]",amount_only,47393.08,47388.15,4.93,2024-08-26 00:00:00,2024-04-04 00:00:00,144,,,
BANK000135,GL000128,Payment to Digital Agency,GL Entry: XYZ CORP,1.93,"[""amount_only_match""]",amount_only,8472.68,8374.61,98.07,2024-11-06 00:00:00,2024-04-29 00:00:00,191,,,
BANK000136,GL000019,Payment to Cloud Services,GL Entry: TS Inc,54.7,"[""amount_only_match""]",amount_only,48239.57,48194.27,45.3,2024-02-25 00:00:00,2024-09-06 00:00:00,194,,,
BANK000137,GL000058,Payment to Audit Solutions,GL Entry: GLOBAL SERV,98.76,"[""amount_only_match""]",amount_only,15666.67,15665.43,1.24,2024-12-12 00:00:00,2024-06-29 00:00:00,166,,,
BANK000138,GL000035,Payment to Software House,GL Entry: SMITH CO,27.63,"[""amount_only_match""]",amount_only,3892.22,3964.59,72.37,2024-12-19 00:00:00,2024-01-11 00:00:00,343,,,
BANK000139,GL000877,Payment to Business Tools,GL Entry: TECH SOL,0.58,"[""amount_only_match""]",amount_only,42529.63,42430.21,99.42,2024-11-03 00:00:00,2024-09-28 00:00:00,36,,,
BANK000140,GL000920,Payment to Data Systems,GL Entry: Global Services,12.03,"[""amount_only_match""]",amount_only,39153.5,39065.53,87.97,2024-06-26 00:00:00,2024-02-17 00:00:00,130,,,
BANK000141,GL000106,Payment to Finance Partners,GL Entry: Global Svcs,30.72,"[""amount_only_match""]",amount_only,3540.94,3471.66,69.28,2024-11-27 00:00:00,2024-03-13 00:00:00,259,,,
BANK000142,GL000206,Payment to XYZ Corp,GL Entry: Tech Solutions,90.32,"[""amount_only_match""]",amount_only,21060.93,21051.25,9.68,2024-09-07 00:00:00,2024-02-18 00:00:00,202,,,
BANK000143,GL000357,Payment to Digital Agency,GL Entry: Smith Co.,18.21,"[""amount_only_match""]",amount_only,31815.7,31733.91,81.79,2024-08-23 00:00:00,2024-01-07 00:00:00,229,,,
BANK000144,GL000176,Payment to Tech Solutions,GL Entry: ABC Inc,38.53,"[""amount_only_match""]",amount_only,36716.39,36654.92,61.47,2024-11-29 00:00:00,2024-11-08 00:00:00,21,,,
BANK000145,GL000365,Payment to Audit Solutions,GL Entry: Global Svcs,87.53,"[""amount_only_match""]",amount_only,38754.61,38742.14,12.47,2024-08-26 00:00:00,2024-08-26 00:00:00,0,,,
BANK000146,GL000287,Payment to XYZ Corp,GL Entry: ABC INC,53.46,"[""amount_only_match""]",amount_only,13492.94,13539.48,46.54,2024-05-05 00:00:00,2024-01-28 00:00:00,98,,,
BANK000147,GL000760,Payment to Cloud Services,GL Entry: Smith & Co,68.26,"[""amount_only_match""]",amount_only,12268.79,12237.05,31.74,2024-08-25 00:00:00,2024-08-01 00:00:00,24,,,
BANK000149,GL000147,Payment to Finance Partners,GL Entry: Smith Co.,16.37,"[""amount_only_match""]",amount_only,17805.77,17889.4,83.63,2024-05-12 00:00:00,2024-11-15 00:00:00,187,,,
BANK000150,GL000201,Payment to Data Systems,GL Entry: TS Inc,82.69,"[""amount_only_match""]",amount_only,35089.07,35071.76,17.31,2024-05-21 00:00:00,2024-09-18 00:00:00,120,,,
BANK000151,GL000714,Payment to Global Services,GL Entry: X Y Z Corp,84.28,"[""amount_only_match""]",amount_only,47408.32,47392.6,15.72,2024-02-13 00:00:00,2024-10-13 00:00:00,243,,,
BANK000152,GL000431,Payment to Digital Agency,GL Entry: ABC Inc,84.54,"[""amount_only_match""]",amount_only,27803.29,27818.75,15.46,2024-05-03 00:00:00,2024-03-13 00:00:00,51,,,
BANK000153,GL000398,Payment to XYZ Corp,GL Entry: XYZ CORP,12.27,"[""amount_only_match""]",amount_only,22463.91,22376.18,87.73,2024-01-09 00:00:00,2024-01-22 00:00:00,13,,,
BANK000154,GL000724,Payment to Software House,GL Entry: Tech Solutions,94.91,"[""amount_only_match""]",amount_only,34620.18,34625.27,5.09,2024-06-05 00:00:00,2024-10-31 00:00:00,148,,,
BANK000155,GL000597,Payment to Audit Solutions,GL Entry: Smith & Co,33.12,"[""amount_only_match""]",amount_only,27718.3,27651.42,66.88,2024-06-25 00:00:00,2024-06-24 00:00:00,1,,,
BANK000156,GL000194,Payment to Consulting Group,GL Entry: Smith & Co,5.97,"[""amount_only_match""]",amount_only,16606.49,16700.52,94.03,2024-12-25 00:00:00,2024-01-29 00:00:00,331,,,
BANK000157,GL000313,Payment to Finance Partners,GL Entry: ABC INC,80.37,"[""amount_only_match""]",amount_only,11603.85,11623.48,19.63,2024-04-08 00:00:00,2024-05-11 00:00:00,33,,,
BANK000158,GL000043,Payment to Smith & Co,GL Entry: TECH SOLUTIONS,70.77,"[""amount_only_match""]",amount_only,47548.79,47578.02,29.23,2024-12-19 00:00:00,2024-12-27 00:00:00,8,,,
BANK000159,GL000384,Payment to Business Tools,GL Entry: TS Inc,10.86,"[""amount_only_match""]",amount_only,13897.33,13808.19,89.14,2024-10-28 00:00:00,2024-08-16 00:00:00,73,,,
BANK000160,GL000013,Payment to Tech Solutions,GL Entry: GLOBAL SERV,80.81,"[""amount_only_match""]",amount_only,49027.48,49008.29,19.19,2024-04-09 00:00:00,2024-07-18 00:00:00,100,,,
BANK000161,GL000040,Payment to Data Systems,GL Entry: ABC INCORPORATED,79.77,"[""amount_only_match""]",amount_only,15183.15,15203.38,20.23,2024-12-28 00:00:00,2024-06-09 00:00:00,202,,,
BANK000162,GL000103,Payment to Tech Solutions,GL Entry: TECH SOLUTIONS,8.73,"[""amount_only_match""]",amount_only,48717.32,48808.59,91.27,2024-10-10 00:00:00,2024-02-27 00:00:00,226,,,
BANK000163,GL000545,Payment to XYZ Corp,GL Entry: Global Svcs,23.12,"[""amount_only_match""]",amount_only,31929.7,31852.82,76.88,2024-09-08 00:00:00,2024-04-25 00:00:00,136,,,
BANK000164,GL000063,Payment to Consulting Group,GL Entry: TS Inc,49.53,"[""amount_only_match""]",amount_only,14288.53,14339.0,50.47,2024-09-02 00:00:00,2024-11-23 00:00:00,82,,,
BANK000165,GL000097,Payment to XYZ Corp,GL Entry: Smith & Co,5.89,"[""amount_only_match""]",amount_only,12698.67,12604.56,94.11,2024-09-01 00:00:00,2024-11-16 00:00:00,76,,,
BANK000166,GL000252,Payment to Software House,GL Entry: Global Services,48.56,"[""amount_only_match""]",amount_only,24638.15,24689.59,51.44,2024-10-22 00:00:00,2024-08-11 00:00:00,72,,,
BANK000167,GL000333,Payment to Tech Solutions,GL Entry: ABC INCORPORATED,50.48,"[""amount_only_match""]",amount_only,7544.96,7594.48,49.52,2024-10-15 00:00:00,2024-08-14 00:00:00,62,,,
BANK000168,GL000070,Payment to Business Tools,GL Entry: Global Svcs,73.49,"[""amount_only_match""]",amount_only,12484.73,12511.24,26.51,2024-10-12 00:00:00,2024-11-08 00:00:00,27,,,
BANK000169,GL000061,Payment to Business Tools,GL Entry: SMITH CO,16.46,"[""amount_only_match""]",amount_only,39557.97,39474.43,83.54,2024-04-25 00:00:00,2024-07-30 00:00:00,96,,,
BANK000170,GL000143,Payment to Cloud Services,GL Entry: ABC INC,69.87,"[""amount_only_match""]",amount_only,45434.37,45464.5,30.13,2024-06-01 00:00:00,2024-10-09 00:00:00,130,,,
BANK000171,GL000041,Payment to Cloud Services,GL Entry: TECH SOL,35.77,"[""amount_only_match""]",amount_only,28474.61,28538.84,64.23,2024-01-31 00:00:00,2024-02-26 00:00:00,26,,,
BANK000173,GL000082,Payment to Smith & Co,GL Entry: X Y Z Corp,97.88,"[""amount_only_match""]",amount_only,4151.25,4153.37,2.12,2024-05-02 00:00:00,2024-02-07 00:00:00,85,,,
BANK000174,GL001154,Payment to Digital Agency,GL Entry: TECH SOL,97.55,"[""amount_only_match""]",amount_only,233.52,231.07,2.45,2024-08-18 00:00:00,2024-05-06 00:00:00,104,,,
BANK000175,GL000011,Payment to Digital Agency,GL Entry: TS Inc,61.62,"[""amount_only_match""]",amount_only,1728.73,1767.11,38.38,2024-05-27 00:00:00,2024-12-10 00:00:00,197,,,
BANK000176,GL000032,Payment to Tech Solutions,GL Entry: XYZ Corp,47.86,"[""amount_only_match""]",amount_only,3651.87,3704.01,52.14,2024-04-29 00:00:00,2024-12-08 00:00:00,223,,,
BANK000177,GL000095,Payment to Audit Solutions,GL Entry: ABC INC,37.6,"[""amount_only_match""]",amount_only,29530.5,29592.9,62.4,2024-04-11 00:00:00,2024-06-10 00:00:00,60,,,
BANK000178,GL000244,Payment to Smith & Co,GL Entry: Tech Solutions,60.81,"[""amount_only_match""]",amount_only,32416.97,32377.78,39.19,2024-05-16 00:00:00,2024-05-23 00:00:00,7,,,
BANK000179,GL000148,Payment to Cloud Services,GL Entry: XYZ CORP.,31.86,"[""amount_only_match""]",amount_only,8379.55,8311.41,68.14,2024-06-06 00:00:00,2024-08-30 00:00:00,85,,,
BANK000180,GL000945,Payment to XYZ Corp,GL Entry: Tech Solutions,15.37,"[""amount_only_match""]",amount_only,46067.51,46152.14,84.63,2024-08-12 00:00:00,2024-09-10 00:00:00,29,,,
BANK000181,GL000782,Payment to Data Systems,GL Entry: ABC Inc,12.55,"[""amount_only_match""]",amount_only,35016.71,35104.16,87.45,2024-05-19 00:00:00,2024-12-30 00:00:00,225,,,
BANK000182,GL000105,Payment to Audit Solutions,GL Entry: GLOBAL SERVICES INC,92.47,"[""amount_only_match""]",amount_only,4114.05,4121.58,7.53,2024-01-21 00:00:00,2024-11-16 00:00:00,300,,,
BANK000183,GL000247,Payment to Global Services,GL Entry: ABC Inc.,82.43,"[""amount_only_match""]",amount_only,12593.36,12575.79,17.57,2024-02-16 00:00:00,2024-11-01 00:00:00,259,,,
BANK000184,GL000241,Payment to Business Tools,GL Entry: SMITH AND CO,54.81,"[""amount_only_match""]",amount_only,29397.43,29352.24,45.19,2024-01-11 00:00:00,2024-10-28 00:00:00,291,,,
BANK000185,GL000491,Payment to Consulting Group,GL Entry: ABC INCORPORATED,97.79,"[""amount_only_match""]",amount_only,28854.72,28852.51,2.21,2024-03-30 00:00:00,2024-12-06 00:00:00,251,,,
BANK000186,GL000090,Payment to Cloud Services,GL Entry: Smith & Co,50.3,"[""amount_only_match""]",amount_only,45812.03,45762.33,49.7,2024-04-02 00:00:00,2024-07-23 00:00:00,112,,,
BANK000187,GL000175,Payment to Finance Partners,GL Entry: SMITH CO,32.12,"[""amount_only_match""]",amount_only,48455.86,48523.74,67.88,2024-08-28 00:00:00,2024-10-26 00:00:00,59,,,
BANK000188,GL000349,Payment to Finance Partners,GL Entry: XYZ Corporation,24.7,"[""amount_only_match""]",amount_only,33539.66,33614.96,75.3,2024-03-23 00:00:00,2024-07-16 00:00:00,115,,,
BANK000189,GL000151,Payment to Business Tools,GL Entry: Global Services Inc,62.44,"[""amount_only_match""]",amount_only,14482.07,14519.63,37.56,2024-07-24 00:00:00,2024-03-06 00:00:00,140,,,
BANK000190,GL000145,Payment to Finance Partners,GL Entry: SMITH AND CO,15.94,"[""amount_only_match""]",amount_only,4494.18,4578.24,84.06,2024-05-09 00:00:00,2024-07-21 00:00:00,73,,,
BANK000191,GL000048,Payment to Software House,GL Entry: Tech Solutions LLC,96.73,"[""amount_only_match""]",amount_only,43259.04,43262.31,3.27,2024-01-01 00:00:00,2024-02-17 00:00:00,47,,,
BANK000192,GL000008,Payment to Data Systems,GL Entry: ABC INCORPORATED,16.33,"[""amount_only_match""]",amount_only,20721.05,20804.72,83.67,2024-04-06 00:00:00,2024-07-02 00:00:00,87,,,
BANK000193,GL000033,Payment to Global Services,GL Entry: Global Svcs,88.28,"[""amount_only_match""]",amount_only,31307.9,31296.18,11.72,2024-01-27 00:00:00,2024-10-20 00:00:00,267,,,
BANK000194,GL000099,Payment to Digital Agency,GL Entry: Global Services,32.39,"[""amount_only_match""]",amount_only,46390.87,46323.26,67.61,2024-08-12 00:00:00,2024-02-20 00:00:00,174,,,
BANK000195,GL000766,Payment to Business Tools,GL Entry: XYZ CORP,7.44,"[""amount_only_match""]",amount_only,48660.03,48567.47,92.56,2024-11-07 00:00:00,2024-06-16 00:00:00,144,,,
BANK000196,GL000098,Payment to Data Systems,GL Entry: Tech Solutions,59.24,"[""amount_only_match""]",amount_only,15606.43,15565.67,40.76,2024-01-08 00:00:00,2024-04-30 00:00:00,113,,,
BANK000197,GL000023,Payment to Consulting Group,GL Entry: Global Services,16.61,"[""amount_only_match""]",amount_only,49613.63,49530.24,83.39,2024-02-28 00:00:00,2024-04-17 00:00:00,49,,,
BANK000198,GL000117,Payment to Digital Agency,GL Entry: Global Services,55.94,"[""amount_only_match""]",amount_only,41623.94,41579.88,44.06,2024-09-12 00:00:00,2024-06-17 00:00:00,87,,,
BANK000199,GL000132,Payment to Consulting Group,GL Entry: Global Svcs,69.2,"[""amount_only_match""]",amount_only,20832.97,20802.17,30.8,2024-09-04 00:00:00,2024-04-25 00:00:00,132,,,
BANK000200,GL000629,Payment to Cloud Services,GL Entry: Smith Co.,19.17,"[""amount_only_match""]",amount_only,7317.63,7398.46,80.83,2024-04-07 00:00:00,2024-08-04 00:00:00,119,,,
BANK000201,GL000204,Payment to Business Tools,GL Entry: Smith Co.,20.58,"[""amount_only_match""]",amount_only,43214.94,43294.36,79.42,2024-05-21 00:00:00,2024-07-12 00:00:00,52,,,
BANK000202,GL000417,Payment to Tech Solutions,GL Entry: Global Services,17.78,"[""amount_only_match""]",amount_only,17059.77,17141.99,82.22,2024-09-16 00:00:00,2024-03-12 00:00:00,188,,,
BANK000203,GL000647,Payment to Cloud Services,GL Entry: XYZ CORP.,48.3,"[""amount_only_match""]",amount_only,36329.94,36381.64,51.7,2024-10-27 00:00:00,2024-07-31 00:00:00,88,,,
BANK000204,GL000085,Payment to Data Systems,GL Entry: Smith & Co,24.72,"[""amount_only_match""]",amount_only,43276.5,43351.78,75.28,2024-08-16 00:00:00,2024-10-18 00:00:00,63,,,
BANK000205,GL000608,Payment to Audit Solutions,GL Entry: SMITH AND CO,1.01,"[""amount_only_match""]",amount_only,27640.68,27541.69,98.99,2024-10-05 00:00:00,2024-03-20 00:00:00,199,,,
BANK000206,GL000341,Payment to Global Services,GL Entry: XYZ Corp,65.26,"[""amount_only_match""]",amount_only,43493.12,43458.38,34.74,2024-12-23 00:00:00,2024-11-26 00:00:00,27,,,
BANK000207,GL000261,Payment to ABC Inc,GL Entry: Global Services Inc,13.72,"[""amount_only_match""]",amount_only,42815.05,42901.33,86.28,2024-07-29 00:00:00,2024-06-24 00:00:00,35,,,
BANK000208,GL000309,Payment to Audit Solutions,GL Entry: XYZ Corp,27.97,"[""amount_only_match""]",amount_only,35290.87,35362.9,72.03,2024-07-14 00:00:00,2024-02-09 00:00:00,156,,,
BANK000209,GL000177,Payment to ABC Inc,GL Entry: XYZ Corporation,93.63,"[""amount_only_match""]",amount_only,49042.83,49036.46,6.37,2024-09-10 00:00:00,2024-03-31 00:00:00,163,,,
BANK000210,GL000702,Payment to Consulting Group,GL Entry: GLOBAL SERVICES INC,78.4,"[""amount_only_match""]",amount_only,16666.54,16644.94,21.6,2024-02-21 00:00:00,2024-06-27 00:00:00,127,,,
BANK000211,GL000295,Payment to Digital Agency,GL Entry: ABC INCORPORATED,5.07,"[""amount_only_match""]",amount_only,45531.04,45436.11,94.93,2024-01-08 00:00:00,2024-05-06 00:00:00,119,,,
BANK000212,GL000410,Payment to Consulting Group,GL Entry: Tech Solutions,14.9,"[""amount_only_match""]",amount_only,48500.84,48415.74,85.1,2024-02-08 00:00:00,2024-01-20 00:00:00,19,,,
BANK000213,GL001142,Payment to Audit Solutions,GL Entry: Smith Co.,9.59,"[""amount_only_match""]",amount_only,16994.21,17084.62,90.41,2024-12-20 00:00:00,2024-10-10 00:00:00,71,,,
BANK000214,GL000371,Payment to Audit Solutions,GL Entry: Smith & Co,60.88,"[""amount_only_match""]",amount_only,42631.83,42670.95,39.12,2024-09-30 00:00:00,2024-12-30 00:00:00,91,,,
BANK000215,GL000507,Payment to Data Systems,GL Entry: Global Services,16.5,"[""amount_only_match""]",amount_only,35964.0,35880.5,83.5,2024-09-06 00:00:00,2024-01-04 00:00:00,246,,,
BANK000216,GL000174,Payment to Software House,GL Entry: XYZ CORP.,79.77,"[""amount_only_match""]",amount_only,3514.2,3493.97,20.23,2024-11-19 00:00:00,2024-11-06 00:00:00,13,,,
BANK000217,GL000047,Payment to XYZ Corp,GL Entry: ABC Inc,51.53,"[""amount_only_match""]",amount_only,37363.64,37315.17,48.47,2024-08-10 00:00:00,2024-12-01 00:00:00,113,,,
BANK000218,GL000753,Payment to Tech Solutions,GL Entry: ABC Inc.,90.27,"[""amount_only_match""]",amount_only,22239.56,22229.83,9.73,2024-12-21 00:00:00,2024-05-23 00:00:00,212,,,
BANK000219,GL000598,Payment to Tech Solutions,GL Entry: X Y Z Corp,9.71,"[""amount_only_match""]",amount_only,16286.3,16376.59,90.29,2024-01-29 00:00:00,2024-11-09 00:00:00,285,,,
BANK000220,GL000815,Payment to Audit Solutions,GL Entry: ABC Inc.,30.61,"[""amount_only_match""]",amount_only,7363.93,7294.54,69.39,2024-09-28 00:00:00,2024-02-08 00:00:00,233,,,
BANK000221,GL000277,Payment to Cloud Services,GL Entry: GLOBAL SERV,97.86,"[""amount_only_match""]",amount_only,8582.18,8584.32,2.14,2024-02-10 00:00:00,2024-01-17 00:00:00,24,,,
BANK000222,GL000400,Payment to Cloud Services,GL Entry: XYZ Corp,45.52,"[""amount_only_match""]",amount_only,34188.42,34133.94,54.48,2024-09-11 00:00:00,2024-01-13 00:00:00,242,,,
BANK000223,GL000814,Payment to Tech Solutions,GL Entry: XYZ Corp,68.95,"[""amount_only_match""]",amount_only,31931.44,31900.39,31.05,2024-08-23 00:00:00,2024-06-07 00:00:00,77,,,
BANK000224,GL000445,Payment to Data Systems,GL Entry: Global Services Inc,52.14,"[""amount_only_match""]",amount_only,45070.35,45022.49,47.86,2024-12-12 00:00:00,2024-06-12 00:00:00,183,,,
BANK000225,GL000223,Payment to Tech Solutions,GL Entry: Global Services Inc,81.85,"[""amount_only_match""]",amount_only,47267.26,47249.11,18.15,2024-10-27 00:00:00,2024-01-05 00:00:00,296,,,
BANK000226,GL001101,Payment to Tech Solutions,GL Entry: Global Services Inc,93.31,"[""amount_only_match""]",amount_only,34546.64,34539.95,6.69,2024-08-21 00:00:00,2024-01-14 00:00:00,220,,,
BANK000227,GL000382,Payment to Global Services,GL Entry: GLOBAL SERV,17.22,"[""amount_only_match""]",amount_only,42681.44,42764.22,82.78,2024-02-24 00:00:00,2024-09-10 00:00:00,199,,,
BANK000228,GL001128,Payment to Tech Solutions,GL Entry: XYZ Corp,69.33,"[""amount_only_match""]",amount_only,28783.12,28813.79,30.67,2024-12-24 00:00:00,2024-02-23 00:00:00,305,,,
BANK000229,GL000160,Payment to Tech Solutions,GL Entry: Global Services Inc,57.41,"[""amount_only_match""]",amount_only,41518.87,41561.46,42.59,2024-07-21 00:00:00,2024-07-24 00:00:00,3,,,
BANK000230,GL000272,Payment to Cloud Services,GL Entry: GLOBAL SERVICES INC,45.66,"[""amount_only_match""]",amount_only,43266.86,43212.52,54.34,2024-01-26 00:00:00,2024-11-12 00:00:00,291,,,
BANK000231,GL000453,Payment to Cloud Services,GL Entry: Smith & Co,68.92,"[""amount_only_match""]",amount_only,38809.47,38778.39,31.08,2024-04-27 00:00:00,2024-10-05 00:00:00,161,,,
BANK000233,GL000315,Payment to Software House,GL Entry: SMITH AND CO,40.55,"[""amount_only_match""]",amount_only,34074.67,34015.22,59.45,2024-03-11 00:00:00,2024-11-08 00:00:00,242,,,
BANK000234,GL000030,Payment to Tech Solutions,GL Entry: ABC Inc,40.85,"[""amount_only_match""]",amount_only,31410.16,31469.31,59.15,2024-01-21 00:00:00,2024-03-03 00:00:00,42,,,
BANK000235,GL000216,Payment to XYZ Corp,GL Entry: TECH SOLUTIONS,80.99,"[""amount_only_match""]",amount_only,29020.73,29039.74,19.01,2024-03-08 00:00:00,2024-03-11 00:00:00,3,,,
BANK000236,GL000281,Payment to Global Services,GL Entry: Smith & Co,59.82,"[""amount_only_match""]",amount_only,37399.3,37439.48,40.18,2024-03-30 00:00:00,2024-01-05 00:00:00,85,,,
BANK000237,GL000258,Payment to Data Systems,GL Entry: Global Services,71.27,"[""amount_only_match""]",amount_only,43835.38,43864.11,28.73,2024-07-06 00:00:00,2024-02-26 00:00:00,131,,,
BANK000238,GL000310,Payment to Consulting Group,GL Entry: GLOBAL SERVICES INC,97.71,"[""amount_only_match""]",amount_only,41540.58,41542.87,2.29,2024-05-11 00:00:00,2024-06-05 00:00:00,25,,,
BANK000239,GL000562,Payment to Business Tools,GL Entry: Global Svcs,69.01,"[""amount_only_match""]",amount_only,37353.31,37384.3,30.99,2024-06-22 00:00:00,2024-05-19 00:00:00,34,,,
BANK000240,GL000465,Payment to Software House,GL Entry: Tech Solutions LLC,10.48,"[""amount_only_match""]",amount_only,7123.78,7213.3,89.52,2024-04-25 00:00:00,2024-02-11 00:00:00,74,,,
BANK000241,GL000242,Payment to Finance Partners,GL Entry: X Y Z Corp,80.01,"[""amount_only_match""]",amount_only,48366.76,48386.75,19.99,2024-10-12 00:00:00,2024-07-26 00:00:00,78,,,
BANK000242,GL000140,Payment to Data Systems,GL Entry: Global Svcs,96.42,"[""amount_only_match""]",amount_only,19789.27,19792.85,3.58,2024-05-15 00:00:00,2024-02-29 00:00:00,76,,,
BANK000243,GL000674,Payment to Tech Solutions,GL Entry: XYZ Corp,22.99,"[""amount_only_match""]",amount_only,33674.14,33597.13,77.01,2024-12-10 00:00:00,2024-07-16 00:00:00,147,,,
BANK000244,GL000486,Payment to Software House,GL Entry: XYZ Corp,64.38,"[""amount_only_match""]",amount_only,47020.57,46984.95,35.62,2024-02-25 00:00:00,2024-05-07 00:00:00,72,,,
BANK000245,GL000571,Payment to Finance Partners,GL Entry: ABC Inc.,65.36,"[""amount_only_match""]",amount_only,31015.39,30980.75,34.64,2024-10-14 00:00:00,2024-04-24 00:00:00,173,,,
BANK000246,GL000848,Payment to Consulting Group,GL Entry: XYZ Corp,45.69,"[""amount_only_match""]",amount_only,32417.85,32363.54,54.31,2024-11-21 00:00:00,2024-05-15 00:00:00,190,,,
BANK000247,GL000408,Payment to Smith & Co,GL Entry: Smith & Co,73.26,"[""amount_only_match""]",amount_only,32497.05,32523.79,26.74,2024-02-29 00:00:00,2024-07-15 00:00:00,137,,,
BANK000248,GL000001,Payment to XYZ Corp,GL Entry: SMITH AND CO,33.15,"[""amount_only_match""]",amount_only,1956.89,2023.74,66.85,2024-09-09 00:00:00,2024-03-14 00:00:00,179,,,
BANK000249,GL000065,Payment to Audit Solutions,GL Entry: X Y Z Corp,74.66,"[""amount_only_match""]",amount_only,44374.24,44348.9,25.34,2024-03-10 00:00:00,2024-09-13 00:00:00,187,,,
BANK000250,GL000386,Payment to Data Systems,GL Entry: GLOBAL SERVICES INC,18.87,"[""amount_only_match""]",amount_only,47474.1,47555.23,81.13,2024-12-22 00:00:00,2024-01-17 00:00:00,340,,,
BANK000251,GL000269,Payment to XYZ Corp,GL Entry: Tech Solutions LLC,83.15,"[""amount_only_match""]",amount_only,44282.15,44299.0,16.85,2024-12-01 00:00:00,2024-08-29 00:00:00,94,,,
BANK000252,GL000214,Payment to ABC Inc,GL Entry: A B C Inc,80.36,"[""amount_only_match""]",amount_only,20464.98,20445.34,19.64,2024-05-23 00:00:00,2024-11-17 00:00:00,178,,,
BANK000253,GL000838,Payment to Finance Partners,GL Entry: TS Inc,44.07,"[""amount_only_match""]",amount_only,22224.82,22168.89,55.93,2024-04-30 00:00:00,2024-10-01 00:00:00,154,,,
BANK000254,GL000164,Payment to Software House,GL Entry: Global Services Inc,46.9,"[""amount_only_match""]",amount_only,34315.45,34368.55,53.1,2024-10-05 00:00:00,2024-12-08 00:00:00,64,,,
BANK000255,GL000769,Payment to Consulting Group,GL Entry: A B C Inc,66.11,"[""amount_only_match""]",amount_only,13866.48,13900.37,33.89,2024-03-03 00:00:00,2024-07-14 00:00:00,133,,,
BANK000256,GL000165,Payment to Cloud Services,GL Entry: Global Services,70.08,"[""amount_only_match""]",amount_only,10684.08,10654.16,29.92,2024-11-23 00:00:00,2024-07-27 00:00:00,119,,,
BANK000257,GL000538,Payment to Smith & Co,GL Entry: SMITH AND CO,63.96,"[""amount_only_match""]",amount_only,39361.05,39397.09,36.04,2024-05-04 00:00:00,2024-03-21 00:00:00,44,,,
BANK000258,GL000255,Payment to Global Services,GL Entry: ABC Inc,70.16,"[""amount_only_match""]",amount_only,3523.65,3553.49,29.84,2024-10-10 00:00:00,2024-04-15 00:00:00,178,,,
BANK000259,GL000053,Payment to Business Tools,GL Entry: ABC Inc,90.85,"[""amount_only_match""]",amount_only,16495.12,16485.97,9.15,2024-03-16 00:00:00,2024-06-12 00:00:00,88,,,
BANK000260,GL000797,Payment to Smith & Co,GL Entry: SMITH CO,11.29,"[""amount_only_match""]",amount_only,13936.01,14024.72,88.71,2024-03-15 00:00:00,2024-07-24 00:00:00,131,,,
BANK000261,GL000344,Payment to Smith & Co,GL Entry: GLOBAL SERVICES INC,96.08,"[""amount_only_match""]",amount_only,5585.32,5581.4,3.92,2024-01-14 00:00:00,2024-06-02 00:00:00,140,,,
BANK000262,GL000329,Payment to Cloud Services,GL Entry: X Y Z Corp,94.6,"[""amount_only_match""]",amount_only,39520.23,39525.63,5.4,2024-05-01 00:00:00,2024-07-20 00:00:00,80,,,
BANK000263,GL001189,Payment to Digital Agency,GL Entry: TECH SOLUTIONS,72.63,"[""amount_only_match""]",amount_only,13341.84,13369.21,27.37,2024-03-05 00:00:00,2024-02-26 00:00:00,8,,,
BANK000264,GL000326,Payment to Consulting Group,GL Entry: XYZ Corporation,9.77,"[""amount_only_match""]",amount_only,37308.7,37218.47,90.23,2024-08-31 00:00:00,2024-12-06 00:00:00,97,,,
BANK000265,GL000435,Payment to Data Systems,GL Entry: Global Services,8.85,"[""amount_only_match""]",amount_only,29723.93,29632.78,91.15,2024-08-19 00:00:00,2024-03-20 00:00:00,152,,,
BANK000266,GL000226,Payment to Data Systems,GL Entry: SMITH CO,18.38,"[""amount_only_match""]",amount_only,2263.92,2182.3,81.62,2024-12-03 00:00:00,2024-05-06 00:00:00,211,,,
BANK000267,GL000250,Payment to Consulting Group,GL Entry: XYZ CORP,91.14,"[""amount_only_match""]",amount_only,48204.91,48196.05,8.86,2024-02-01 00:00:00,2024-01-27 00:00:00,5,,,
BANK000268,GL000192,Payment to Digital Agency,GL Entry: GLOBAL SERVICES INC,62.71,"[""amount_only_match""]",amount_only,34336.27,34298.98,37.29,2024-09-08 00:00:00,2024-05-06 00:00:00,125,,,
BANK000269,GL000470,Payment to Cloud Services,GL Entry: ABC Inc.,60.61,"[""amount_only_match""]",amount_only,44973.41,44934.02,39.39,2024-06-13 00:00:00,2024-06-12 00:00:00,1,,,
BANK000271,GL000420,Payment to Data Systems,GL Entry: Smith Co.,50.13,"[""amount_only_match""]",amount_only,19107.13,19157.0,49.87,2024-11-01 00:00:00,2024-02-28 00:00:00,247,,,
BANK000273,GL000205,Payment to Digital Agency,GL Entry: ABC Inc,3.18,"[""amount_only_match""]",amount_only,32580.74,32677.56,96.82,2024-10-09 00:00:00,2024-02-13 00:00:00,239,,,
BANK000274,GL000794,Payment to Audit Solutions,GL Entry: Smith & Company,73.59,"[""amount_only_match""]",amount_only,22632.59,22659.0,26.41,2024-04-26 00:00:00,2024-04-08 00:00:00,18,,,
BANK000275,GL000273,Payment to Finance Partners,GL Entry: Global Svcs,80.9,"[""amount_only_match""]",amount_only,19996.64,20015.74,19.1,2024-02-18 00:00:00,2024-09-27 00:00:00,222,,,
BANK000276,GL000300,Payment to Software House,GL Entry: XYZ Corp,68.69,"[""amount_only_match""]",amount_only,12819.0,12787.69,31.31,2024-03-19 00:00:00,2024-08-15 00:00:00,149,,,
BANK000277,GL000107,Payment to XYZ Corp,GL Entry: XYZ Corporation,72.18,"[""amount_only_match""]",amount_only,4652.12,4624.3,27.82,2024-02-13 00:00:00,2024-05-15 00:00:00,92,,,
BANK000278,GL000125,Payment to ABC Inc,GL Entry: Smith & Company,3.79,"[""amount_only_match""]",amount_only,40607.29,40511.08,96.21,2024-10-11 00:00:00,2024-06-10 00:00:00,123,,,
BANK000279,GL000153,Payment to XYZ Corp,GL Entry: A B C Inc,31.24,"[""amount_only_match""]",amount_only,28128.0,28196.76,68.76,2024-12-09 00:00:00,2024-04-22 00:00:00,231,,,
BANK000280,GL000475,Payment to Digital Agency,GL Entry: GLOBAL SERV,11.84,"[""amount_only_match""]",amount_only,47062.38,47150.54,88.16,2024-08-04 00:00:00,2024-09-03 00:00:00,30,,,
BANK000281,GL000178,Payment to Finance Partners,GL Entry: Global Services,3.21,"[""amount_only_match""]",amount_only,14452.71,14355.92,96.79,2024-06-08 00:00:00,2024-07-12 00:00:00,34,,,
BANK000282,GL000404,Payment to Consulting Group,GL Entry: GLOBAL SERV,54.14,"[""amount_only_match""]",amount_only,10715.67,10669.81,45.86,2024-12-02 00:00:00,2024-05-13 00:00:00,203,,,
BANK000283,GL001170,Payment to Finance Partners,GL Entry: XYZ CORP,24.79,"[""amount_only_match""]",amount_only,17570.69,17645.9,75.21,2024-10-11 00:00:00,2024-01-30 00:00:00,255,,,
BANK000284,GL000773,Payment to Data Systems,GL Entry: XYZ Corporation,14.7,"[""amount_only_match""]",amount_only,28747.59,28662.29,85.3,2024-08-07 00:00:00,2024-04-17 00:00:00,112,,,
BANK000285,GL000014,Payment to Data Systems,GL Entry: ABC Inc.,83.82,"[""amount_only_match""]",amount_only,30717.31,30701.13,16.18,2024-11-25 00:00:00,2024-09-14 00:00:00,72,,,
BANK000286,GL000020,Payment to Tech Solutions,GL Entry: ABC INC,18.52,"[""amount_only_match""]",amount_only,46461.31,46542.79,81.48,2024-12-21 00:00:00,2024-03-19 00:00:00,277,,,
BANK000287,GL000190,Payment to Finance Partners,GL Entry: SMITH CO,28.07,"[""amount_only_match""]",amount_only,13736.19,13664.26,71.93,2024-06-07 00:00:00,2024-10-01 00:00:00,116,,,
BANK000288,GL000990,Payment to Software House,GL Entry: Smith Co.,70.98,"[""amount_only_match""]",amount_only,43506.15,43535.17,29.02,2024-10-16 00:00:00,2024-03-17 00:00:00,213,,,
BANK000289,GL000196,Payment to XYZ Corp,GL Entry: XYZ Corporation,60.88,"[""amount_only_match""]",amount_only,37074.36,37035.24,39.12,2024-01-16 00:00:00,2024-01-30 00:00:00,14,,,
BANK000290,GL000016,Payment to Finance Partners,GL Entry: Tech Solutions LLC,97.08,"[""amount_only_match""]",amount_only,18872.1,18869.18,2.92,2024-08-20 00:00:00,2024-05-13 00:00:00,99,,,
BANK000291,GL000546,Payment to Cloud Services,GL Entry: ABC Inc.,12.48,"[""amount_only_match""]",amount_only,36107.64,36020.12,87.52,2024-10-17 00:00:00,2024-02-04 00:00:00,256,,,
BANK000292,GL000012,Payment to Business Tools,GL Entry: ABC Inc.,61.71,"[""amount_only_match""]",amount_only,2725.18,2686.89,38.29,2024-03-21 00:00:00,2024-04-06 00:00:00,16,,,
BANK000293,GL000119,Payment to Software House,GL Entry: Tech Solutions,92.25,"[""amount_only_match""]",amount_only,4170.92,4163.17,7.75,2024-08-14 00:00:00,2024-02-02 00:00:00,194,,,
BANK000294,GL000224,Payment to Global Services,GL Entry: Smith Co.,6.95,"[""amount_only_match""]",amount_only,22158.0,22064.95,93.05,2024-05-19 00:00:00,2024-07-25 00:00:00,67,,,
BANK000295,GL000537,Payment to Tech Solutions,GL Entry: TECH SOL,44.08,"[""amount_only_match""]",amount_only,17324.13,17268.21,55.92,2024-02-26 00:00:00,2024-12-12 00:00:00,290,,,
BANK000296,GL000472,Payment to Tech Solutions,GL Entry: XYZ CORP,73.14,"[""amount_only_match""]",amount_only,24382.97,24409.83,26.86,2024-12-07 00:00:00,2024-07-25 00:00:00,135,,,
BANK000297,GL000657,Payment to ABC Inc,GL Entry: ABC INCORPORATED,2.22,"[""amount_only_match""]",amount_only,19823.64,19921.42,97.78,2024-11-02 00:00:00,2024-06-14 00:00:00,141,,,
BANK000298,GL000248,Payment to Business Tools,GL Entry: TS Inc,49.42,"[""amount_only_match""]",amount_only,15140.83,15191.41,50.58,2024-04-18 00:00:00,2024-03-31 00:00:00,18,,,
BANK000299,GL000262,Payment to ABC Inc,GL Entry: SMITH AND CO,47.24,"[""amount_only_match""]",amount_only,14543.41,14596.17,52.76,2024-03-02 00:00:00,2024-09-16 00:00:00,198,,,
BANK000300,GL000168,Payment to Data Systems,GL Entry: TECH SOL,21.35,"[""amount_only_match""]",amount_only,8867.17,8945.82,78.65,2024-07-13 00:00:00,2024-06-12 00:00:00,31,,,
BANK000301,GL000066,Payment to Business Tools,GL Entry: Smith & Co,74.68,"[""amount_only_match""]",amount_only,27980.31,27954.99,25.32,2024-12-08 00:00:00,2024-02-17 00:00:00,295,,,
BANK000302,GL000188,Payment to Audit Solutions,GL Entry: GLOBAL SERVICES INC,87.91,"[""amount_only_match""]",amount_only,43102.04,43114.13,12.09,2024-01-22 00:00:00,2024-08-09 00:00:00,200,,,
BANK000303,GL000957,Payment to Cloud Services,GL Entry: GLOBAL SERV,86.2,"[""amount_only_match""]",amount_only,46066.01,46052.21,13.8,2024-06-09 00:00:00,2024-07-06 00:00:00,27,,,
BANK000304,GL000046,Payment to Tech Solutions,GL Entry: ABC INCORPORATED,82.1,"[""amount_only_match""]",amount_only,35504.0,35486.1,17.9,2024-08-01 00:00:00,2024-09-13 00:00:00,43,,,
BANK000305,GL000973,Payment to Business Tools,GL Entry: XYZ Corporation,30.93,"[""amount_only_match""]",amount_only,48313.36,48244.29,69.07,2024-03-28 00:00:00,2024-11-10 00:00:00,227,,,
BANK000306,GL000403,Payment to XYZ Corp,GL Entry: ABC Inc.,67.65,"[""amount_only_match""]",amount_only,41618.09,41650.44,32.35,2024-07-04 00:00:00,2024-06-26 00:00:00,8,,,
BANK000307,GL000912,Payment to Audit Solutions,GL Entry: ABC INCORPORATED,49.85,"[""amount_only_match""]",amount_only,12241.49,12191.34,50.15,2024-10-28 00:00:00,2024-04-11 00:00:00,200,,,
BANK000309,GL000784,Payment to XYZ Corp,GL Entry: ABC Inc,55.1,"[""amount_only_match""]",amount_only,3911.33,3956.23,44.9,2024-11-20 00:00:00,2024-07-17 00:00:00,126,,,
BANK000310,GL000146,Payment to Finance Partners,GL Entry: GLOBAL SERV,2.23,"[""amount_only_match""]",amount_only,45305.54,45207.77,97.77,2024-06-27 00:00:00,2024-07-18 00:00:00,21,,,
BANK000312,GL000368,Payment to Business Tools,GL Entry: X Y Z Corp,67.38,"[""amount_only_match""]",amount_only,8757.6,8790.22,32.62,2024-03-19 00:00:00,2024-12-09 00:00:00,265,,,
BANK000313,GL000616,Payment to Consulting Group,GL Entry: SMITH AND CO,18.47,"[""amount_only_match""]",amount_only,8939.59,8858.06,81.53,2024-11-17 00:00:00,2024-11-30 00:00:00,13,,,
BANK000314,GL001022,Payment to Software House,GL Entry: Smith Co.,63.45,"[""amount_only_match""]",amount_only,38017.87,38054.42,36.55,2024-08-17 00:00:00,2024-09-26 00:00:00,40,,,
BANK000315,GL000025,Payment to Finance Partners,GL Entry: SMITH CO,51.13,"[""amount_only_match""]",amount_only,32185.29,32136.42,48.87,2024-11-15 00:00:00,2024-12-30 00:00:00,45,,,
BANK000316,GL000055,Payment to XYZ Corp,GL Entry: ABC Inc,73.38,"[""amount_only_match""]",amount_only,15875.33,15901.95,26.62,2024-08-13 00:00:00,2024-01-17 00:00:00,209,,,
BANK000317,GL000182,Payment to Cloud Services,GL Entry: Global Services,26.64,"[""amount_only_match""]",amount_only,15210.74,15284.1,73.36,2024-05-20 00:00:00,2024-12-13 00:00:00,207,,,
BANK000318,GL000659,Payment to Consulting Group,GL Entry: Tech Solutions,1.27,"[""amount_only_match""]",amount_only,25416.11,25514.84,98.73,2024-06-07 00:00:00,2024-11-07 00:00:00,153,,,
BANK000319,GL000121,Payment to XYZ Corp,GL Entry: XYZ Corp,89.11,"[""amount_only_match""]",amount_only,18500.01,18510.9,10.89,2024-05-26 00:00:00,2024-12-06 00:00:00,194,,,
BANK000320,GL000418,Payment to Audit Solutions,GL Entry: Tech Solutions LLC,39.57,"[""amount_only_match""]",amount_only,30788.92,30728.49,60.43,2024-09-16 00:00:00,2024-04-06 00:00:00,163,,,
BANK000321,GL000695,Payment to Consulting Group,GL Entry: SMITH CO,92.77,"[""amount_only_match""]",amount_only,47716.15,47708.92,7.23,2024-01-22 00:00:00,2024-06-14 00:00:00,144,,,
BANK000322,GL000553,Payment to Cloud Services,GL Entry: Global Svcs,1.36,"[""amount_only_match""]",amount_only,32626.69,32528.05,98.64,2024-06-13 00:00:00,2024-11-04 00:00:00,144,,,
BANK000323,GL000211,Payment to XYZ Corp,GL Entry: Smith & Co,26.27,"[""amount_only_match""]",amount_only,47890.35,47816.62,73.73,2024-08-18 00:00:00,2024-12-14 00:00:00,118,,,
BANK000324,GL000213,Payment to Data Systems,GL Entry: XYZ CORP,59.91,"[""amount_only_match""]",amount_only,49121.04,49080.95,40.09,2024-02-13 00:00:00,2024-06-28 00:00:00,136,,,
BANK000325,GL000424,Payment to Consulting Group,GL Entry: Global Services,6.66,"[""amount_only_match""]",amount_only,12462.41,12555.75,93.34,2024-08-12 00:00:00,2024-05-14 00:00:00,90,,,
BANK000326,GL000064,Payment to Tech Solutions,GL Entry: TECH SOL,56.44,"[""amount_only_match""]",amount_only,8021.44,8065.0,43.56,2024-07-09 00:00:00,2024-08-11 00:00:00,33,,,
BANK000327,GL000369,Payment to Business Tools,GL Entry: Global Svcs,24.45,"[""amount_only_match""]",amount_only,33977.0,33901.45,75.55,2024-01-27 00:00:00,2024-06-04 00:00:00,129,,,
BANK000328,GL000457,Payment to Data Systems,GL Entry: TECH SOLUTIONS,19.71,"[""amount_only_match""]",amount_only,3389.0,3308.71,80.29,2024-02-18 00:00:00,2024-01-03 00:00:00,46,,,
BANK000329,GL000345,Payment to Cloud Services,GL Entry: GLOBAL SERVICES INC,76.79,"[""amount_only_match""]",amount_only,12674.59,12697.8,23.21,2024-12-02 00:00:00,2024-07-26 00:00:00,129,,,
BANK000330,GL000180,Payment to Smith & Co,GL Entry: SMITH CO,21.68,"[""amount_only_match""]",amount_only,4166.95,4245.27,78.32,2024-12-05 00:00:00,2024-09-03 00:00:00,93,,,
BANK000331,GL000828,Payment to Software House,GL Entry: Smith Co.,42.84,"[""amount_only_match""]",amount_only,48388.06,48445.22,57.16,2024-12-23 00:00:00,2024-02-03 00:00:00,324,,,
BANK000332,GL000077,Payment to Tech Solutions,GL Entry: SMITH AND CO,54.94,"[""amount_only_match""]",amount_only,35470.82,35515.88,45.06,2024-02-13 00:00:00,2024-07-13 00:00:00,151,,,
BANK000333,GL001182,Payment to Software House,GL Entry: Smith Co.,8.79,"[""amount_only_match""]",amount_only,39603.93,39695.14,91.21,2024-03-06 00:00:00,2024-02-01 00:00:00,34,,,
BANK000334,GL000541,Payment to Software House,GL Entry: Global Svcs,97.11,"[""amount_only_match""]",amount_only,45631.15,45634.04,2.89,2024-02-17 00:00:00,2024-05-04 00:00:00,77,,,
BANK000335,GL000202,Payment to Tech Solutions,GL Entry: ABC INC,46.0,"[""amount_only_match""]",amount_only,18155.22,18209.22,54.0,2024-07-04 00:00:00,2024-07-18 00:00:00,14,,,
BANK000336,GL000602,Payment to Global Services,GL Entry: XYZ CORP,75.65,"[""amount_only_match""]",amount_only,17152.44,17176.79,24.35,2024-09-05 00:00:00,2024-03-30 00:00:00,159,,,
BANK000337,GL000015,Payment to Business Tools,GL Entry: Tech Solutions LLC,83.24,"[""amount_only_match""]",amount_only,7831.76,7815.0,16.76,2024-05-31 00:00:00,2024-12-24 00:00:00,207,,,
BANK000338,GL000075,Payment to ABC Inc,GL Entry: XYZ CORP,58.21,"[""amount_only_match""]",amount_only,41772.48,41730.69,41.79,2024-09-26 00:00:00,2024-11-19 00:00:00,54,,,
BANK000339,GL000631,Payment to Smith & Co,GL Entry: ABC Inc,95.46,"[""amount_only_match""]",amount_only,6639.35,6634.81,4.54,2024-07-11 00:00:00,2024-02-10 00:00:00,152,,,
BANK000340,GL000336,Payment to Digital Agency,GL Entry: GLOBAL SERV,45.79,"[""amount_only_match""]",amount_only,40471.28,40525.49,54.21,2024-03-25 00:00:00,2024-12-23 00:00:00,273,,,
BANK000341,GL000355,Payment to Consulting Group,GL Entry: ABC INC,51.62,"[""amount_only_match""]",amount_only,18278.54,18326.92,48.38,2024-05-01 00:00:00,2024-09-26 00:00:00,148,,,
BANK000342,GL000490,Payment to Tech Solutions,GL Entry: SMITH AND CO,86.13,"[""amount_only_match""]",amount_only,11776.75,11790.62,13.87,2024-05-02 00:00:00,2024-05-17 00:00:00,15,,,
BANK000343,GL000501,Payment to Finance Partners,GL Entry: SMITH AND CO,89.02,"[""amount_only_match""]",amount_only,45208.32,45197.34,10.98,2024-04-09 00:00:00,2024-12-10 00:00:00,245,,,
BANK000344,GL000235,Payment to Business Tools,GL Entry: Smith & Company,36.33,"[""amount_only_match""]",amount_only,49223.55,49159.88,63.67,2024-08-24 00:00:00,2024-10-10 00:00:00,47,,,
BANK000345,GL000158,Payment to Smith & Co,GL Entry: ABC INCORPORATED,56.19,"[""amount_only_match""]",amount_only,25195.04,25151.23,43.81,2024-08-02 00:00:00,2024-04-28 00:00:00,96,,,
BANK000346,GL000536,Payment to ABC Inc,GL Entry: Smith & Company,87.14,"[""amount_only_match""]",amount_only,7006.09,7018.95,12.86,2024-05-08 00:00:00,2024-07-31 00:00:00,84,,,
BANK000347,GL001014,Payment to Digital Agency,GL Entry: ABC INC,67.09,"[""amount_only_match""]",amount_only,27771.58,27804.49,32.91,2024-02-22 00:00:00,2024-01-19 00:00:00,34,,,
BANK000348,GL000423,Payment to Tech Solutions,GL Entry: TECH SOL,69.53,"[""amount_only_match""]",amount_only,14324.64,14294.17,30.47,2024-03-23 00:00:00,2024-08-09 00:00:00,139,,,
BANK000349,GL000993,Payment to XYZ Corp,GL Entry: Smith & Company,85.76,"[""amount_only_match""]",amount_only,7452.7,7438.46,14.24,2024-08-11 00:00:00,2024-04-27 00:00:00,106,,,
BANK000350,GL000819,Payment to ABC Inc,GL Entry: ABC Inc,62.19,"[""amount_only_match""]",amount_only,40853.49,40891.3,37.81,2024-06-27 00:00:00,2024-05-31 00:00:00,27,,,
BANK000351,GL000163,Payment to Audit Solutions,GL Entry: Tech Solutions LLC,8.16,"[""amount_only_match""]",amount_only,25150.16,25242.0,91.84,2024-04-30 00:00:00,2024-10-21 00:00:00,174,,,
BANK000352,GL000159,Payment to XYZ Corp,GL Entry: TECH SOLUTIONS,19.74,"[""amount_only_match""]",amount_only,11304.48,11384.74,80.26,2024-06-12 00:00:00,2024-05-13 00:00:00,30,,,
BANK000354,GL000432,Payment to Digital Agency,GL Entry: ABC Inc.,99.47,"[""amount_only_match""]",amount_only,45878.07,45878.6,0.53,2024-08-29 00:00:00,2024-01-10 00:00:00,232,,,
BANK000355,GL000885,Payment to XYZ Corp,GL Entry: Global Services,85.79,"[""amount_only_match""]",amount_only,22485.21,22471.0,14.21,2024-01-03 00:00:00,2024-06-11 00:00:00,160,,,
BANK000356,GL000526,Payment to Data Systems,GL Entry: Global Svcs,12.52,"[""amount_only_match""]",amount_only,10861.17,10773.69,87.48,2024-03-17 00:00:00,2024-04-04 00:00:00,18,,,
BANK000357,GL000084,Payment to Business Tools,GL Entry: Tech Solutions LLC,28.89,"[""amount_only_match""]",amount_only,26435.8,26364.69,71.11,2024-02-26 00:00:00,2024-05-23 00:00:00,87,,,
BANK000358,GL000104,Payment to Audit Solutions,GL Entry: Smith Co.,14.83,"[""amount_only_match""]",amount_only,6180.23,6265.4,85.17,2024-05-02 00:00:00,2024-04-19 00:00:00,13,,,
BANK000359,GL000251,Payment to Consulting Group,GL Entry: TECH SOLUTIONS,34.25,"[""amount_only_match""]",amount_only,22909.97,22844.22,65.75,2024-02-26 00:00:00,2024-05-12 00:00:00,76,,,
BANK000360,GL000136,Payment to Global Services,GL Entry: XYZ CORP.,76.55,"[""amount_only_match""]",amount_only,31634.55,31658.0,23.45,2024-10-21 00:00:00,2024-03-24 00:00:00,211,,,
BANK000361,GL001076,Payment to Finance Partners,GL Entry: Smith & Co,45.98,"[""amount_only_match""]",amount_only,21519.02,21465.0,54.02,2024-11-10 00:00:00,2024-03-27 00:00:00,228,,,
BANK000362,GL000954,Payment to XYZ Corp,GL Entry: ABC INCORPORATED,2.56,"[""amount_only_match""]",amount_only,9446.96,9544.4,97.44,2024-12-08 00:00:00,2024-02-26 00:00:00,286,,,
BANK000363,GL000346,Payment to Data Systems,GL Entry: SMITH CO,3.14,"[""amount_only_match""]",amount_only,3477.2,3574.06,96.86,2024-09-26 00:00:00,2024-10-24 00:00:00,28,,,
BANK000364,GL000623,Payment to Consulting Group,GL Entry: Smith & Co,13.34,"[""amount_only_match""]",amount_only,27752.18,27665.52,86.66,2024-07-18 00:00:00,2024-06-14 00:00:00,34,,,
BANK000365,GL000260,Payment to Tech Solutions,GL Entry: Tech Solutions,58.49,"[""amount_only_match""]",amount_only,19405.38,19363.87,41.51,2024-07-10 00:00:00,2024-01-28 00:00:00,164,,,
BANK000366,GL000823,Payment to Global Services,GL Entry: TECH SOL,52.95,"[""amount_only_match""]",amount_only,39447.15,39400.1,47.05,2024-06-25 00:00:00,2024-08-16 00:00:00,52,,,
BANK000367,GL000539,Payment to Digital Agency,GL Entry: XYZ Corp,88.84,"[""amount_only_match""]",amount_only,5272.83,5261.67,11.16,2024-10-24 00:00:00,2024-10-06 00:00:00,18,,,
BANK000368,GL000229,Payment to Finance Partners,GL Entry: Smith Co.,85.37,"[""amount_only_match""]",amount_only,2312.35,2326.98,14.63,2024-10-06 00:00:00,2024-11-08 00:00:00,33,,,
BANK000369,GL000354,Payment to Consulting Group,GL Entry: Global Services,50.86,"[""amount_only_match""]",amount_only,41536.14,41487.0,49.14,2024-12-16 00:00:00,2024-01-01 00:00:00,350,,,
BANK000370,GL000508,Payment to XYZ Corp,GL Entry: ABC Inc,48.1,"[""amount_only_match""]",amount_only,31623.62,31571.72,51.9,2024-03-10 00:00:00,2024-11-09 00:00:00,244,,,
BANK000371,GL000528,Payment to ABC Inc,GL Entry: ABC Inc,20.3,"[""amount_only_match""]",amount_only,1945.49,1865.79,79.7,2024-04-13 00:00:00,2024-02-23 00:00:00,50,,,
BANK000372,GL000209,Payment to Data Systems,GL Entry: SMITH CO,48.13,"[""amount_only_match""]",amount_only,15848.23,15900.1,51.87,2024-06-07 00:00:00,2024-01-03 00:00:00,156,,,
BANK000373,GL000291,Payment to Business Tools,GL Entry: Smith & Company,13.56,"[""amount_only_match""]",amount_only,23722.65,23809.09,86.44,2024-01-19 00:00:00,2024-10-21 00:00:00,276,,,
BANK000374,GL000186,Payment to Software House,GL Entry: XYZ Corporation,17.56,"[""amount_only_match""]",amount_only,17913.01,17995.45,82.44,2024-01-25 00:00:00,2024-12-27 00:00:00,337,,,
BANK000375,GL000324,Payment to Audit Solutions,GL Entry: Global Services,51.02,"[""amount_only_match""]",amount_only,39987.19,39938.21,48.98,2024-08-11 00:00:00,2024-12-10 00:00:00,121,,,
BANK000377,GL000668,Payment to Tech Solutions,GL Entry: Smith Co.,9.86,"[""amount_only_match""]",amount_only,46223.09,46313.23,90.14,2024-09-22 00:00:00,2024-04-15 00:00:00,160,,,
BANK000378,GL000297,Payment to Smith & Co,GL Entry: Global Svcs,87.19,"[""amount_only_match""]",amount_only,4038.46,4025.65,12.81,2024-11-04 00:00:00,2024-01-09 00:00:00,300,,,
BANK000379,GL000953,Payment to Software House,GL Entry: Smith & Co,0.4,"[""amount_only_match""]",amount_only,5219.64,5120.04,99.6,2024-06-16 00:00:00,2024-01-15 00:00:00,153,,,
BANK000380,GL000170,Payment to Smith & Co,GL Entry: XYZ CORP.,5.65,"[""amount_only_match""]",amount_only,30170.82,30076.47,94.35,2024-08-06 00:00:00,2024-06-29 00:00:00,38,,,
BANK000381,GL000579,Payment to Cloud Services,GL Entry: Global Services,37.12,"[""amount_only_match""]",amount_only,22411.77,22348.89,62.88,2024-06-29 00:00:00,2024-11-10 00:00:00,134,,,
BANK000382,GL000494,Payment to XYZ Corp,GL Entry: GLOBAL SERVICES INC,71.47,"[""amount_only_match""]",amount_only,32009.52,32038.05,28.53,2024-01-30 00:00:00,2024-10-30 00:00:00,274,,,
BANK000383,GL000810,Payment to Smith & Co,GL Entry: Tech Solutions,33.23,"[""amount_only_match""]",amount_only,18229.23,18296.0,66.77,2024-12-13 00:00:00,2024-06-01 00:00:00,195,,,
BANK000384,GL000824,Payment to Business Tools,GL Entry: Smith Co.,60.4,"[""amount_only_match""]",amount_only,42448.6,42409.0,39.6,2024-12-13 00:00:00,2024-06-26 00:00:00,170,,,
BANK000385,GL000449,Payment to Finance Partners,GL Entry: XYZ Corporation,61.91,"[""amount_only_match""]",amount_only,3454.94,3493.03,38.09,2024-11-26 00:00:00,2024-07-13 00:00:00,136,,,
BANK000386,GL000426,Payment to Software House,GL Entry: Global Services Inc,33.15,"[""amount_only_match""]",amount_only,1716.03,1782.88,66.85,2024-03-19 00:00:00,2024-12-08 00:00:00,264,,,
BANK000387,GL000818,Payment to Cloud Services,GL Entry: ABC Inc,54.53,"[""amount_only_match""]",amount_only,18663.47,18618.0,45.47,2024-02-09 00:00:00,2024-03-22 00:00:00,42,,,
BANK000388,GL000628,Payment to Tech Solutions,GL Entry: TECH SOL,97.65,"[""amount_only_match""]",amount_only,19961.9,19959.55,2.35,2024-11-28 00:00:00,2024-07-01 00:00:00,150,,,
BANK000389,GL000772,Payment to Consulting Group,GL Entry: Tech Solutions,23.96,"[""amount_only_match""]",amount_only,1393.08,1317.04,76.04,2024-04-05 00:00:00,2024-07-18 00:00:00,104,,,
BANK000390,GL000564,Payment to Digital Agency,GL Entry: ABC Inc,56.37,"[""amount_only_match""]",amount_only,5976.27,5932.64,43.63,2024-05-13 00:00:00,2024-10-29 00:00:00,169,,,
BANK000391,GL000425,Payment to Global Services,GL Entry: TECH SOLUTIONS,75.85,"[""amount_only_match""]",amount_only,14350.29,14326.14,24.15,2024-09-08 00:00:00,2024-01-24 00:00:00,228,,,
BANK000392,GL000110,Payment to Consulting Group,GL Entry: A B C Inc,1.58,"[""amount_only_match""]",amount_only,22656.93,22755.35,98.42,2024-12-31 00:00:00,2024-04-11 00:00:00,264,,,
BANK000394,GL000612,Payment to Tech Solutions,GL Entry: ABC Inc.,80.99,"[""amount_only_match""]",amount_only,27544.86,27563.87,19.01,2024-05-28 00:00:00,2024-12-08 00:00:00,194,,,
BANK000395,GL000479,Payment to Data Systems,GL Entry: XYZ Corporation,40.67,"[""amount_only_match""]",amount_only,8787.14,8727.81,59.33,2024-07-04 00:00:00,2024-07-20 00:00:00,16,,,
BANK000397,GL000675,Payment to Consulting Group,GL Entry: X Y Z Corp,18.82,"[""amount_only_match""]",amount_only,27745.67,27664.49,81.18,2024-07-07 00:00:00,2024-11-01 00:00:00,117,,,
BANK000398,GL000801,Payment to XYZ Corp,GL Entry: Global Services,16.53,"[""amount_only_match""]",amount_only,6575.58,6659.05,83.47,2024-02-14 00:00:00,2024-07-15 00:00:00,152,,,
BANK000399,GL000274,Payment to Cloud Services,GL Entry: Smith & Company,74.71,"[""amount_only_match""]",amount_only,26332.21,26357.5,25.29,2024-07-28 00:00:00,2024-01-20 00:00:00,190,,,
BANK000400,GL000484,Payment to XYZ Corp,GL Entry: Tech Solutions LLC,15.06,"[""amount_only_match""]",amount_only,48621.75,48536.81,84.94,2024-11-24 00:00:00,2024-06-08 00:00:00,169,,,
BANK000401,GL000455,Payment to Business Tools,GL Entry: XYZ Corp,91.13,"[""amount_only_match""]",amount_only,25916.26,25907.39,8.87,2024-03-06 00:00:00,2024-10-22 00:00:00,230,,,
BANK000402,GL000004,Payment to Audit Solutions,GL Entry: ABC Inc.,93.84,"[""amount_only_match""]",amount_only,9179.96,9173.8,6.16,2024-03-07 00:00:00,2024-10-23 00:00:00,230,,,
BANK000403,GL000663,Payment to Smith & Co,GL Entry: TECH SOL,59.23,"[""amount_only_match""]",amount_only,41586.4,41545.63,40.77,2024-09-22 00:00:00,2024-11-11 00:00:00,50,,,
BANK000404,GL000552,Payment to Global Services,GL Entry: XYZ Corp,8.77,"[""amount_only_match""]",amount_only,16200.77,16109.54,91.23,2024-12-29 00:00:00,2024-01-15 00:00:00,349,,,
BANK000405,GL000275,Payment to Tech Solutions,GL Entry: SMITH AND CO,88.29,"[""amount_only_match""]",amount_only,44756.8,44745.09,11.71,2024-02-10 00:00:00,2024-10-21 00:00:00,254,,,
BANK000407,GL000245,Payment to Cloud Services,GL Entry: Tech Solutions LLC,8.05,"[""amount_only_match""]",amount_only,25178.4,25270.35,91.95,2024-03-27 00:00:00,2024-11-29 00:00:00,247,,,
BANK000408,GL000481,Payment to Digital Agency,GL Entry: Tech Solutions LLC,24.31,"[""amount_only_match""]",amount_only,8642.91,8718.6,75.69,2024-11-15 00:00:00,2024-03-02 00:00:00,258,,,
BANK000409,GL000322,Payment to ABC Inc,GL Entry: SMITH AND CO,85.54,"[""amount_only_match""]",amount_only,42142.25,42156.71,14.46,2024-10-15 00:00:00,2024-03-31 00:00:00,198,,,
BANK000410,GL000381,Payment to Business Tools,GL Entry: Smith Co.,85.61,"[""amount_only_match""]",amount_only,4153.02,4167.41,14.39,2024-11-24 00:00:00,2024-02-21 00:00:00,277,,,
BANK000411,GL000679,Payment to Audit Solutions,GL Entry: ABC Inc,89.61,"[""amount_only_match""]",amount_only,10619.34,10608.95,10.39,2024-10-19 00:00:00,2024-07-09 00:00:00,102,,,
BANK000412,GL000081,Payment to Data Systems,GL Entry: XYZ Corp,69.05,"[""amount_only_match""]",amount_only,24952.1,24921.15,30.95,2024-11-17 00:00:00,2024-11-17 00:00:00,0,,,
BANK000413,GL000561,Payment to Audit Solutions,GL Entry: X Y Z Corp,98.15,"[""amount_only_match""]",amount_only,24198.95,24200.8,1.85,2024-12-16 00:00:00,2024-07-11 00:00:00,158,,,
BANK000414,GL000237,Payment to Consulting Group,GL Entry: GLOBAL SERVICES INC,61.53,"[""amount_only_match""]",amount_only,34461.82,34423.35,38.47,2024-03-21 00:00:00,2024-05-16 00:00:00,56,,,
BANK000415,GL000495,Payment to Smith & Co,GL Entry: ABC Inc,49.11,"[""amount_only_match""]",amount_only,10280.75,10331.64,50.89,2024-11-06 00:00:00,2024-08-06 00:00:00,92,,,
BANK000416,GL000621,Payment to Audit Solutions,GL Entry: ABC Inc.,91.77,"[""amount_only_match""]",amount_only,36736.57,36744.8,8.23,2024-06-25 00:00:00,2024-12-02 00:00:00,160,,,
BANK000417,GL000002,Payment to Finance Partners,GL Entry: TS Inc,55.01,"[""amount_only_match""]",amount_only,25797.51,25752.52,44.99,2024-02-24 00:00:00,2024-11-15 00:00:00,265,,,
BANK000418,GL000600,Payment to Smith & Co,GL Entry: Smith & Co,26.66,"[""amount_only_match""]",amount_only,13446.84,13520.18,73.34,2024-05-06 00:00:00,2024-05-15 00:00:00,9,,,
BANK000419,GL001104,Payment to Cloud Services,GL Entry: Smith Co.,4.89,"[""amount_only_match""]",amount_only,14581.58,14486.47,95.11,2024-07-15 00:00:00,2024-06-20 00:00:00,25,,,
BANK000420,GL000834,Payment to Digital Agency,GL Entry: GLOBAL SERVICES INC,1.86,"[""amount_only_match""]",amount_only,40692.54,40594.4,98.14,2024-10-22 00:00:00,2024-12-09 00:00:00,48,,,
BANK000421,GL000551,Payment to Consulting Group,GL Entry: GLOBAL SERV,31.55,"[""amount_only_match""]",amount_only,24963.45,24895.0,68.45,2024-09-20 00:00:00,2024-05-02 00:00:00,141,,,
BANK000422,GL000687,Payment to Audit Solutions,GL Entry: XYZ CORP,34.35,"[""amount_only_match""]",amount_only,24918.78,24853.13,65.65,2024-02-16 00:00:00,2024-04-19 00:00:00,63,,,
BANK000423,GL000841,Payment to ABC Inc,GL Entry: ABC Inc.,16.3,"[""amount_only_match""]",amount_only,10835.71,10752.01,83.7,2024-06-29 00:00:00,2024-09-14 00:00:00,77,,,
BANK000424,GL000102,Payment to Software House,GL Entry: SMITH CO,97.01,"[""amount_only_match""]",amount_only,24795.22,24798.21,2.99,2024-11-30 00:00:00,2024-09-04 00:00:00,87,,,
BANK000425,GL000807,Payment to Audit Solutions,GL Entry: Smith & Co,95.24,"[""amount_only_match""]",amount_only,508.05,503.29,4.76,2024-02-25 00:00:00,2024-02-10 00:00:00,15,,,
BANK000426,GL000557,Payment to Finance Partners,GL Entry: Global Services Inc,42.3,"[""amount_only_match""]",amount_only,36402.65,36460.35,57.7,2024-07-25 00:00:00,2024-01-31 00:00:00,176,,,
BANK000427,GL000266,Payment to Global Services,GL Entry: XYZ CORP,0.74,"[""amount_only_match""]",amount_only,2652.77,2553.51,99.26,2024-10-14 00:00:00,2024-09-23 00:00:00,21,,,
BANK000428,GL000402,Payment to Consulting Group,GL Entry: TECH SOLUTIONS,65.33,"[""amount_only_match""]",amount_only,3769.23,3734.56,34.67,2024-09-15 00:00:00,2024-07-01 00:00:00,76,,,
BANK000429,GL000122,Payment to Software House,GL Entry: Smith & Co,22.26,"[""amount_only_match""]",amount_only,41283.03,41360.77,77.74,2024-11-15 00:00:00,2024-07-14 00:00:00,124,,,
BANK000430,GL000437,Payment to Finance Partners,GL Entry: X Y Z Corp,70.1,"[""amount_only_match""]",amount_only,48756.63,48786.53,29.9,2024-07-20 00:00:00,2024-08-22 00:00:00,33,,,
BANK000431,GL000118,Payment to Business Tools,GL Entry: GLOBAL SERVICES INC,82.24,"[""amount_only_match""]",amount_only,27935.81,27918.05,17.76,2024-07-06 00:00:00,2024-10-05 00:00:00,91,,,
BANK000432,GL000218,Payment to ABC Inc,GL Entry: XYZ CORP,85.29,"[""amount_only_match""]",amount_only,25505.21,25519.92,14.71,2024-09-13 00:00:00,2024-11-10 00:00:00,58,,,
BANK000433,GL000568,Payment to Business Tools,GL Entry: GLOBAL SERVICES INC,38.94,"[""amount_only_match""]",amount_only,6938.12,6877.06,61.06,2024-06-19 00:00:00,2024-05-21 00:00:00,29,,,
BANK000434,GL000638,Payment to Smith & Co,GL Entry: Global Services,60.55,"[""amount_only_match""]",amount_only,7532.14,7571.59,39.45,2024-09-20 00:00:00,2024-05-10 00:00:00,133,,,
BANK000435,GL000113,Payment to Cloud Services,GL Entry: ABC INC,97.15,"[""amount_only_match""]",amount_only,15994.65,15991.8,2.85,2024-07-20 00:00:00,2024-06-26 00:00:00,24,,,
BANK000436,GL001082,Payment to Data Systems,GL Entry: GLOBAL SERV,96.46,"[""amount_only_match""]",amount_only,29726.86,29723.32,3.54,2024-09-16 00:00:00,2024-11-29 00:00:00,74,,,
BANK000437,GL000299,Payment to Finance Partners,GL Entry: Smith & Co,18.38,"[""amount_only_match""]",amount_only,15059.55,14977.93,81.62,2024-01-09 00:00:00,2024-07-01 00:00:00,174,,,
BANK000438,GL000534,Payment to Tech Solutions,GL Entry: XYZ CORP,73.92,"[""amount_only_match""]",amount_only,48996.91,48970.83,26.08,2024-10-25 00:00:00,2024-07-12 00:00:00,105,,,
BANK000439,GL000057,Payment to Tech Solutions,GL Entry: GLOBAL SERVICES INC,33.12,"[""amount_only_match""]",amount_only,1429.69,1496.57,66.88,2024-08-30 00:00:00,2024-04-26 00:00:00,126,,,
BANK000440,GL000592,Payment to Cloud Services,GL Entry: ABC Inc,41.06,"[""amount_only_match""]",amount_only,28923.96,28982.9,58.94,2024-01-27 00:00:00,2024-11-08 00:00:00,286,,,
BANK000441,GL000458,Payment to Business Tools,GL Entry: Tech Solutions,78.27,"[""amount_only_match""]",amount_only,31488.36,31466.63,21.73,2024-11-13 00:00:00,2024-06-28 00:00:00,138,,,
BANK000442,GL000003,Payment to ABC Inc,GL Entry: Global Services,28.08,"[""amount_only_match""]",amount_only,41100.9,41028.98,71.92,2024-05-04 00:00:00,2024-02-19 00:00:00,75,,,
BANK000443,GL000563,Payment to Finance Partners,GL Entry: XYZ CORP,53.39,"[""amount_only_match""]",amount_only,9620.14,9573.53,46.61,2024-08-13 00:00:00,2024-07-16 00:00:00,28,,,
BANK000444,GL001103,Payment to Data Systems,GL Entry: Tech Solutions,81.57,"[""amount_only_match""]",amount_only,34555.96,34574.39,18.43,2024-07-29 00:00:00,2024-01-27 00:00:00,184,,,
BANK000446,GL000751,Payment to Consulting Group,GL Entry: Smith & Company,71.05,"[""amount_only_match""]",amount_only,28088.25,28059.3,28.95,2024-12-05 00:00:00,2024-09-04 00:00:00,92,,,
BANK000447,GL000959,Payment to Data Systems,GL Entry: ABC INCORPORATED,44.11,"[""amount_only_match""]",amount_only,47838.61,47782.72,55.89,2024-08-23 00:00:00,2024-10-09 00:00:00,47,,,
BANK000448,GL000387,Payment to Software House,GL Entry: Global Svcs,89.98,"[""amount_only_match""]",amount_only,33825.84,33835.86,10.02,2024-12-14 00:00:00,2024-09-25 00:00:00,80,,,
BANK000449,GL000850,Payment to Global Services,GL Entry: XYZ Corp,40.82,"[""amount_only_match""]",amount_only,30542.82,30602.0,59.18,2024-04-08 00:00:00,2024-01-14 00:00:00,85,,,
BANK000450,GL000219,Payment to Business Tools,GL Entry: Smith & Company,82.72,"[""amount_only_match""]",amount_only,11320.87,11338.15,17.28,2024-06-01 00:00:00,2024-02-01 00:00:00,121,,,
BANK000452,GL000051,Payment to Tech Solutions,GL Entry: XYZ CORP.,21.69,"[""amount_only_match""]",amount_only,46691.65,46769.96,78.31,2024-05-20 00:00:00,2024-03-17 00:00:00,64,,,
BANK000453,GL000671,Payment to Finance Partners,GL Entry: ABC Inc,19.61,"[""amount_only_match""]",amount_only,27205.22,27124.83,80.39,2024-07-21 00:00:00,2024-07-11 00:00:00,10,,,
BANK000456,GL000356,Payment to Tech Solutions,GL Entry: GLOBAL SERVICES INC,46.0,"[""amount_only_match""]",amount_only,10183.19,10129.19,54.0,2024-10-02 00:00:00,2024-09-28 00:00:00,4,,,
BANK000457,GL000895,Payment to Digital Agency,GL Entry: X Y Z Corp,14.65,"[""amount_only_match""]",amount_only,6949.92,6864.57,85.35,2024-11-11 00:00:00,2024-05-11 00:00:00,184,,,
BANK000458,GL000393,Payment to Global Services,GL Entry: Tech Solutions,95.25,"[""amount_only_match""]",amount_only,2633.19,2628.44,4.75,2024-09-28 00:00:00,2024-08-12 00:00:00,47,,,
BANK000459,GL000796,Payment to Digital Agency,GL Entry: Global Services Inc,99.98,"[""amount_only_match""]",amount_only,5099.88,5099.86,0.02,2024-06-18 00:00:00,2024-05-07 00:00:00,42,,,
BANK000460,GL000187,Payment to Data Systems,GL Entry: XYZ CORP,68.63,"[""amount_only_match""]",amount_only,38561.23,38529.86,31.37,2024-01-03 00:00:00,2024-11-24 00:00:00,326,,,
BANK000461,GL000419,Payment to Consulting Group,GL Entry: ABC INCORPORATED,68.96,"[""amount_only_match""]",amount_only,20404.68,20373.64,31.04,2024-08-31 00:00:00,2024-05-23 00:00:00,100,,,
BANK000462,GL000256,Payment to ABC Inc,GL Entry: Tech Solutions,53.39,"[""amount_only_match""]",amount_only,16126.27,16079.66,46.61,2024-11-26 00:00:00,2024-11-06 00:00:00,20,,,
BANK000463,GL000694,Payment to Data Systems,GL Entry: Smith & Co,18.83,"[""amount_only_match""]",amount_only,32649.71,32730.88,81.17,2024-04-28 00:00:00,2024-02-14 00:00:00,74,,,
BANK000464,GL000604,Payment to Audit Solutions,GL Entry: Global Svcs,21.66,"[""amount_only_match""]",amount_only,45670.16,45591.82,78.34,2024-03-30 00:00:00,2024-03-17 00:00:00,13,,,
BANK000465,GL000755,Payment to Audit Solutions,GL Entry: ABC Inc,51.88,"[""amount_only_match""]",amount_only,46702.74,46654.62,48.12,2024-01-19 00:00:00,2024-03-10 00:00:00,51,,,
BANK000466,GL000306,Payment to ABC Inc,GL Entry: XYZ Corporation,52.25,"[""amount_only_match""]",amount_only,46836.78,46884.53,47.75,2024-05-28 00:00:00,2024-05-11 00:00:00,17,,,
BANK000467,GL000293,Payment to Finance Partners,GL Entry: SMITH CO,18.86,"[""amount_only_match""]",amount_only,28441.3,28360.16,81.14,2024-02-24 00:00:00,2024-05-19 00:00:00,85,,,
BANK000468,GL000774,Payment to Smith & Co,GL Entry: GLOBAL SERVICES INC,66.31,"[""amount_only_match""]",amount_only,27210.69,27177.0,33.69,2024-09-09 00:00:00,2024-07-07 00:00:00,64,,,
BANK000469,GL000039,Payment to Finance Partners,GL Entry: SMITH AND CO,3.82,"[""amount_only_match""]",amount_only,13714.57,13618.39,96.18,2024-02-27 00:00:00,2024-10-02 00:00:00,218,,,
BANK000470,GL001056,Payment to ABC Inc,GL Entry: XYZ Corp,22.82,"[""amount_only_match""]",amount_only,32449.44,32526.62,77.18,2024-04-05 00:00:00,2024-01-17 00:00:00,79,,,
BANK000471,GL000926,Payment to Smith & Co,GL Entry: XYZ Corp,4.71,"[""amount_only_match""]",amount_only,28432.28,28527.57,95.29,2024-04-08 00:00:00,2024-01-29 00:00:00,70,,,
BANK000472,GL000723,Payment to Data Systems,GL Entry: XYZ Corp,21.73,"[""amount_only_match""]",amount_only,44862.43,44940.7,78.27,2024-08-06 00:00:00,2024-08-14 00:00:00,8,,,
BANK000473,GL000392,Payment to Smith & Co,GL Entry: XYZ Corp,62.7,"[""amount_only_match""]",amount_only,33495.87,33458.57,37.3,2024-04-04 00:00:00,2024-11-03 00:00:00,213,,,
BANK000474,GL001175,Payment to Global Services,GL Entry: XYZ CORP,47.18,"[""amount_only_match""]",amount_only,440.82,388.0,52.82,2024-07-15 00:00:00,2024-08-01 00:00:00,17,,,
BANK000475,GL000907,Payment to Cloud Services,GL Entry: TECH SOLUTIONS,25.89,"[""amount_only_match""]",amount_only,47706.34,47632.23,74.11,2024-06-03 00:00:00,2024-05-18 00:00:00,16,,,
BANK000476,GL000331,Payment to Digital Agency,GL Entry: XYZ Corporation,26.5,"[""amount_only_match""]",amount_only,13151.5,13078.0,73.5,2024-07-03 00:00:00,2024-07-19 00:00:00,16,,,
BANK000477,GL000639,Payment to Smith & Co,GL Entry: ABC Inc,15.1,"[""amount_only_match""]",amount_only,5999.42,6084.32,84.9,2024-06-06 00:00:00,2024-04-07 00:00:00,60,,,
BANK000479,GL000842,Payment to Finance Partners,GL Entry: SMITH AND CO,38.7,"[""amount_only_match""]",amount_only,31971.7,32033.0,61.3,2024-05-31 00:00:00,2024-12-21 00:00:00,204,,,
BANK000481,GL001152,Payment to Data Systems,GL Entry: Smith & Company,35.68,"[""amount_only_match""]",amount_only,18743.88,18808.2,64.32,2024-12-25 00:00:00,2024-01-28 00:00:00,332,,,
BANK000482,GL000312,Payment to Business Tools,GL Entry: XYZ Corp,29.3,"[""amount_only_match""]",amount_only,40119.55,40190.25,70.7,2024-04-21 00:00:00,2024-02-14 00:00:00,67,,,
BANK000484,GL000707,Payment to XYZ Corp,GL Entry: A B C Inc,55.72,"[""amount_only_match""]",amount_only,3997.33,4041.61,44.28,2024-10-15 00:00:00,2024-02-02 00:00:00,256,,,
BANK000485,GL000323,Payment to Global Services,GL Entry: Global Services,99.18,"[""amount_only_match""]",amount_only,27427.7,27428.52,0.82,2024-09-15 00:00:00,2024-10-12 00:00:00,27,,,
BANK000486,GL000239,Payment to Consulting Group,GL Entry: Global Services Inc,98.97,"[""amount_only_match""]",amount_only,8310.4,8309.37,1.03,2024-09-23 00:00:00,2024-03-20 00:00:00,187,,,
BANK000487,GL000364,Payment to XYZ Corp,GL Entry: ABC INC,61.72,"[""amount_only_match""]",amount_only,35874.21,35835.93,38.28,2024-09-07 00:00:00,2024-07-28 00:00:00,41,,,
BANK000488,GL000626,Payment to Smith & Co,GL Entry: XYZ Corp,36.9,"[""amount_only_match""]",amount_only,40453.73,40516.83,63.1,2024-08-20 00:00:00,2024-10-12 00:00:00,53,,,
BANK000489,GL001019,Payment to Consulting Group,GL Entry: X Y Z Corp,4.27,"[""amount_only_match""]",amount_only,28239.17,28334.9,95.73,2024-10-13 00:00:00,2024-07-07 00:00:00,98,,,
BANK000490,GL001004,Payment to Tech Solutions,GL Entry: Global Svcs,94.84,"[""amount_only_match""]",amount_only,36191.68,36196.84,5.16,2024-07-21 00:00:00,2024-10-18 00:00:00,89,,,
BANK000491,GL000744,Payment to Audit Solutions,GL Entry: Tech Solutions,73.73,"[""amount_only_match""]",amount_only,28957.73,28984.0,26.27,2024-01-24 00:00:00,2024-06-08 00:00:00,136,,,
BANK000492,GL000803,Payment to XYZ Corp,GL Entry: Global Services Inc,5.44,"[""amount_only_match""]",amount_only,27104.06,27009.5,94.56,2024-01-31 00:00:00,2024-06-20 00:00:00,141,,,
BANK000493,GL000618,Payment to Smith & Co,GL Entry: Global Services,32.66,"[""amount_only_match""]",amount_only,1683.57,1750.91,67.34,2024-07-28 00:00:00,2024-09-16 00:00:00,50,,,
BANK000494,GL000414,Payment to Audit Solutions,GL Entry: Tech Solutions LLC,49.81,"[""amount_only_match""]",amount_only,48918.83,48868.64,50.19,2024-11-26 00:00:00,2024-03-09 00:00:00,262,,,
BANK000496,GL000271,Payment to Smith & Co,GL Entry: A B C Inc,87.04,"[""amount_only_match""]",amount_only,48210.8,48197.84,12.96,2024-10-03 00:00:00,2024-06-05 00:00:00,120,,,
BANK000497,GL000863,Payment to Audit Solutions,GL Entry: ABC Inc.,62.45,"[""amount_only_match""]",amount_only,6019.8,6057.35,37.55,2024-10-02 00:00:00,2024-08-09 00:00:00,54,,,
BANK000498,GL000509,Payment to Tech Solutions,GL Entry: SMITH CO,26.58,"[""amount_only_match""]",amount_only,41757.6,41831.02,73.42,2024-01-12 00:00:00,2024-11-11 00:00:00,304,,,
BANK000499,GL000314,Payment to Global Services,GL Entry: Global Svcs,43.38,"[""amount_only_match""]",amount_only,21263.99,21207.37,56.62,2024-07-13 00:00:00,2024-10-11 00:00:00,90,,,
BANK000500,GL000292,Payment to Digital Agency,GL Entry: Global Svcs,60.35,"[""amount_only_match""]",amount_only,7840.56,7800.91,39.65,2024-04-06 00:00:00,2024-07-03 00:00:00,88,,,
BANK000502,GL000633,Payment to XYZ Corp,GL Entry: Global Services Inc,69.71,"[""amount_only_match""]",amount_only,12109.25,12139.54,30.29,2024-02-04 00:00:00,2024-07-25 00:00:00,172,,,
BANK000503,GL000045,Payment to ABC Inc,GL Entry: Smith & Company,41.04,"[""amount_only_match""]",amount_only,29929.47,29988.43,58.96,2024-12-26 00:00:00,2024-07-30 00:00:00,149,,,
BANK000504,GL000284,Payment to Data Systems,GL Entry: ABC Inc.,27.75,"[""amount_only_match""]",amount_only,20173.04,20245.29,72.25,2024-04-29 00:00:00,2024-03-31 00:00:00,29,,,
BANK000505,GL000829,Payment to Global Services,GL Entry: XYZ CORP.,76.24,"[""amount_only_match""]",amount_only,7092.77,7116.53,23.76,2024-05-28 00:00:00,2024-06-08 00:00:00,11,,,
BANK000506,GL000283,Payment to Business Tools,GL Entry: GLOBAL SERVICES INC,40.89,"[""amount_only_match""]",amount_only,16013.29,15954.18,59.11,2024-11-02 00:00:00,2024-07-21 00:00:00,104,,,
BANK000507,GL000645,Payment to Software House,GL Entry: Global Svcs,30.29,"[""amount_only_match""]",amount_only,11921.51,11991.22,69.71,2024-03-14 00:00:00,2024-03-12 00:00:00,2,,,
BANK000508,GL000527,Payment to Data Systems,GL Entry: TECH SOL,68.31,"[""amount_only_match""]",amount_only,15095.0,15063.31,31.69,2024-02-01 00:00:00,2024-10-03 00:00:00,245,,,
BANK000509,GL000231,Payment to Data Systems,GL Entry: GLOBAL SERVICES INC,62.33,"[""amount_only_match""]",amount_only,31337.06,31374.73,37.67,2024-08-06 00:00:00,2024-08-24 00:00:00,18,,,
BANK000510,GL000342,Payment to Audit Solutions,GL Entry: ABC INCORPORATED,16.35,"[""amount_only_match""]",amount_only,47085.16,47168.81,83.65,2024-12-09 00:00:00,2024-11-23 00:00:00,16,,,
BANK000511,GL000056,Payment to Smith & Co,GL Entry: ABC INCORPORATED,80.09,"[""amount_only_match""]",amount_only,34845.79,34825.88,19.91,2024-07-28 00:00:00,2024-08-06 00:00:00,9,,,
BANK000513,GL000253,Payment to Business Tools,GL Entry: ABC Inc,74.61,"[""amount_only_match""]",amount_only,42891.31,42916.7,25.39,2024-03-14 00:00:00,2024-12-25 00:00:00,286,,,
BANK000514,GL001130,Payment to Data Systems,GL Entry: TS Inc,47.28,"[""amount_only_match""]",amount_only,28163.06,28110.34,52.72,2024-08-01 00:00:00,2024-06-09 00:00:00,53,,,
BANK000516,GL000891,Payment to Data Systems,GL Entry: ABC Inc.,72.7,"[""amount_only_match""]",amount_only,42371.96,42344.66,27.3,2024-02-17 00:00:00,2024-04-01 00:00:00,44,,,
BANK000517,GL000185,Payment to Software House,GL Entry: TECH SOLUTIONS,13.48,"[""amount_only_match""]",amount_only,2671.68,2758.2,86.52,2024-07-12 00:00:00,2024-05-10 00:00:00,63,,,
BANK000518,GL001159,Payment to Business Tools,GL Entry: XYZ Corp,24.07,"[""amount_only_match""]",amount_only,43693.66,43769.59,75.93,2024-04-06 00:00:00,2024-12-11 00:00:00,249,,,
BANK000519,GL000944,Payment to Global Services,GL Entry: Tech Solutions LLC,64.77,"[""amount_only_match""]",amount_only,27986.64,27951.41,35.23,2024-09-02 00:00:00,2024-08-18 00:00:00,15,,,
BANK000520,GL000254,Payment to Global Services,GL Entry: Tech Solutions LLC,87.56,"[""amount_only_match""]",amount_only,15229.08,15241.52,12.44,2024-01-08 00:00:00,2024-07-22 00:00:00,196,,,
BANK000521,GL000625,Payment to Global Services,GL Entry: SMITH AND CO,72.82,"[""amount_only_match""]",amount_only,37369.27,37342.09,27.18,2024-09-02 00:00:00,2024-11-05 00:00:00,64,,,
BANK000522,GL000752,Payment to Data Systems,GL Entry: Smith Co.,73.22,"[""amount_only_match""]",amount_only,19891.94,19865.16,26.78,2024-05-02 00:00:00,2024-07-31 00:00:00,90,,,
BANK000523,GL000588,Payment to Software House,GL Entry: GLOBAL SERV,93.71,"[""amount_only_match""]",amount_only,19095.02,19088.73,6.29,2024-09-30 00:00:00,2024-09-12 00:00:00,18,,,
BANK000524,GL000221,Payment to Consulting Group,GL Entry: A B C Inc,42.76,"[""amount_only_match""]",amount_only,18046.27,18103.51,57.24,2024-09-11 00:00:00,2024-12-28 00:00:00,108,,,
BANK000525,GL000460,Payment to Business Tools,GL Entry: ABC Inc.,69.95,"[""amount_only_match""]",amount_only,49067.79,49097.84,30.05,2024-08-28 00:00:00,2024-10-16 00:00:00,49,,,
BANK000526,GL001094,Payment to ABC Inc,GL Entry: XYZ Corp,67.94,"[""amount_only_match""]",amount_only,18598.18,18566.12,32.06,2024-07-30 00:00:00,2024-08-02 00:00:00,3,,,
BANK000527,GL000488,Payment to Tech Solutions,GL Entry: Tech Solutions,60.73,"[""amount_only_match""]",amount_only,37088.49,37049.22,39.27,2024-01-09 00:00:00,2024-03-17 00:00:00,68,,,
BANK000528,GL001001,Payment to Tech Solutions,GL Entry: TS Inc,79.16,"[""amount_only_match""]",amount_only,28999.23,28978.39,20.84,2024-08-01 00:00:00,2024-09-27 00:00:00,57,,,
BANK000529,GL000682,Payment to Global Services,GL Entry: XYZ Corporation,84.8,"[""amount_only_match""]",amount_only,11577.93,11593.13,15.2,2024-10-18 00:00:00,2024-12-04 00:00:00,47,,,
BANK000530,GL000820,Payment to Tech Solutions,GL Entry: GLOBAL SERV,54.26,"[""amount_only_match""]",amount_only,47178.88,47224.62,45.74,2024-06-21 00:00:00,2024-03-07 00:00:00,106,,,
BANK000531,GL001038,Payment to Digital Agency,GL Entry: XYZ Corp,9.8,"[""amount_only_match""]",amount_only,48328.76,48238.56,90.2,2024-11-24 00:00:00,2024-10-13 00:00:00,42,,,
BANK000532,GL000867,Payment to Smith & Co,GL Entry: XYZ Corp,3.1,"[""amount_only_match""]",amount_only,36665.33,36762.23,96.9,2024-06-29 00:00:00,2024-03-17 00:00:00,104,,,
BANK000533,GL000742,Payment to Software House,GL Entry: XYZ CORP,70.09,"[""amount_only_match""]",amount_only,24466.98,24437.07,29.91,2024-10-04 00:00:00,2024-03-19 00:00:00,199,,,
BANK000534,GL000569,Payment to Software House,GL Entry: ABC INCORPORATED,71.87,"[""amount_only_match""]",amount_only,1787.81,1815.94,28.13,2024-02-08 00:00:00,2024-01-16 00:00:00,23,,,
BANK000536,GL000611,Payment to Consulting Group,GL Entry: Tech Solutions LLC,27.83,"[""amount_only_match""]",amount_only,556.16,628.33,72.17,2024-09-15 00:00:00,2024-06-17 00:00:00,90,,,
BANK000539,GL000821,Payment to Data Systems,GL Entry: Smith Co.,82.35,"[""amount_only_match""]",amount_only,26517.94,26500.29,17.65,2024-05-20 00:00:00,2024-02-25 00:00:00,85,,,
BANK000540,GL000298,Payment to Software House,GL Entry: Smith & Company,27.54,"[""amount_only_match""]",amount_only,25160.58,25088.12,72.46,2024-12-23 00:00:00,2024-02-19 00:00:00,308,,,
BANK000541,GL000614,Payment to Data Systems,GL Entry: Global Svcs,5.27,"[""amount_only_match""]",amount_only,5440.12,5345.39,94.73,2024-02-19 00:00:00,2024-02-06 00:00:00,13,,,
BANK000542,GL000701,Payment to Finance Partners,GL Entry: ABC INC,85.27,"[""amount_only_match""]",amount_only,31027.06,31012.33,14.73,2024-05-09 00:00:00,2024-06-30 00:00:00,52,,,
BANK000543,GL000866,Payment to Consulting Group,GL Entry: XYZ Corporation,64.17,"[""amount_only_match""]",amount_only,4043.06,4078.89,35.83,2024-07-26 00:00:00,2024-02-11 00:00:00,166,,,
BANK000544,GL000559,Payment to Software House,GL Entry: Tech Solutions,19.28,"[""amount_only_match""]",amount_only,15068.73,14988.01,80.72,2024-02-11 00:00:00,2024-03-21 00:00:00,39,,,
BANK000546,GL000448,Payment to ABC Inc,GL Entry: Tech Solutions,40.68,"[""amount_only_match""]",amount_only,23852.65,23793.33,59.32,2024-11-22 00:00:00,2024-07-31 00:00:00,114,,,
BANK000547,GL000735,Payment to Software House,GL Entry: Smith & Company,70.38,"[""amount_only_match""]",amount_only,25042.93,25072.55,29.62,2024-08-10 00:00:00,2024-06-17 00:00:00,54,,,
BANK000548,GL000642,Payment to Data Systems,GL Entry: ABC INC,95.61,"[""amount_only_match""]",amount_only,48868.73,48873.12,4.39,2024-02-18 00:00:00,2024-07-07 00:00:00,140,,,
BANK000549,GL000871,Payment to Cloud Services,GL Entry: X Y Z Corp,10.84,"[""amount_only_match""]",amount_only,10649.71,10738.87,89.16,2024-12-20 00:00:00,2024-04-26 00:00:00,238,,,
BANK000551,GL000200,Payment to Finance Partners,GL Entry: ABC INC,3.37,"[""amount_only_match""]",amount_only,32939.65,32843.02,96.63,2024-04-01 00:00:00,2024-07-11 00:00:00,101,,,
BANK000552,GL000243,Payment to Business Tools,GL Entry: Tech Solutions LLC,66.08,"[""amount_only_match""]",amount_only,10437.19,10471.11,33.92,2024-03-14 00:00:00,2024-02-01 00:00:00,42,,,
BANK000553,GL000319,Payment to Smith & Co,GL Entry: Tech Solutions,25.56,"[""amount_only_match""]",amount_only,46450.86,46376.42,74.44,2024-06-02 00:00:00,2024-09-25 00:00:00,115,,,
BANK000555,GL000059,Payment to Business Tools,GL Entry: XYZ CORP,95.45,"[""amount_only_match""]",amount_only,19253.93,19249.38,4.55,2024-03-12 00:00:00,2024-08-21 00:00:00,162,,,
BANK000556,GL000599,Payment to ABC Inc,GL Entry: GLOBAL SERV,3.05,"[""amount_only_match""]",amount_only,25089.56,25186.51,96.95,2024-06-26 00:00:00,2024-09-30 00:00:00,96,,,
BANK000557,GL000688,Payment to Finance Partners,GL Entry: TS Inc,67.18,"[""amount_only_match""]",amount_only,11683.99,11651.17,32.82,2024-02-08 00:00:00,2024-07-10 00:00:00,153,,,
BANK000558,GL000998,Payment to Business Tools,GL Entry: XYZ Corp,72.55,"[""amount_only_match""]",amount_only,47747.43,47719.98,27.45,2024-07-22 00:00:00,2024-10-18 00:00:00,88,,,
BANK000559,GL000583,Payment to Consulting Group,GL Entry: XYZ Corp,31.54,"[""amount_only_match""]",amount_only,13739.02,13670.56,68.46,2024-08-18 00:00:00,2024-05-18 00:00:00,92,,,
BANK000560,GL000827,Payment to Smith & Co,GL Entry: Global Services Inc,57.21,"[""amount_only_match""]",amount_only,47063.03,47020.24,42.79,2024-08-09 00:00:00,2024-07-12 00:00:00,28,,,
BANK000561,GL001029,Payment to Tech Solutions,GL Entry: TECH SOL,92.99,"[""amount_only_match""]",amount_only,19065.63,19058.62,7.01,2024-11-12 00:00:00,2024-04-23 00:00:00,203,,,
BANK000562,GL000680,Payment to Audit Solutions,GL Entry: XYZ CORP.,98.37,"[""amount_only_match""]",amount_only,4193.7,4195.33,1.63,2024-03-19 00:00:00,2024-02-19 00:00:00,29,,,
BANK000563,GL000662,Payment to Finance Partners,GL Entry: ABC INCORPORATED,89.96,"[""amount_only_match""]",amount_only,7798.42,7788.38,10.04,2024-07-18 00:00:00,2024-08-13 00:00:00,26,,,
BANK000566,GL001035,Payment to XYZ Corp,GL Entry: XYZ Corp,65.48,"[""amount_only_match""]",amount_only,27781.53,27747.01,34.52,2024-07-27 00:00:00,2024-03-06 00:00:00,143,,,
BANK000567,GL000808,Payment to Cloud Services,GL Entry: XYZ Corporation,81.22,"[""amount_only_match""]",amount_only,17760.32,17741.54,18.78,2024-02-17 00:00:00,2024-12-22 00:00:00,309,,,
BANK000568,GL000805,Payment to Tech Solutions,GL Entry: Smith & Co,76.54,"[""amount_only_match""]",amount_only,43199.54,43223.0,23.46,2024-01-07 00:00:00,2024-03-17 00:00:00,70,,,
BANK000570,GL000454,Payment to Smith & Co,GL Entry: ABC INCORPORATED,78.99,"[""amount_only_match""]",amount_only,34297.27,34318.28,21.01,2024-03-27 00:00:00,2024-04-04 00:00:00,8,,,
BANK000571,GL000516,Payment to Smith & Co,GL Entry: ABC INCORPORATED,98.88,"[""amount_only_match""]",amount_only,24706.88,24708.0,1.12,2024-02-02 00:00:00,2024-10-29 00:00:00,270,,,
BANK000572,GL001054,Payment to Finance Partners,GL Entry: Smith & Company,97.05,"[""amount_only_match""]",amount_only,15057.64,15054.69,2.95,2024-02-09 00:00:00,2024-02-08 00:00:00,1,,,
BANK000573,GL001066,Payment to Cloud Services,GL Entry: TECH SOL,38.24,"[""amount_only_match""]",amount_only,36072.88,36011.12,61.76,2024-09-10 00:00:00,2024-02-18 00:00:00,205,,,
BANK000574,GL000622,Payment to ABC Inc,GL Entry: GLOBAL SERVICES INC,1.17,"[""amount_only_match""]",amount_only,5437.92,5339.09,98.83,2024-06-04 00:00:00,2024-06-01 00:00:00,3,,,
BANK000575,GL000572,Payment to Business Tools,GL Entry: XYZ Corp,98.7,"[""amount_only_match""]",amount_only,42096.51,42097.81,1.3,2024-07-13 00:00:00,2024-10-03 00:00:00,82,,,
BANK000578,GL000296,Payment to Tech Solutions,GL Entry: TECH SOLUTIONS,9.7,"[""amount_only_match""]",amount_only,48232.27,48141.97,90.3,2024-06-12 00:00:00,2024-04-22 00:00:00,51,,,
BANK000579,GL000585,Payment to Business Tools,GL Entry: A B C Inc,24.1,"[""amount_only_match""]",amount_only,24601.26,24677.16,75.9,2024-10-21 00:00:00,2024-09-10 00:00:00,41,,,
BANK000581,GL000580,Payment to Smith & Co,GL Entry: Smith & Company,64.76,"[""amount_only_match""]",amount_only,10070.02,10034.78,35.24,2024-10-06 00:00:00,2024-09-09 00:00:00,27,,,
BANK000582,GL000161,Payment to Digital Agency,GL Entry: XYZ Corp,42.91,"[""amount_only_match""]",amount_only,1443.11,1500.2,57.09,2024-08-24 00:00:00,2024-08-29 00:00:00,5,,,
BANK000584,GL000964,Payment to Tech Solutions,GL Entry: ABC Inc,20.79,"[""amount_only_match""]",amount_only,25015.23,24936.02,79.21,2024-11-20 00:00:00,2024-06-14 00:00:00,159,,,
BANK000585,GL000909,Payment to Business Tools,GL Entry: ABC Inc.,29.64,"[""amount_only_match""]",amount_only,7791.75,7721.39,70.36,2024-08-04 00:00:00,2024-02-27 00:00:00,159,,,
BANK000586,GL000197,Payment to Cloud Services,GL Entry: XYZ Corp,56.76,"[""amount_only_match""]",amount_only,49535.96,49579.2,43.24,2024-09-02 00:00:00,2024-03-08 00:00:00,178,,,
BANK000588,GL001162,Payment to Cloud Services,GL Entry: SMITH AND CO,39.19,"[""amount_only_match""]",amount_only,35111.55,35172.36,60.81,2024-10-01 00:00:00,2024-12-27 00:00:00,87,,,
BANK000589,GL000656,Payment to Software House,GL Entry: SMITH AND CO,97.75,"[""amount_only_match""]",amount_only,5557.53,5555.28,2.25,2024-05-07 00:00:00,2024-11-15 00:00:00,192,,,
BANK000590,GL000395,Payment to Cloud Services,GL Entry: Global Services,15.2,"[""amount_only_match""]",amount_only,32385.29,32300.49,84.8,2024-01-23 00:00:00,2024-11-15 00:00:00,297,,,
BANK000591,GL001116,Payment to Business Tools,GL Entry: Tech Solutions LLC,11.53,"[""amount_only_match""]",amount_only,32372.51,32284.04,88.47,2024-06-18 00:00:00,2024-10-17 00:00:00,121,,,
BANK000594,GL000670,Payment to Cloud Services,GL Entry: Global Svcs,5.16,"[""amount_only_match""]",amount_only,23206.85,23112.01,94.84,2024-12-13 00:00:00,2024-11-25 00:00:00,18,,,
BANK000595,GL000555,Payment to Consulting Group,GL Entry: Global Svcs,19.69,"[""amount_only_match""]",amount_only,17313.87,17394.18,80.31,2024-01-13 00:00:00,2024-08-03 00:00:00,203,,,
BANK000597,GL001160,Payment to Consulting Group,GL Entry: TECH SOLUTIONS,53.62,"[""amount_only_match""]",amount_only,17481.6,17435.22,46.38,2024-06-24 00:00:00,2024-05-09 00:00:00,46,,,
BANK000598,GL000802,Payment to XYZ Corp,GL Entry: Global Services Inc,78.6,"[""amount_only_match""]",amount_only,24198.01,24176.61,21.4,2024-08-31 00:00:00,2024-07-07 00:00:00,55,,,
BANK000599,GL000363,Payment to ABC Inc,GL Entry: Smith & Company,87.43,"[""amount_only_match""]",amount_only,16013.58,16001.01,12.57,2024-06-02 00:00:00,2024-06-21 00:00:00,19,,,
BANK000600,GL000228,Payment to Software House,GL Entry: Global Services,68.1,"[""amount_only_match""]",amount_only,1227.0,1195.1,31.9,2024-06-24 00:00:00,2024-11-28 00:00:00,157,,,
BANK000601,GL000337,Payment to Data Systems,GL Entry: ABC INC,54.72,"[""amount_only_match""]",amount_only,46503.13,46548.41,45.28,2024-05-04 00:00:00,2024-09-22 00:00:00,141,,,
BANK000602,GL000739,Payment to Consulting Group,GL Entry: ABC Inc,5.02,"[""amount_only_match""]",amount_only,16616.38,16521.4,94.98,2024-08-06 00:00:00,2024-01-04 00:00:00,215,,,
BANK000603,GL000644,Payment to Software House,GL Entry: TECH SOLUTIONS,68.31,"[""amount_only_match""]",amount_only,31525.04,31556.73,31.69,2024-04-05 00:00:00,2024-11-22 00:00:00,231,,,
BANK000604,GL000093,Payment to Global Services,GL Entry: GLOBAL SERV,87.32,"[""amount_only_match""]",amount_only,1556.69,1569.37,12.68,2024-11-10 00:00:00,2024-03-07 00:00:00,248,,,
BANK000605,GL000394,Payment to Global Services,GL Entry: Tech Solutions LLC,50.71,"[""amount_only_match""]",amount_only,19502.91,19453.62,49.29,2024-12-26 00:00:00,2024-08-08 00:00:00,140,,,
BANK000606,GL001025,Payment to Smith & Co,GL Entry: Smith Co.,70.67,"[""amount_only_match""]",amount_only,28909.66,28938.99,29.33,2024-10-01 00:00:00,2024-11-03 00:00:00,33,,,
BANK000607,GL000500,Payment to Software House,GL Entry: GLOBAL SERV,58.55,"[""amount_only_match""]",amount_only,22931.77,22973.22,41.45,2024-05-14 00:00:00,2024-05-23 00:00:00,9,,,
BANK000608,GL000982,Payment to Cloud Services,GL Entry: TS Inc,12.63,"[""amount_only_match""]",amount_only,48299.23,48211.86,87.37,2024-06-09 00:00:00,2024-04-10 00:00:00,60,,,
BANK000609,GL000549,Payment to Finance Partners,GL Entry: Smith Co.,93.21,"[""amount_only_match""]",amount_only,29391.54,29398.33,6.79,2024-06-27 00:00:00,2024-04-26 00:00:00,62,,,
BANK000610,GL000958,Payment to Digital Agency,GL Entry: ABC Inc,7.24,"[""amount_only_match""]",amount_only,8709.12,8801.88,92.76,2024-12-10 00:00:00,2024-11-05 00:00:00,35,,,
BANK000611,GL000914,Payment to Smith & Co,GL Entry: ABC Inc.,49.93,"[""amount_only_match""]",amount_only,29549.4,29499.33,50.07,2024-12-10 00:00:00,2024-03-05 00:00:00,280,,,
BANK000612,GL000257,Payment to Finance Partners,GL Entry: Smith & Co,1.09,"[""amount_only_match""]",amount_only,15338.46,15437.37,98.91,2024-04-03 00:00:00,2024-09-08 00:00:00,158,,,
BANK000613,GL000430,Payment to Smith & Co,GL Entry: SMITH AND CO,95.36,"[""amount_only_match""]",amount_only,19484.32,19488.96,4.64,2024-11-01 00:00:00,2024-07-16 00:00:00,108,,,
BANK000614,GL000573,Payment to Data Systems,GL Entry: XYZ CORP.,24.81,"[""amount_only_match""]",amount_only,9369.11,9293.92,75.19,2024-11-21 00:00:00,2024-11-27 00:00:00,6,,,
BANK000615,GL000478,Payment to Data Systems,GL Entry: XYZ Corp,42.26,"[""amount_only_match""]",amount_only,46541.68,46599.42,57.74,2024-03-29 00:00:00,2024-09-28 00:00:00,183,,,
BANK000616,GL000833,Payment to Consulting Group,GL Entry: XYZ CORP.,56.94,"[""amount_only_match""]",amount_only,7100.8,7057.74,43.06,2024-06-10 00:00:00,2024-12-03 00:00:00,176,,,
BANK000617,GL000476,Payment to Smith & Co,GL Entry: Smith & Co,51.45,"[""amount_only_match""]",amount_only,47596.91,47548.36,48.55,2024-09-05 00:00:00,2024-07-24 00:00:00,43,,,
BANK000618,GL000660,Payment to Software House,GL Entry: TECH SOL,47.93,"[""amount_only_match""]",amount_only,48195.07,48143.0,52.07,2024-09-15 00:00:00,2024-02-03 00:00:00,225,,,
BANK000619,GL000686,Payment to Consulting Group,GL Entry: Smith & Company,40.69,"[""amount_only_match""]",amount_only,24637.12,24696.43,59.31,2024-12-29 00:00:00,2024-08-14 00:00:00,137,,,
BANK000621,GL000825,Payment to Smith & Co,GL Entry: GLOBAL SERV,41.72,"[""amount_only_match""]",amount_only,11319.69,11261.41,58.28,2024-05-27 00:00:00,2024-02-10 00:00:00,107,,,
BANK000622,GL000594,Payment to Data Systems,GL Entry: GLOBAL SERVICES INC,2.83,"[""amount_only_match""]",amount_only,37151.66,37248.83,97.17,2024-09-10 00:00:00,2024-01-13 00:00:00,241,,,
BANK000623,GL000603,Payment to Finance Partners,GL Entry: Smith & Co,5.48,"[""amount_only_match""]",amount_only,5798.91,5704.39,94.52,2024-10-05 00:00:00,2024-06-01 00:00:00,126,,,
BANK000627,GL000512,Payment to Global Services,GL Entry: TS Inc,11.06,"[""amount_only_match""]",amount_only,38804.02,38892.96,88.94,2024-05-01 00:00:00,2024-08-16 00:00:00,107,,,
BANK000628,GL000366,Payment to Cloud Services,GL Entry: Tech Solutions,15.5,"[""amount_only_match""]",amount_only,34487.77,34403.27,84.5,2024-12-29 00:00:00,2024-10-03 00:00:00,87,,,
BANK000629,GL000859,Payment to Global Services,GL Entry: X Y Z Corp,9.22,"[""amount_only_match""]",amount_only,30845.94,30755.16,90.78,2024-04-15 00:00:00,2024-04-11 00:00:00,4,,,
BANK000631,GL000921,Payment to Tech Solutions,GL Entry: XYZ Corp,87.44,"[""amount_only_match""]",amount_only,48952.11,48964.67,12.56,2024-05-29 00:00:00,2024-09-14 00:00:00,108,,,
BANK000632,GL000372,Payment to XYZ Corp,GL Entry: Global Services Inc,11.24,"[""amount_only_match""]",amount_only,49275.87,49187.11,88.76,2024-12-13 00:00:00,2024-11-15 00:00:00,28,,,
BANK000633,GL000643,Payment to Software House,GL Entry: GLOBAL SERVICES INC,46.2,"[""amount_only_match""]",amount_only,45946.56,45892.76,53.8,2024-05-21 00:00:00,2024-04-08 00:00:00,43,,,
BANK000634,GL000473,Payment to Finance Partners,GL Entry: Smith & Co,59.72,"[""amount_only_match""]",amount_only,12558.89,12599.17,40.28,2024-12-30 00:00:00,2024-09-25 00:00:00,96,,,
BANK000635,GL000692,Payment to Cloud Services,GL Entry: Global Services,87.52,"[""amount_only_match""]",amount_only,19695.77,19683.29,12.48,2024-03-13 00:00:00,2024-09-25 00:00:00,196,,,
BANK000636,GL000510,Payment to XYZ Corp,GL Entry: ABC INCORPORATED,4.42,"[""amount_only_match""]",amount_only,20769.83,20865.41,95.58,2024-08-19 00:00:00,2024-08-10 00:00:00,9,,,
BANK000637,GL000466,Payment to Digital Agency,GL Entry: Tech Solutions,89.75,"[""amount_only_match""]",amount_only,20202.25,20192.0,10.25,2024-05-22 00:00:00,2024-04-26 00:00:00,26,,,
BANK000638,GL000067,Payment to Finance Partners,GL Entry: ABC INC,69.69,"[""amount_only_match""]",amount_only,22789.31,22759.0,30.31,2024-09-06 00:00:00,2024-02-06 00:00:00,213,,,
BANK000639,GL001121,Payment to Software House,GL Entry: TS Inc,10.17,"[""amount_only_match""]",amount_only,36573.5,36483.67,89.83,2024-08-22 00:00:00,2024-07-01 00:00:00,52,,,
BANK000640,GL001037,Payment to Audit Solutions,GL Entry: SMITH AND CO,15.99,"[""amount_only_match""]",amount_only,42520.3,42604.31,84.01,2024-09-30 00:00:00,2024-07-22 00:00:00,70,,,
BANK000641,GL000335,Payment to Tech Solutions,GL Entry: XYZ Corporation,13.93,"[""amount_only_match""]",amount_only,41259.9,41345.97,86.07,2024-09-10 00:00:00,2024-09-25 00:00:00,15,,,
BANK000643,GL000963,Payment to Business Tools,GL Entry: ABC INCORPORATED,30.65,"[""amount_only_match""]",amount_only,39436.35,39367.0,69.35,2024-12-15 00:00:00,2024-12-18 00:00:00,3,,,
BANK000645,GL000246,Payment to Audit Solutions,GL Entry: X Y Z Corp,72.86,"[""amount_only_match""]",amount_only,22120.17,22093.03,27.14,2024-01-01 00:00:00,2024-08-31 00:00:00,243,,,
BANK000646,GL000771,Payment to Smith & Co,GL Entry: Smith & Co,10.86,"[""amount_only_match""]",amount_only,44119.17,44030.03,89.14,2024-06-03 00:00:00,2024-02-14 00:00:00,110,,,
BANK000647,GL000222,Payment to Tech Solutions,GL Entry: Global Services Inc,68.5,"[""amount_only_match""]",amount_only,4757.67,4726.17,31.5,2024-07-03 00:00:00,2024-11-01 00:00:00,121,,,
BANK000648,GL000006,Payment to Smith & Co,GL Entry: Smith & Co,80.11,"[""amount_only_match""]",amount_only,33258.99,33239.1,19.89,2024-11-28 00:00:00,2024-03-05 00:00:00,268,,,
BANK000649,GL000421,Payment to Business Tools,GL Entry: XYZ CORP,36.31,"[""amount_only_match""]",amount_only,31317.65,31253.96,63.69,2024-12-24 00:00:00,2024-11-17 00:00:00,37,,,
BANK000650,GL000270,Payment to ABC Inc,GL Entry: TECH SOLUTIONS,62.36,"[""amount_only_match""]",amount_only,4650.84,4688.48,37.64,2024-02-18 00:00:00,2024-04-09 00:00:00,51,,,
BANK000651,GL000138,Payment to Data Systems,GL Entry: X Y Z Corp,45.95,"[""amount_only_match""]",amount_only,6721.72,6775.77,54.05,2024-04-25 00:00:00,2024-08-19 00:00:00,116,,,
BANK000653,GL000737,Payment to XYZ Corp,GL Entry: XYZ Corporation,88.6,"[""amount_only_match""]",amount_only,34732.15,34743.55,11.4,2024-09-01 00:00:00,2024-03-05 00:00:00,180,,,
BANK000654,GL001165,Payment to XYZ Corp,GL Entry: Global Services,16.66,"[""amount_only_match""]",amount_only,36565.09,36481.75,83.34,2024-02-22 00:00:00,2024-06-22 00:00:00,121,,,
BANK000656,GL000661,Payment to ABC Inc,GL Entry: ABC Inc.,67.0,"[""amount_only_match""]",amount_only,3513.74,3546.74,33.0,2024-10-15 00:00:00,2024-07-24 00:00:00,83,,,
BANK000657,GL000388,Payment to Software House,GL Entry: ABC Inc,43.04,"[""amount_only_match""]",amount_only,22060.96,22004.0,56.96,2024-04-19 00:00:00,2024-09-30 00:00:00,164,,,
BANK000658,GL000906,Payment to Global Services,GL Entry: XYZ CORP.,26.84,"[""amount_only_match""]",amount_only,30842.19,30915.35,73.16,2024-08-14 00:00:00,2024-05-07 00:00:00,99,,,
BANK000660,GL000607,Payment to Business Tools,GL Entry: ABC INC,2.13,"[""amount_only_match""]",amount_only,48166.11,48068.24,97.87,2024-06-10 00:00:00,2024-04-24 00:00:00,47,,,
BANK000661,GL000952,Payment to Data Systems,GL Entry: Global Svcs,33.83,"[""amount_only_match""]",amount_only,32266.57,32200.4,66.17,2024-05-07 00:00:00,2024-01-15 00:00:00,113,,,
BANK000662,GL000550,Payment to ABC Inc,GL Entry: XYZ Corp,49.03,"[""amount_only_match""]",amount_only,14317.55,14368.52,50.97,2024-12-19 00:00:00,2024-04-26 00:00:00,237,,,
BANK000663,GL000532,Payment to Data Systems,GL Entry: GLOBAL SERVICES INC,28.56,"[""amount_only_match""]",amount_only,43803.78,43875.22,71.44,2024-04-15 00:00:00,2024-12-05 00:00:00,234,,,
BANK000664,GL000789,Payment to Software House,GL Entry: Smith & Co,8.85,"[""amount_only_match""]",amount_only,37417.4,37326.25,91.15,2024-05-31 00:00:00,2024-08-24 00:00:00,85,,,
BANK000665,GL000977,Payment to Consulting Group,GL Entry: XYZ Corp,58.39,"[""amount_only_match""]",amount_only,44905.84,44864.23,41.61,2024-05-02 00:00:00,2024-01-19 00:00:00,104,,,
BANK000667,GL000078,Payment to Smith & Co,GL Entry: Global Services,28.25,"[""amount_only_match""]",amount_only,49345.44,49417.19,71.75,2024-06-11 00:00:00,2024-07-04 00:00:00,23,,,
BANK000668,GL000303,Payment to Software House,GL Entry: ABC Inc.,64.94,"[""amount_only_match""]",amount_only,21101.09,21136.15,35.06,2024-10-06 00:00:00,2024-12-10 00:00:00,65,,,
BANK000671,GL000358,Payment to Digital Agency,GL Entry: XYZ Corp,25.34,"[""amount_only_match""]",amount_only,25379.87,25305.21,74.66,2024-11-17 00:00:00,2024-05-26 00:00:00,175,,,
BANK000672,GL000788,Payment to XYZ Corp,GL Entry: XYZ CORP.,86.59,"[""amount_only_match""]",amount_only,21236.4,21222.99,13.41,2024-07-24 00:00:00,2024-11-11 00:00:00,110,,,
BANK000676,GL001009,Payment to ABC Inc,GL Entry: ABC INCORPORATED,31.07,"[""amount_only_match""]",amount_only,34963.93,34895.0,68.93,2024-05-02 00:00:00,2024-07-20 00:00:00,79,,,
BANK000677,GL000816,Payment to Cloud Services,GL Entry: Global Svcs,71.51,"[""amount_only_match""]",amount_only,5887.73,5916.22,28.49,2024-11-09 00:00:00,2024-05-18 00:00:00,175,,,
BANK000678,GL000089,Payment to Digital Agency,GL Entry: Smith & Co,56.83,"[""amount_only_match""]",amount_only,33337.37,33294.2,43.17,2024-12-02 00:00:00,2024-07-11 00:00:00,144,,,
BANK000679,GL000471,Payment to ABC Inc,GL Entry: ABC Inc,30.67,"[""amount_only_match""]",amount_only,35424.24,35354.91,69.33,2024-12-25 00:00:00,2024-12-24 00:00:00,1,,,
BANK000680,GL000515,Payment to Smith & Co,GL Entry: SMITH AND CO,85.56,"[""amount_only_match""]",amount_only,26197.97,26183.53,14.44,2024-05-12 00:00:00,2024-09-19 00:00:00,130,,,
BANK000682,GL000577,Payment to Data Systems,GL Entry: TS Inc,75.01,"[""amount_only_match""]",amount_only,40374.68,40349.69,24.99,2024-05-19 00:00:00,2024-03-06 00:00:00,74,,,
BANK000684,GL000468,Payment to ABC Inc,GL Entry: XYZ Corporation,92.19,"[""amount_only_match""]",amount_only,22814.37,22806.56,7.81,2024-07-03 00:00:00,2024-03-22 00:00:00,103,,,
BANK000685,GL000576,Payment to Tech Solutions,GL Entry: Global Services,73.52,"[""amount_only_match""]",amount_only,8427.38,8453.86,26.48,2024-03-21 00:00:00,2024-10-27 00:00:00,220,,,
BANK000686,GL000399,Payment to Global Services,GL Entry: ABC Inc,26.38,"[""amount_only_match""]",amount_only,33738.61,33812.23,73.62,2024-02-29 00:00:00,2024-09-11 00:00:00,195,,,
BANK000687,GL000781,Payment to Global Services,GL Entry: SMITH AND CO,51.13,"[""amount_only_match""]",amount_only,2297.49,2346.36,48.87,2024-01-07 00:00:00,2024-11-16 00:00:00,314,,,
BANK000688,GL000436,Payment to Smith & Co,GL Entry: Smith Co.,2.52,"[""amount_only_match""]",amount_only,18262.43,18359.91,97.48,2024-03-17 00:00:00,2024-03-21 00:00:00,4,,,
BANK000689,GL000787,Payment to Digital Agency,GL Entry: Global Services,50.69,"[""amount_only_match""]",amount_only,27687.95,27638.64,49.31,2024-12-31 00:00:00,2024-05-15 00:00:00,230,,,
BANK000690,GL001052,Payment to Digital Agency,GL Entry: ABC Inc.,83.5,"[""amount_only_match""]",amount_only,16157.92,16174.42,16.5,2024-08-01 00:00:00,2024-11-13 00:00:00,104,,,
BANK000691,GL000027,Payment to Data Systems,GL Entry: Global Svcs,63.02,"[""amount_only_match""]",amount_only,28619.64,28582.66,36.98,2024-03-02 00:00:00,2024-01-27 00:00:00,35,,,
BANK000692,GL000947,Payment to ABC Inc,GL Entry: X Y Z Corp,49.67,"[""amount_only_match""]",amount_only,9049.28,8998.95,50.33,2024-09-21 00:00:00,2024-03-08 00:00:00,197,,,
BANK000693,GL000650,Payment to Business Tools,GL Entry: XYZ Corp,11.67,"[""amount_only_match""]",amount_only,43861.86,43950.19,88.33,2024-05-24 00:00:00,2024-12-08 00:00:00,198,,,
BANK000694,GL000352,Payment to ABC Inc,GL Entry: Tech Solutions,17.24,"[""amount_only_match""]",amount_only,4410.64,4327.88,82.76,2024-08-21 00:00:00,2024-11-22 00:00:00,93,,,
BANK000696,GL000137,Payment to Business Tools,GL Entry: Smith Co.,72.3,"[""amount_only_match""]",amount_only,18476.85,18449.15,27.7,2024-09-09 00:00:00,2024-02-19 00:00:00,203,,,
BANK000698,GL000233,Payment to Data Systems,GL Entry: Global Services Inc,75.96,"[""amount_only_match""]",amount_only,20560.8,20584.84,24.04,2024-04-29 00:00:00,2024-07-27 00:00:00,89,,,
BANK000699,GL000741,Payment to Business Tools,GL Entry: Smith & Company,79.77,"[""amount_only_match""]",amount_only,47554.41,47574.64,20.23,2024-01-01 00:00:00,2024-02-22 00:00:00,52,,,
BANK000701,GL000837,Payment to Digital Agency,GL Entry: Smith Co.,86.38,"[""amount_only_match""]",amount_only,48630.71,48644.33,13.62,2024-03-13 00:00:00,2024-12-31 00:00:00,293,,,
BANK000703,GL001086,Payment to Cloud Services,GL Entry: X Y Z Corp,90.27,"[""amount_only_match""]",amount_only,22977.06,22967.33,9.73,2024-02-13 00:00:00,2024-06-15 00:00:00,123,,,
BANK000704,GL000648,Payment to XYZ Corp,GL Entry: XYZ CORP,71.03,"[""amount_only_match""]",amount_only,6762.34,6733.37,28.97,2024-07-20 00:00:00,2024-01-15 00:00:00,187,,,
BANK000705,GL000519,Payment to Global Services,GL Entry: Global Services,87.38,"[""amount_only_match""]",amount_only,21805.65,21818.27,12.62,2024-03-07 00:00:00,2024-01-10 00:00:00,57,,,
BANK000706,GL001012,Payment to Digital Agency,GL Entry: XYZ CORP,66.42,"[""amount_only_match""]",amount_only,46309.49,46343.07,33.58,2024-07-20 00:00:00,2024-07-29 00:00:00,9,,,
BANK000707,GL000664,Payment to Global Services,GL Entry: Tech Solutions LLC,75.39,"[""amount_only_match""]",amount_only,15971.08,15946.47,24.61,2024-05-19 00:00:00,2024-04-10 00:00:00,39,,,
BANK000708,GL001006,Payment to XYZ Corp,GL Entry: X Y Z Corp,19.43,"[""amount_only_match""]",amount_only,10215.36,10295.93,80.57,2024-10-26 00:00:00,2024-09-20 00:00:00,36,,,
BANK000711,GL000593,Payment to Smith & Co,GL Entry: ABC Inc,34.52,"[""amount_only_match""]",amount_only,42638.86,42704.34,65.48,2024-02-16 00:00:00,2024-08-03 00:00:00,169,,,
BANK000712,GL000590,Payment to Cloud Services,GL Entry: SMITH CO,90.03,"[""amount_only_match""]",amount_only,41336.7,41346.67,9.97,2024-12-22 00:00:00,2024-01-20 00:00:00,337,,,
BANK000713,GL000373,Payment to Smith & Co,GL Entry: XYZ Corporation,27.32,"[""amount_only_match""]",amount_only,41812.65,41885.33,72.68,2024-06-16 00:00:00,2024-10-19 00:00:00,125,,,
BANK000714,GL001058,Payment to Audit Solutions,GL Entry: ABC Inc,25.39,"[""amount_only_match""]",amount_only,12486.12,12560.73,74.61,2024-07-01 00:00:00,2024-03-03 00:00:00,120,,,
BANK000715,GL000348,Payment to ABC Inc,GL Entry: XYZ Corp,10.59,"[""amount_only_match""]",amount_only,15012.15,14922.74,89.41,2024-03-30 00:00:00,2024-07-12 00:00:00,104,,,
BANK000720,GL000698,Payment to ABC Inc,GL Entry: A B C Inc,30.33,"[""amount_only_match""]",amount_only,29347.33,29417.0,69.67,2024-02-08 00:00:00,2024-06-07 00:00:00,120,,,
BANK000722,GL000054,Payment to ABC Inc,GL Entry: XYZ Corp,23.13,"[""amount_only_match""]",amount_only,6214.13,6291.0,76.87,2024-08-24 00:00:00,2024-05-28 00:00:00,88,,,
BANK000723,GL000581,Payment to Consulting Group,GL Entry: Tech Solutions LLC,38.5,"[""amount_only_match""]",amount_only,21714.5,21776.0,61.5,2024-07-21 00:00:00,2024-10-06 00:00:00,77,,,
BANK000724,GL000544,Payment to Finance Partners,GL Entry: ABC Inc,96.16,"[""amount_only_match""]",amount_only,34192.32,34188.48,3.84,2024-03-29 00:00:00,2024-10-07 00:00:00,192,,,
BANK000726,GL000967,Payment to Software House,GL Entry: Global Svcs,43.43,"[""amount_only_match""]",amount_only,30996.91,31053.48,56.57,2024-05-05 00:00:00,2024-09-12 00:00:00,130,,,
BANK000727,GL001017,Payment to ABC Inc,GL Entry: SMITH AND CO,22.25,"[""amount_only_match""]",amount_only,44150.65,44072.9,77.75,2024-09-02 00:00:00,2024-11-22 00:00:00,81,,,
BANK000728,GL000379,Payment to Global Services,GL Entry: Smith & Company,79.89,"[""amount_only_match""]",amount_only,19212.46,19232.57,20.11,2024-08-02 00:00:00,2024-07-24 00:00:00,9,,,
BANK000729,GL001151,Payment to Business Tools,GL Entry: XYZ Corp,74.41,"[""amount_only_match""]",amount_only,12532.47,12558.06,25.59,2024-10-05 00:00:00,2024-05-22 00:00:00,136,,,
BANK000730,GL000655,Payment to Finance Partners,GL Entry: Smith & Co,2.73,"[""amount_only_match""]",amount_only,19186.65,19283.92,97.27,2024-12-31 00:00:00,2024-09-16 00:00:00,106,,,
BANK000731,GL000693,Payment to Data Systems,GL Entry: Global Services Inc,98.9,"[""amount_only_match""]",amount_only,17267.3,17266.2,1.1,2024-10-16 00:00:00,2024-06-09 00:00:00,129,,,
BANK000732,GL001117,Payment to Cloud Services,GL Entry: ABC Inc.,79.81,"[""amount_only_match""]",amount_only,9072.81,9093.0,20.19,2024-06-12 00:00:00,2024-12-20 00:00:00,191,,,
BANK000733,GL000497,Payment to Data Systems,GL Entry: Smith & Company,72.41,"[""amount_only_match""]",amount_only,3023.7,2996.11,27.59,2024-08-29 00:00:00,2024-03-08 00:00:00,174,,,
BANK000734,GL000240,Payment to XYZ Corp,GL Entry: Smith & Co,63.8,"[""amount_only_match""]",amount_only,49980.33,49944.13,36.2,2024-03-22 00:00:00,2024-07-15 00:00:00,115,,,
BANK000736,GL001173,Payment to Finance Partners,GL Entry: Tech Solutions,76.94,"[""amount_only_match""]",amount_only,28827.04,28803.98,23.06,2024-07-17 00:00:00,2024-09-09 00:00:00,54,,,
BANK000737,GL000872,Payment to Finance Partners,GL Entry: GLOBAL SERVICES INC,73.49,"[""amount_only_match""]",amount_only,8887.41,8860.9,26.51,2024-10-30 00:00:00,2024-11-20 00:00:00,21,,,
BANK000738,GL000979,Payment to Digital Agency,GL Entry: Smith Co.,24.98,"[""amount_only_match""]",amount_only,45707.6,45782.62,75.02,2024-01-15 00:00:00,2024-06-01 00:00:00,138,,,
BANK000740,GL000997,Payment to Consulting Group,GL Entry: TECH SOL,3.68,"[""amount_only_match""]",amount_only,27152.02,27055.7,96.32,2024-03-30 00:00:00,2024-01-18 00:00:00,72,,,
BANK000741,GL000459,Payment to Global Services,GL Entry: GLOBAL SERV,20.94,"[""amount_only_match""]",amount_only,2902.78,2823.72,79.06,2024-11-04 00:00:00,2024-04-29 00:00:00,189,,,
BANK000742,GL000017,Payment to Cloud Services,GL Entry: Global Services Inc,55.8,"[""amount_only_match""]",amount_only,23951.65,23995.85,44.2,2024-06-18 00:00:00,2024-11-27 00:00:00,162,,,
BANK000744,GL000854,Payment to Cloud Services,GL Entry: Smith Co.,13.66,"[""amount_only_match""]",amount_only,3071.84,2985.5,86.34,2024-03-16 00:00:00,2024-10-25 00:00:00,223,,,
BANK000745,GL000378,Payment to Finance Partners,GL Entry: XYZ CORP,37.83,"[""amount_only_match""]",amount_only,38740.89,38678.72,62.17,2024-09-26 00:00:00,2024-12-24 00:00:00,89,,,
BANK000746,GL000879,Payment to Audit Solutions,GL Entry: X Y Z Corp,89.21,"[""amount_only_match""]",amount_only,35256.45,35267.24,10.79,2024-12-05 00:00:00,2024-10-08 00:00:00,58,,,
BANK000747,GL000343,Payment to Smith & Co,GL Entry: Smith & Co,34.19,"[""amount_only_match""]",amount_only,15158.08,15223.89,65.81,2024-03-10 00:00:00,2024-06-20 00:00:00,102,,,
BANK000749,GL000899,Payment to Business Tools,GL Entry: ABC Inc,80.78,"[""amount_only_match""]",amount_only,34708.66,34727.88,19.22,2024-11-10 00:00:00,2024-07-21 00:00:00,112,,,
BANK000751,GL000940,Payment to Digital Agency,GL Entry: GLOBAL SERVICES INC,69.99,"[""amount_only_match""]",amount_only,6454.68,6424.67,30.01,2024-01-01 00:00:00,2024-05-10 00:00:00,130,,,
BANK000752,GL001053,Payment to ABC Inc,GL Entry: TECH SOLUTIONS,77.3,"[""amount_only_match""]",amount_only,42552.77,42575.47,22.7,2024-10-17 00:00:00,2024-06-20 00:00:00,119,,,
BANK000754,GL000968,Payment to Finance Partners,GL Entry: Tech Solutions,83.02,"[""amount_only_match""]",amount_only,46840.72,46857.7,16.98,2024-03-13 00:00:00,2024-04-14 00:00:00,32,,,
BANK000756,GL000207,Payment to Software House,GL Entry: XYZ CORP.,60.81,"[""amount_only_match""]",amount_only,41100.92,41140.11,39.19,2024-12-09 00:00:00,2024-08-30 00:00:00,101,,,
BANK000757,GL000775,Payment to Global Services,GL Entry: Tech Solutions,50.83,"[""amount_only_match""]",amount_only,22386.83,22337.66,49.17,2024-05-15 00:00:00,2024-01-12 00:00:00,124,,,
BANK000762,GL000280,Payment to Business Tools,GL Entry: TS Inc,97.92,"[""amount_only_match""]",amount_only,8216.56,8214.48,2.08,2024-02-07 00:00:00,2024-03-22 00:00:00,44,,,
BANK000763,GL000733,Payment to XYZ Corp,GL Entry: TECH SOL,51.04,"[""amount_only_match""]",amount_only,1101.89,1052.93,48.96,2024-05-13 00:00:00,2024-02-10 00:00:00,93,,,
BANK000764,GL000777,Payment to Smith & Co,GL Entry: XYZ Corporation,49.28,"[""amount_only_match""]",amount_only,8588.25,8537.53,50.72,2024-07-11 00:00:00,2024-12-29 00:00:00,171,,,
BANK000765,GL001143,Payment to Finance Partners,GL Entry: Tech Solutions LLC,39.21,"[""amount_only_match""]",amount_only,47097.52,47036.73,60.79,2024-02-17 00:00:00,2024-12-11 00:00:00,298,,,
BANK000766,GL000289,Payment to ABC Inc,GL Entry: XYZ Corp,86.23,"[""amount_only_match""]",amount_only,44671.99,44685.76,13.77,2024-12-26 00:00:00,2024-11-05 00:00:00,51,,,
BANK000767,GL000325,Payment to Smith & Co,GL Entry: ABC Inc.,61.49,"[""amount_only_match""]",amount_only,8333.36,8294.85,38.51,2024-08-10 00:00:00,2024-08-19 00:00:00,9,,,
BANK000768,GL000767,Payment to Audit Solutions,GL Entry: Global Svcs,80.28,"[""amount_only_match""]",amount_only,16621.62,16641.34,19.72,2024-04-07 00:00:00,2024-10-05 00:00:00,181,,,
BANK000770,GL001032,Payment to Consulting Group,GL Entry: TECH SOLUTIONS,49.13,"[""amount_only_match""]",amount_only,19705.82,19654.95,50.87,2024-10-08 00:00:00,2024-11-25 00:00:00,48,,,
BANK000772,GL000215,Payment to XYZ Corp,GL Entry: GLOBAL SERV,58.46,"[""amount_only_match""]",amount_only,30050.75,30092.29,41.54,2024-04-12 00:00:00,2024-01-08 00:00:00,95,,,
BANK000773,GL001191,Payment to XYZ Corp,GL Entry: XYZ Corp,66.4,"[""amount_only_match""]",amount_only,8624.53,8590.93,33.6,2024-05-29 00:00:00,2024-12-22 00:00:00,207,,,
BANK000774,GL000498,Payment to Consulting Group,GL Entry: GLOBAL SERVICES INC,94.19,"[""amount_only_match""]",amount_only,15486.83,15492.64,5.81,2024-07-22 00:00:00,2024-03-23 00:00:00,121,,,
BANK000777,GL000513,Payment to Global Services,GL Entry: XYZ Corp,46.95,"[""amount_only_match""]",amount_only,22043.05,22096.1,53.05,2024-05-14 00:00:00,2024-06-14 00:00:00,31,,,
BANK000778,GL000908,Payment to Software House,GL Entry: Smith Co.,24.2,"[""amount_only_match""]",amount_only,3175.8,3100.0,75.8,2024-12-22 00:00:00,2024-06-15 00:00:00,190,,,
BANK000779,GL000154,Payment to Audit Solutions,GL Entry: GLOBAL SERVICES INC,19.86,"[""amount_only_match""]",amount_only,33440.24,33360.1,80.14,2024-10-04 00:00:00,2024-03-14 00:00:00,204,,,
BANK000780,GL000813,Payment to Audit Solutions,GL Entry: SMITH CO,69.26,"[""amount_only_match""]",amount_only,11452.89,11422.15,30.74,2024-02-01 00:00:00,2024-10-16 00:00:00,258,,,
BANK000782,GL000881,Payment to Audit Solutions,GL Entry: X Y Z Corp,79.54,"[""amount_only_match""]",amount_only,23865.49,23845.03,20.46,2024-02-10 00:00:00,2024-02-04 00:00:00,6,,,
BANK000783,GL000749,Payment to Business Tools,GL Entry: XYZ Corp,81.95,"[""amount_only_match""]",amount_only,25154.86,25136.81,18.05,2024-09-21 00:00:00,2024-03-13 00:00:00,192,,,
BANK000785,GL000496,Payment to Smith & Co,GL Entry: SMITH AND CO,0.06,"[""amount_only_match""]",amount_only,48611.03,48511.09,99.94,2024-04-08 00:00:00,2024-05-29 00:00:00,51,,,
BANK000788,GL000504,Payment to Audit Solutions,GL Entry: SMITH CO,49.84,"[""amount_only_match""]",amount_only,4442.67,4392.51,50.16,2024-10-11 00:00:00,2024-09-02 00:00:00,39,,,
BANK000789,GL000609,Payment to Business Tools,GL Entry: Global Services Inc,29.79,"[""amount_only_match""]",amount_only,26032.44,26102.65,70.21,2024-01-07 00:00:00,2024-01-26 00:00:00,19,,,
BANK000793,GL000812,Payment to Audit Solutions,GL Entry: ABC Inc,36.42,"[""amount_only_match""]",amount_only,43387.02,43323.44,63.58,2024-06-25 00:00:00,2024-02-09 00:00:00,137,,,
BANK000794,GL000699,Payment to Consulting Group,GL Entry: Smith & Co,91.97,"[""amount_only_match""]",amount_only,24330.68,24338.71,8.03,2024-11-07 00:00:00,2024-03-03 00:00:00,249,,,
BANK000796,GL001060,Payment to Digital Agency,GL Entry: ABC Inc,39.22,"[""amount_only_match""]",amount_only,2035.25,1974.47,60.78,2024-06-18 00:00:00,2024-08-26 00:00:00,69,,,
BANK000798,GL000412,Payment to Digital Agency,GL Entry: SMITH CO,97.1,"[""amount_only_match""]",amount_only,15616.37,15619.27,2.9,2024-09-08 00:00:00,2024-06-27 00:00:00,73,,,
BANK000799,GL001043,Payment to Business Tools,GL Entry: SMITH CO,50.91,"[""amount_only_match""]",amount_only,6805.84,6756.75,49.09,2024-08-14 00:00:00,2024-01-24 00:00:00,203,,,
BANK000800,GL000697,Payment to Software House,GL Entry: A B C Inc,8.49,"[""amount_only_match""]",amount_only,36467.09,36375.58,91.51,2024-11-05 00:00:00,2024-05-01 00:00:00,188,,,
BANK000801,GL000853,Payment to Digital Agency,GL Entry: ABC Inc,2.69,"[""amount_only_match""]",amount_only,22141.66,22044.35,97.31,2024-07-27 00:00:00,2024-06-24 00:00:00,33,,,
BANK000803,GL000433,Payment to Audit Solutions,GL Entry: SMITH AND CO,74.71,"[""amount_only_match""]",amount_only,15625.04,15599.75,25.29,2024-09-16 00:00:00,2024-07-30 00:00:00,48,,,
BANK000804,GL000862,Payment to Smith & Co,GL Entry: GLOBAL SERV,72.3,"[""amount_only_match""]",amount_only,43978.7,43951.0,27.7,2024-01-15 00:00:00,2024-03-01 00:00:00,46,,,
BANK000805,GL000249,Payment to ABC Inc,GL Entry: XYZ Corp,15.76,"[""amount_only_match""]",amount_only,41865.14,41949.38,84.24,2024-05-07 00:00:00,2024-06-14 00:00:00,38,,,
BANK000806,GL001179,Payment to Finance Partners,GL Entry: Global Services,48.52,"[""amount_only_match""]",amount_only,35261.23,35209.75,51.48,2024-05-20 00:00:00,2024-04-12 00:00:00,38,,,
BANK000807,GL000832,Payment to Software House,GL Entry: Tech Solutions,97.12,"[""amount_only_match""]",amount_only,19907.42,19910.3,2.88,2024-03-04 00:00:00,2024-07-01 00:00:00,119,,,
BANK000810,GL000974,Payment to XYZ Corp,GL Entry: ABC Inc.,21.53,"[""amount_only_match""]",amount_only,37473.16,37394.69,78.47,2024-12-18 00:00:00,2024-12-03 00:00:00,15,,,
BANK000811,GL000462,Payment to Business Tools,GL Entry: ABC INCORPORATED,58.92,"[""amount_only_match""]",amount_only,2577.59,2618.67,41.08,2024-10-19 00:00:00,2024-06-28 00:00:00,113,,,
BANK000813,GL000268,Payment to ABC Inc,GL Entry: Smith & Company,31.37,"[""amount_only_match""]",amount_only,25712.73,25644.1,68.63,2024-12-15 00:00:00,2024-12-27 00:00:00,12,,,
BANK000815,GL000708,Payment to Digital Agency,GL Entry: Tech Solutions,54.88,"[""amount_only_match""]",amount_only,12694.28,12739.4,45.12,2024-06-05 00:00:00,2024-03-02 00:00:00,95,,,
BANK000817,GL000286,Payment to Data Systems,GL Entry: XYZ CORP.,1.23,"[""amount_only_match""]",amount_only,23388.23,23487.0,98.77,2024-12-12 00:00:00,2024-06-23 00:00:00,172,,,
BANK000818,GL000747,Payment to Data Systems,GL Entry: Tech Solutions,51.03,"[""amount_only_match""]",amount_only,29265.91,29216.94,48.97,2024-01-04 00:00:00,2024-03-10 00:00:00,66,,,
BANK000820,GL000893,Payment to Finance Partners,GL Entry: ABC Inc.,85.51,"[""amount_only_match""]",amount_only,5494.42,5479.93,14.49,2024-02-02 00:00:00,2024-02-21 00:00:00,19,,,
BANK000821,GL000883,Payment to Tech Solutions,GL Entry: GLOBAL SERV,35.39,"[""amount_only_match""]",amount_only,16324.34,16388.95,64.61,2024-05-21 00:00:00,2024-05-18 00:00:00,3,,,
BANK000822,GL000570,Payment to Data Systems,GL Entry: Global Svcs,14.37,"[""amount_only_match""]",amount_only,15009.68,14924.05,85.63,2024-03-17 00:00:00,2024-10-14 00:00:00,211,,,
BANK000823,GL000444,Payment to Audit Solutions,GL Entry: Smith & Company,32.17,"[""amount_only_match""]",amount_only,40290.95,40223.12,67.83,2024-11-03 00:00:00,2024-08-29 00:00:00,66,,,
BANK000824,GL000894,Payment to Software House,GL Entry: Global Services,24.03,"[""amount_only_match""]",amount_only,7082.48,7158.45,75.97,2024-01-14 00:00:00,2024-08-25 00:00:00,224,,,
BANK000825,GL000339,Payment to Audit Solutions,GL Entry: XYZ CORP.,16.63,"[""amount_only_match""]",amount_only,13045.37,12962.0,83.37,2024-08-02 00:00:00,2024-05-10 00:00:00,84,,,
BANK000826,GL000910,Payment to Global Services,GL Entry: Tech Solutions LLC,34.2,"[""amount_only_match""]",amount_only,29192.88,29258.68,65.8,2024-10-19 00:00:00,2024-09-23 00:00:00,26,,,
BANK000827,GL000499,Payment to Business Tools,GL Entry: Global Svcs,67.73,"[""amount_only_match""]",amount_only,34347.27,34315.0,32.27,2024-11-22 00:00:00,2024-02-07 00:00:00,289,,,
BANK000828,GL000493,Payment to Smith & Co,GL Entry: ABC INC,57.35,"[""amount_only_match""]",amount_only,17989.01,17946.36,42.65,2024-06-02 00:00:00,2024-09-06 00:00:00,96,,,
BANK000829,GL000566,Payment to Consulting Group,GL Entry: ABC INCORPORATED,27.43,"[""amount_only_match""]",amount_only,9138.68,9211.25,72.57,2024-02-19 00:00:00,2024-05-23 00:00:00,94,,,
BANK000832,GL000937,Payment to Audit Solutions,GL Entry: XYZ Corp,93.23,"[""amount_only_match""]",amount_only,37236.08,37229.31,6.77,2024-06-06 00:00:00,2024-12-05 00:00:00,182,,,
BANK000834,GL000189,Payment to Cloud Services,GL Entry: Global Services Inc,22.95,"[""amount_only_match""]",amount_only,23579.77,23502.72,77.05,2024-11-20 00:00:00,2024-06-22 00:00:00,151,,,
BANK000835,GL000502,Payment to Data Systems,GL Entry: Tech Solutions LLC,82.1,"[""amount_only_match""]",amount_only,3653.67,3671.57,17.9,2024-04-09 00:00:00,2024-02-15 00:00:00,54,,,
BANK000837,GL001000,Payment to Global Services,GL Entry: Smith Co.,47.79,"[""amount_only_match""]",amount_only,42726.56,42778.77,52.21,2024-03-11 00:00:00,2024-07-07 00:00:00,118,,,
BANK000838,GL000112,Payment to Smith & Co,GL Entry: Global Svcs,8.93,"[""amount_only_match""]",amount_only,44652.97,44561.9,91.07,2024-08-22 00:00:00,2024-09-15 00:00:00,24,,,
BANK000839,GL000442,Payment to Finance Partners,GL Entry: GLOBAL SERV,58.35,"[""amount_only_match""]",amount_only,38969.16,39010.81,41.65,2024-09-06 00:00:00,2024-12-17 00:00:00,102,,,
BANK000841,GL000083,Payment to Cloud Services,GL Entry: ABC Inc,5.99,"[""amount_only_match""]",amount_only,38083.54,38177.55,94.01,2024-03-27 00:00:00,2024-06-12 00:00:00,77,,,
BANK000844,GL000009,Payment to ABC Inc,GL Entry: ABC INC,29.83,"[""amount_only_match""]",amount_only,26735.75,26805.92,70.17,2024-07-10 00:00:00,2024-01-20 00:00:00,172,,,
BANK000845,GL000786,Payment to ABC Inc,GL Entry: ABC Inc,91.74,"[""amount_only_match""]",amount_only,9609.78,9618.04,8.26,2024-12-12 00:00:00,2024-08-12 00:00:00,122,,,
BANK000846,GL000900,Payment to Tech Solutions,GL Entry: Smith & Co,74.27,"[""amount_only_match""]",amount_only,11390.66,11364.93,25.73,2024-06-25 00:00:00,2024-04-02 00:00:00,84,,,
BANK000847,GL000887,Payment to Smith & Co,GL Entry: ABC INC,45.5,"[""amount_only_match""]",amount_only,25216.49,25270.99,54.5,2024-06-05 00:00:00,2024-03-25 00:00:00,72,,,
BANK000848,GL000396,Payment to Consulting Group,GL Entry: Global Services,30.02,"[""amount_only_match""]",amount_only,2381.35,2451.33,69.98,2024-05-28 00:00:00,2024-07-25 00:00:00,58,,,
BANK000850,GL000134,Payment to Finance Partners,GL Entry: Smith Co.,16.08,"[""amount_only_match""]",amount_only,49807.33,49723.41,83.92,2024-09-07 00:00:00,2024-08-23 00:00:00,15,,,
BANK000853,GL000416,Payment to Business Tools,GL Entry: GLOBAL SERVICES INC,88.73,"[""amount_only_match""]",amount_only,18392.91,18381.64,11.27,2024-11-29 00:00:00,2024-05-05 00:00:00,208,,,
BANK000854,GL000886,Payment to Business Tools,GL Entry: ABC INC,49.46,"[""amount_only_match""]",amount_only,43839.55,43890.09,50.54,2024-05-10 00:00:00,2024-12-06 00:00:00,210,,,
BANK000856,GL000451,Payment to Audit Solutions,GL Entry: TS Inc,58.58,"[""amount_only_match""]",amount_only,2506.93,2465.51,41.42,2024-02-29 00:00:00,2024-03-31 00:00:00,31,,,
BANK000857,GL000620,Payment to Digital Agency,GL Entry: Smith & Company,61.63,"[""amount_only_match""]",amount_only,27409.39,27371.02,38.37,2024-08-30 00:00:00,2024-09-14 00:00:00,15,,,
BANK000859,GL000817,Payment to Cloud Services,GL Entry: ABC Inc,13.65,"[""amount_only_match""]",amount_only,26063.43,25977.08,86.35,2024-11-14 00:00:00,2024-04-20 00:00:00,208,,,
BANK000861,GL000578,Payment to Consulting Group,GL Entry: ABC INCORPORATED,84.44,"[""amount_only_match""]",amount_only,14207.07,14222.63,15.56,2024-02-24 00:00:00,2024-01-28 00:00:00,27,,,
BANK000862,GL000511,Payment to Global Services,GL Entry: GLOBAL SERV,17.07,"[""amount_only_match""]",amount_only,38920.15,39003.08,82.93,2024-09-24 00:00:00,2024-08-30 00:00:00,25,,,
BANK000863,GL000139,Payment to Data Systems,GL Entry: Global Svcs,78.46,"[""amount_only_match""]",amount_only,14838.02,14816.48,21.54,2024-01-21 00:00:00,2024-04-05 00:00:00,75,,,
BANK000864,GL000667,Payment to Finance Partners,GL Entry: ABC Inc,68.19,"[""amount_only_match""]",amount_only,34441.38,34409.57,31.81,2024-09-03 00:00:00,2024-04-24 00:00:00,132,,,
BANK000865,GL000719,Payment to Cloud Services,GL Entry: TS Inc,64.98,"[""amount_only_match""]",amount_only,33614.49,33579.47,35.02,2024-02-26 00:00:00,2024-02-07 00:00:00,19,,,
BANK000866,GL001198,Payment to XYZ Corp,GL Entry: GLOBAL SERV,56.46,"[""amount_only_match""]",amount_only,47477.36,47520.9,43.54,2024-09-18 00:00:00,2024-06-04 00:00:00,106,,,
BANK000867,GL000203,Payment to Global Services,GL Entry: ABC Inc.,39.49,"[""amount_only_match""]",amount_only,45248.49,45309.0,60.51,2024-11-25 00:00:00,2024-07-30 00:00:00,118,,,
BANK000870,GL000234,Payment to Business Tools,GL Entry: Smith & Co,82.39,"[""amount_only_match""]",amount_only,36953.16,36935.55,17.61,2024-02-18 00:00:00,2024-09-17 00:00:00,212,,,
BANK000872,GL000860,Payment to Tech Solutions,GL Entry: TECH SOLUTIONS,21.81,"[""amount_only_match""]",amount_only,44736.93,44658.74,78.19,2024-11-14 00:00:00,2024-06-12 00:00:00,155,,,
BANK000874,GL000763,Payment to Audit Solutions,GL Entry: XYZ Corp,17.71,"[""amount_only_match""]",amount_only,48119.27,48036.98,82.29,2024-05-19 00:00:00,2024-05-19 00:00:00,0,,,
BANK000875,GL000362,Payment to Business Tools,GL Entry: GLOBAL SERVICES INC,89.02,"[""amount_only_match""]",amount_only,40014.96,40003.98,10.98,2024-11-28 00:00:00,2024-08-13 00:00:00,107,,,
BANK000876,GL001065,Payment to Smith & Co,GL Entry: XYZ CORP,75.14,"[""amount_only_match""]",amount_only,34838.88,34863.74,24.86,2024-01-31 00:00:00,2024-01-05 00:00:00,26,,,
BANK000877,GL000135,Payment to Software House,GL Entry: Smith & Co,10.09,"[""amount_only_match""]",amount_only,24185.48,24095.57,89.91,2024-10-18 00:00:00,2024-11-07 00:00:00,20,,,
BANK000880,GL000282,Payment to ABC Inc,GL Entry: XYZ Corp,22.63,"[""amount_only_match""]",amount_only,44390.94,44468.31,77.37,2024-08-13 00:00:00,2024-12-19 00:00:00,128,,,
BANK000881,GL000109,Payment to Digital Agency,GL Entry: SMITH AND CO,98.68,"[""amount_only_match""]",amount_only,32783.18,32784.5,1.32,2024-01-07 00:00:00,2024-06-09 00:00:00,154,,,
BANK000882,GL000133,Payment to Digital Agency,GL Entry: GLOBAL SERV,73.88,"[""amount_only_match""]",amount_only,38399.68,38373.56,26.12,2024-10-22 00:00:00,2024-08-29 00:00:00,54,,,
BANK000884,GL000677,Payment to Digital Agency,GL Entry: X Y Z Corp,50.38,"[""amount_only_match""]",amount_only,4852.58,4902.2,49.62,2024-12-04 00:00:00,2024-09-18 00:00:00,77,,,
BANK000885,GL000096,Payment to Audit Solutions,GL Entry: SMITH CO,58.86,"[""amount_only_match""]",amount_only,33219.16,33260.3,41.14,2024-11-24 00:00:00,2024-08-08 00:00:00,108,,,
BANK000886,GL000127,Payment to ABC Inc,GL Entry: Tech Solutions,36.03,"[""amount_only_match""]",amount_only,44613.89,44549.92,63.97,2024-11-09 00:00:00,2024-03-06 00:00:00,248,,,
BANK000887,GL000822,Payment to Consulting Group,GL Entry: Smith Co.,43.3,"[""amount_only_match""]",amount_only,46725.13,46668.43,56.7,2024-09-15 00:00:00,2024-01-07 00:00:00,252,,,
BANK000888,GL001102,Payment to Finance Partners,GL Entry: ABC Inc.,45.2,"[""amount_only_match""]",amount_only,3835.78,3890.58,54.8,2024-09-08 00:00:00,2024-05-14 00:00:00,117,,,
BANK000889,GL000487,Payment to Data Systems,GL Entry: ABC Inc,41.11,"[""amount_only_match""]",amount_only,2612.5,2671.39,58.89,2024-04-24 00:00:00,2024-05-20 00:00:00,26,,,
BANK000892,GL001110,Payment to XYZ Corp,GL Entry: Smith & Co,30.71,"[""amount_only_match""]",amount_only,37287.42,37356.71,69.29,2024-01-10 00:00:00,2024-05-17 00:00:00,128,,,
BANK000895,GL000985,Payment to Finance Partners,GL Entry: Tech Solutions,41.12,"[""amount_only_match""]",amount_only,22864.78,22805.9,58.88,2024-06-23 00:00:00,2024-11-11 00:00:00,141,,,
BANK000896,GL000183,Payment to Data Systems,GL Entry: Tech Solutions,84.95,"[""amount_only_match""]",amount_only,42231.44,42246.49,15.05,2024-06-18 00:00:00,2024-10-18 00:00:00,122,,,
BANK000897,GL000792,Payment to Finance Partners,GL Entry: ABC Inc,60.89,"[""amount_only_match""]",amount_only,23709.37,23670.26,39.11,2024-12-02 00:00:00,2024-07-25 00:00:00,130,,,
BANK000899,GL000208,Payment to Business Tools,GL Entry: XYZ Corporation,60.51,"[""amount_only_match""]",amount_only,17821.44,17860.93,39.49,2024-11-20 00:00:00,2024-01-31 00:00:00,294,,,
BANK000902,GL000995,Payment to Global Services,GL Entry: X Y Z Corp,8.63,"[""amount_only_match""]",amount_only,9458.42,9367.05,91.37,2024-07-20 00:00:00,2024-01-28 00:00:00,174,,,
BANK000903,GL000851,Payment to Business Tools,GL Entry: TS Inc,33.69,"[""amount_only_match""]",amount_only,35867.72,35934.03,66.31,2024-02-25 00:00:00,2024-06-21 00:00:00,117,,,
BANK000904,GL000864,Payment to XYZ Corp,GL Entry: XYZ CORP.,1.65,"[""amount_only_match""]",amount_only,41889.57,41987.92,98.35,2024-10-28 00:00:00,2024-12-08 00:00:00,41,,,
BANK000907,GL000811,Payment to Business Tools,GL Entry: A B C Inc,48.53,"[""amount_only_match""]",amount_only,24198.3,24146.83,51.47,2024-09-17 00:00:00,2024-06-14 00:00:00,95,,,
BANK000911,GL000646,Payment to Tech Solutions,GL Entry: Global Services Inc,26.49,"[""amount_only_match""]",amount_only,13752.43,13678.92,73.51,2024-06-24 00:00:00,2024-05-04 00:00:00,51,,,
BANK000916,GL000684,Payment to Data Systems,GL Entry: Smith Co.,69.07,"[""amount_only_match""]",amount_only,48761.46,48792.39,30.93,2024-04-01 00:00:00,2024-06-13 00:00:00,73,,,
BANK000917,GL001088,Payment to Business Tools,GL Entry: SMITH AND CO,47.49,"[""amount_only_match""]",amount_only,16186.83,16134.32,52.51,2024-02-29 00:00:00,2024-09-30 00:00:00,214,,,
BANK000918,GL001069,Payment to Digital Agency,GL Entry: Global Services Inc,8.8,"[""amount_only_match""]",amount_only,29182.03,29273.23,91.2,2024-12-07 00:00:00,2024-12-02 00:00:00,5,,,
BANK000919,GL000615,Payment to Business Tools,GL Entry: XYZ Corporation,18.37,"[""amount_only_match""]",amount_only,14367.81,14286.18,81.63,2024-08-04 00:00:00,2024-02-02 00:00:00,184,,,
BANK000921,GL000560,Payment to Business Tools,GL Entry: GLOBAL SERVICES INC,21.81,"[""amount_only_match""]",amount_only,2924.58,2846.39,78.19,2024-05-16 00:00:00,2024-07-26 00:00:00,71,,,
BANK000923,GL000929,Payment to ABC Inc,GL Entry: Global Services,18.69,"[""amount_only_match""]",amount_only,10279.65,10360.96,81.31,2024-10-04 00:00:00,2024-11-23 00:00:00,50,,,
BANK000926,GL000904,Payment to Audit Solutions,GL Entry: GLOBAL SERVICES INC,43.52,"[""amount_only_match""]",amount_only,34677.51,34733.99,56.48,2024-01-25 00:00:00,2024-07-02 00:00:00,159,,,
BANK000928,GL001046,Payment to Business Tools,GL Entry: ABC INCORPORATED,92.52,"[""amount_only_match""]",amount_only,12641.92,12649.4,7.48,2024-11-13 00:00:00,2024-03-03 00:00:00,255,,,
BANK000931,GL000193,Payment to Software House,GL Entry: ABC INC,80.6,"[""amount_only_match""]",amount_only,14779.47,14798.87,19.4,2024-03-31 00:00:00,2024-07-25 00:00:00,116,,,
BANK000932,GL000960,Payment to XYZ Corp,GL Entry: SMITH AND CO,91.99,"[""amount_only_match""]",amount_only,48127.51,48119.5,8.01,2024-09-20 00:00:00,2024-02-05 00:00:00,228,,,
BANK000935,GL000936,Payment to Cloud Services,GL Entry: Tech Solutions,47.06,"[""amount_only_match""]",amount_only,7769.8,7822.74,52.94,2024-06-14 00:00:00,2024-08-12 00:00:00,59,,,
BANK000936,GL001026,Payment to Software House,GL Entry: XYZ Corporation,87.4,"[""amount_only_match""]",amount_only,46625.86,46638.46,12.6,2024-11-11 00:00:00,2024-11-11 00:00:00,0,,,
BANK000937,GL000759,Payment to Business Tools,GL Entry: ABC Inc,15.7,"[""amount_only_match""]",amount_only,27552.99,27468.69,84.3,2024-02-07 00:00:00,2024-08-09 00:00:00,184,,,
BANK000938,GL000042,Payment to Data Systems,GL Entry: Global Services,5.97,"[""amount_only_match""]",amount_only,11076.1,11170.13,94.03,2024-04-04 00:00:00,2024-05-16 00:00:00,42,,,
BANK000939,GL000748,Payment to Data Systems,GL Entry: Tech Solutions LLC,61.0,"[""amount_only_match""]",amount_only,25306.5,25345.5,39.0,2024-07-31 00:00:00,2024-02-12 00:00:00,170,,,
BANK000941,GL000469,Payment to Data Systems,GL Entry: XYZ Corporation,74.23,"[""amount_only_match""]",amount_only,14749.36,14723.59,25.77,2024-11-12 00:00:00,2024-11-08 00:00:00,4,,,
BANK000942,GL000350,Payment to ABC Inc,GL Entry: Tech Solutions,13.95,"[""amount_only_match""]",amount_only,41202.05,41116.0,86.05,2024-11-28 00:00:00,2024-07-11 00:00:00,140,,,
BANK000943,GL000970,Payment to Cloud Services,GL Entry: Smith & Company,72.62,"[""amount_only_match""]",amount_only,22338.8,22311.42,27.38,2024-11-24 00:00:00,2024-08-11 00:00:00,105,,,
BANK000944,GL001113,Payment to Finance Partners,GL Entry: Tech Solutions LLC,37.73,"[""amount_only_match""]",amount_only,47948.95,48011.22,62.27,2024-12-15 00:00:00,2024-04-06 00:00:00,253,,,
BANK000946,GL000401,Payment to Data Systems,GL Entry: SMITH AND CO,1.81,"[""amount_only_match""]",amount_only,41123.24,41221.43,98.19,2024-07-10 00:00:00,2024-07-12 00:00:00,2,,,
BANK000947,GL001196,Payment to Software House,GL Entry: Tech Solutions,17.56,"[""amount_only_match""]",amount_only,24391.55,24473.99,82.44,2024-05-31 00:00:00,2024-09-05 00:00:00,97,,,
BANK000949,GL000120,Payment to XYZ Corp,GL Entry: Tech Solutions,30.3,"[""amount_only_match""]",amount_only,26706.97,26637.27,69.7,2024-11-16 00:00:00,2024-10-29 00:00:00,18,,,
BANK000950,GL000413,Payment to Audit Solutions,GL Entry: ABC Inc,92.0,"[""amount_only_match""]",amount_only,38701.76,38693.76,8.0,2024-12-16 00:00:00,2024-07-01 00:00:00,168,,,
BANK000951,GL000939,Payment to Digital Agency,GL Entry: Tech Solutions,65.37,"[""amount_only_match""]",amount_only,26933.94,26968.57,34.63,2024-12-25 00:00:00,2024-06-30 00:00:00,178,,,
BANK000953,GL000540,Payment to ABC Inc,GL Entry: Global Services,29.34,"[""amount_only_match""]",amount_only,23015.34,23086.0,70.66,2024-06-18 00:00:00,2024-09-05 00:00:00,79,,,
BANK000954,GL001010,Payment to Data Systems,GL Entry: Smith Co.,2.5,"[""amount_only_match""]",amount_only,2807.98,2710.48,97.5,2024-05-08 00:00:00,2024-07-13 00:00:00,66,,,
BANK000955,GL000383,Payment to Audit Solutions,GL Entry: Tech Solutions,10.63,"[""amount_only_match""]",amount_only,41098.8,41009.43,89.37,2024-05-12 00:00:00,2024-12-02 00:00:00,204,,,
BANK000956,GL000522,Payment to ABC Inc,GL Entry: ABC INCORPORATED,10.65,"[""amount_only_match""]",amount_only,20281.96,20192.61,89.35,2024-06-10 00:00:00,2024-12-20 00:00:00,193,,,
BANK000957,GL000179,Payment to Digital Agency,GL Entry: TS Inc,76.12,"[""amount_only_match""]",amount_only,26788.24,26764.36,23.88,2024-11-24 00:00:00,2024-10-12 00:00:00,43,,,
BANK000958,GL000874,Payment to Finance Partners,GL Entry: XYZ CORP.,2.11,"[""amount_only_match""]",amount_only,2371.29,2469.18,97.89,2024-02-07 00:00:00,2024-03-10 00:00:00,32,,,
BANK000959,GL000637,Payment to Tech Solutions,GL Entry: X Y Z Corp,11.6,"[""amount_only_match""]",amount_only,14562.85,14474.45,88.4,2024-12-17 00:00:00,2024-06-01 00:00:00,199,,,
BANK000960,GL000443,Payment to Audit Solutions,GL Entry: ABC Inc,2.67,"[""amount_only_match""]",amount_only,38287.18,38189.85,97.33,2024-08-12 00:00:00,2024-05-19 00:00:00,85,,,
BANK000961,GL000770,Payment to Data Systems,GL Entry: XYZ Corporation,8.26,"[""amount_only_match""]",amount_only,1637.88,1729.62,91.74,2024-03-21 00:00:00,2024-10-07 00:00:00,200,,,
BANK000962,GL000156,Payment to Tech Solutions,GL Entry: ABC Inc,43.46,"[""amount_only_match""]",amount_only,39858.84,39802.3,56.54,2024-10-06 00:00:00,2024-04-29 00:00:00,160,,,
BANK000963,GL000556,Payment to Finance Partners,GL Entry: Tech Solutions,8.54,"[""amount_only_match""]",amount_only,14973.02,14881.56,91.46,2024-11-27 00:00:00,2024-08-29 00:00:00,90,,,
BANK000965,GL001184,Payment to Data Systems,GL Entry: Global Svcs,12.19,"[""amount_only_match""]",amount_only,28678.66,28590.85,87.81,2024-07-20 00:00:00,2024-09-16 00:00:00,58,,,
BANK000966,GL000411,Payment to Global Services,GL Entry: ABC Inc,93.51,"[""amount_only_match""]",amount_only,15304.09,15297.6,6.49,2024-06-25 00:00:00,2024-06-04 00:00:00,21,,,
BANK000967,GL001125,Payment to Smith & Co,GL Entry: Global Services Inc,15.2,"[""amount_only_match""]",amount_only,42587.8,42503.0,84.8,2024-03-13 00:00:00,2024-10-24 00:00:00,225,,,
BANK000972,GL000503,Payment to Tech Solutions,GL Entry: TS Inc,31.32,"[""amount_only_match""]",amount_only,32808.1,32876.78,68.68,2024-02-21 00:00:00,2024-07-07 00:00:00,137,,,
BANK000973,GL000294,Payment to Finance Partners,GL Entry: SMITH CO,3.22,"[""amount_only_match""]",amount_only,15957.52,15860.74,96.78,2024-08-18 00:00:00,2024-12-04 00:00:00,108,,,
BANK000974,GL001186,Payment to Cloud Services,GL Entry: TECH SOLUTIONS,28.84,"[""amount_only_match""]",amount_only,34703.56,34774.72,71.16,2024-03-19 00:00:00,2024-11-20 00:00:00,246,,,
BANK000976,GL001148,Payment to Audit Solutions,GL Entry: ABC Inc.,4.56,"[""amount_only_match""]",amount_only,35638.74,35543.3,95.44,2024-11-24 00:00:00,2024-04-06 00:00:00,232,,,
BANK000978,GL000727,Payment to Data Systems,GL Entry: ABC Inc,86.44,"[""amount_only_match""]",amount_only,38760.87,38747.31,13.56,2024-09-06 00:00:00,2024-06-28 00:00:00,70,,,
BANK000981,GL000996,Payment to ABC Inc,GL Entry: Tech Solutions LLC,17.89,"[""amount_only_match""]",amount_only,42494.4,42412.29,82.11,2024-11-19 00:00:00,2024-02-04 00:00:00,289,,,
BANK000982,GL000605,Payment to Global Services,GL Entry: Global Services Inc,27.37,"[""amount_only_match""]",amount_only,20316.21,20388.84,72.63,2024-10-29 00:00:00,2024-12-20 00:00:00,52,,,
BANK000983,GL000791,Payment to Consulting Group,GL Entry: Smith & Co,64.72,"[""amount_only_match""]",amount_only,13104.75,13069.47,35.28,2024-10-03 00:00:00,2024-07-19 00:00:00,76,,,
BANK000984,GL000575,Payment to Business Tools,GL Entry: XYZ Corporation,95.93,"[""amount_only_match""]",amount_only,18354.35,18358.42,4.07,2024-04-24 00:00:00,2024-08-20 00:00:00,118,,,
BANK000989,GL000114,Payment to Finance Partners,GL Entry: ABC Inc.,80.68,"[""amount_only_match""]",amount_only,36822.4,36841.72,19.32,2024-09-04 00:00:00,2024-07-01 00:00:00,65,,,
BANK000990,GL001092,Payment to XYZ Corp,GL Entry: Tech Solutions LLC,0.26,"[""amount_only_match""]",amount_only,38097.47,38197.21,99.74,2024-04-28 00:00:00,2024-06-16 00:00:00,49,,,
BANK000991,GL000809,Payment to Data Systems,GL Entry: XYZ Corporation,11.72,"[""amount_only_match""]",amount_only,2236.14,2147.86,88.28,2024-04-15 00:00:00,2024-09-12 00:00:00,150,,,
BANK000995,GL000999,Payment to Finance Partners,GL Entry: TS Inc,67.48,"[""amount_only_match""]",amount_only,18895.31,18862.79,32.52,2024-07-12 00:00:00,2024-07-08 00:00:00,4,,,
BANK000996,GL000705,Payment to Global Services,GL Entry: ABC Inc,44.39,"[""amount_only_match""]",amount_only,25881.48,25937.09,55.61,2024-07-11 00:00:00,2024-07-08 00:00:00,3,,,
BANK000999,GL000330,Payment to Global Services,GL Entry: X Y Z Corp,91.37,"[""amount_only_match""]",amount_only,25775.61,25766.98,8.63,2024-05-23 00:00:00,2024-04-26 00:00:00,27,,,
