transaction_id,vendor,amount,source,date,historical_transaction_count,historical_amounts,anomaly_type
BANK000355,xyz,22485.21,bank,2024-01-03 00:00:00,1,[27900.84],amount_not_seen_in_6_months
GL000209,smith,15900.1,gl,2024-01-03 00:00:00,1,[17955.34],amount_not_seen_in_6_months
GL000457,tech solutions,3308.71,gl,2024-01-03 00:00:00,1,[27442.07],amount_not_seen_in_6_months
BANK000818,data systems,29265.91,bank,2024-01-04 00:00:00,1,[38561.23],amount_not_seen_in_6_months
GL000507,global services,35880.5,gl,2024-01-04 00:00:00,1,[41487.0],amount_not_seen_in_6_months
GL001106,global services,27524.23,gl,2024-01-04 00:00:00,1,[41487.0],amount_not_seen_in_6_months
GL001140,smith,2080.6,gl,2024-01-04 00:00:00,2,"[15900.1, 17955.34]",amount_not_seen_in_6_months
GL000223,global services,47249.11,gl,2024-01-05 00:00:00,3,"[27524.23, 35880.5, 41487.0]",amount_not_seen_in_6_months
GL000281,smith,37439.48,gl,2024-01-05 00:00:00,3,"[2080.6, 15900.1, 17955.34]",amount_not_seen_in_6_months
GL001065,xyz,34863.74,gl,2024-01-05 00:00:00,2,"[22485.21, 27900.84]",amount_not_seen_in_6_months
BANK000986,software house,18256.89,bank,2024-01-06 00:00:00,1,[43259.04],amount_not_seen_in_6_months
BANK000568,tech solutions,43199.54,bank,2024-01-07 00:00:00,2,"[3308.71, 27442.07]",amount_not_seen_in_6_months
BANK000687,global services,2297.49,bank,2024-01-07 00:00:00,4,"[27524.23, 35880.5, 41487.0, 47249.11]",amount_not_seen_in_6_months
BANK000789,business tools,26032.44,bank,2024-01-07 00:00:00,1,[47554.41],amount_not_seen_in_6_months
BANK000881,digital agency,32783.18,bank,2024-01-07 00:00:00,1,[6454.68],amount_not_seen_in_6_months
GL000052,smith,47247.48,gl,2024-01-07 00:00:00,4,"[2080.6, 15900.1, 17955.34, 37439.48]",amount_not_seen_in_6_months
GL000357,smith,31733.91,gl,2024-01-07 00:00:00,4,"[2080.6, 15900.1, 17955.34, 37439.48]",amount_not_seen_in_6_months
GL000485,xyz,35510.46,gl,2024-01-07 00:00:00,3,"[22485.21, 27900.84, 34863.74]",amount_not_seen_in_6_months
GL000681,abc,6354.58,gl,2024-01-07 00:00:00,2,"[16521.4, 29847.73]",amount_not_seen_in_6_months
GL000822,smith,46668.43,gl,2024-01-07 00:00:00,4,"[2080.6, 15900.1, 17955.34, 37439.48]",amount_not_seen_in_6_months
BANK000196,data systems,15606.43,bank,2024-01-08 00:00:00,2,"[29265.91, 38561.23]",amount_not_seen_in_6_months
BANK000211,digital agency,45531.04,bank,2024-01-08 00:00:00,2,"[6454.68, 32783.18]",amount_not_seen_in_6_months
BANK000520,global services,15229.08,bank,2024-01-08 00:00:00,5,"[2297.49, 27524.23, 35880.5, 41487.0, 47249.11]",amount_not_seen_in_6_months
GL000676,xyz,8393.58,gl,2024-01-08 00:00:00,4,"[22485.21, 27900.84, 34863.74, 35510.46]",amount_not_seen_in_6_months
BANK000153,xyz,22463.91,bank,2024-01-09 00:00:00,5,"[8393.58, 22485.21, 27900.84, 34863.74, 35510.46]",amount_not_seen_in_6_months
BANK000527,tech solutions,37088.49,bank,2024-01-09 00:00:00,3,"[3308.71, 27442.07, 43199.54]",amount_not_seen_in_6_months
GL000034,xyz,31850.56,gl,2024-01-09 00:00:00,5,"[8393.58, 22485.21, 27900.84, 34863.74, 35510.46]",amount_not_seen_in_6_months
GL000297,global svcs,4025.65,gl,2024-01-09 00:00:00,1,[38694.03],amount_not_seen_in_6_months
GL001099,xyz,34015.18,gl,2024-01-09 00:00:00,5,"[8393.58, 22485.21, 27900.84, 34863.74, 35510.46]",amount_not_seen_in_6_months
BANK000892,xyz,37287.42,bank,2024-01-10 00:00:00,8,"[8393.58, 22463.91, 22485.21, 27900.84, 31850.56, 34015.18, 34863.74, 35510.46]",amount_not_seen_in_6_months
GL000432,abc,45878.6,gl,2024-01-10 00:00:00,3,"[6354.58, 16521.4, 29847.73]",amount_not_seen_in_6_months
GL000519,global services,21818.27,gl,2024-01-10 00:00:00,6,"[2297.49, 15229.08, 27524.23, 35880.5, 41487.0, 47249.11]",amount_not_seen_in_6_months
GL001042,tech solutions,24917.0,gl,2024-01-10 00:00:00,4,"[3308.71, 27442.07, 37088.49, 43199.54]",amount_not_seen_in_6_months
GL001089,abc,49610.25,gl,2024-01-10 00:00:00,3,"[6354.58, 16521.4, 29847.73]",amount_not_seen_in_6_months
BANK000120,business tools,47308.5,bank,2024-01-11 00:00:00,2,"[26032.44, 47554.41]",amount_not_seen_in_6_months
BANK000184,business tools,29397.43,bank,2024-01-11 00:00:00,2,"[26032.44, 47554.41]",amount_not_seen_in_6_months
GL000035,smith,3964.59,gl,2024-01-11 00:00:00,7,"[2080.6, 15900.1, 17955.34, 31733.91, 37439.48, 46668.43, 47247.48]",amount_not_seen_in_6_months
GL000080,global serv,25561.08,gl,2024-01-11 00:00:00,1,[30092.29],amount_not_seen_in_6_months
BANK000498,tech solutions,41757.6,bank,2024-01-12 00:00:00,5,"[3308.71, 24917.0, 27442.07, 37088.49, 43199.54]",amount_not_seen_in_6_months
GL000640,tech solutions,23381.51,gl,2024-01-12 00:00:00,5,"[3308.71, 24917.0, 27442.07, 37088.49, 43199.54]",amount_not_seen_in_6_months
GL000775,tech solutions,22337.66,gl,2024-01-12 00:00:00,5,"[3308.71, 24917.0, 27442.07, 37088.49, 43199.54]",amount_not_seen_in_6_months
BANK000001,digital agency,32007.4,bank,2024-01-13 00:00:00,3,"[6454.68, 32783.18, 45531.04]",amount_not_seen_in_6_months
BANK000083,smith,44082.67,bank,2024-01-13 00:00:00,8,"[2080.6, 3964.59, 15900.1, 17955.34, 31733.91, 37439.48, 46668.43, 47247.48]",amount_not_seen_in_6_months
GL000400,xyz,34133.94,gl,2024-01-13 00:00:00,9,"[8393.58, 22463.91, 22485.21, 27900.84, 31850.56, 34015.18, 34863.74, 35510.46, 37287.42]",amount_not_seen_in_6_months
GL000531,a b c,20888.48,gl,2024-01-13 00:00:00,1,[17880.85],amount_not_seen_in_6_months
GL000594,global services,37248.83,gl,2024-01-13 00:00:00,7,"[2297.49, 15229.08, 21818.27, 27524.23, 35880.5, 41487.0, 47249.11]",amount_not_seen_in_6_months
BANK000261,smith,5585.32,bank,2024-01-14 00:00:00,9,"[2080.6, 3964.59, 15900.1, 17955.34, 31733.91, 37439.48, 44082.67, 46668.43, 47247.48]",amount_not_seen_in_6_months
BANK000824,software house,7082.48,bank,2024-01-14 00:00:00,2,"[18256.89, 43259.04]",amount_not_seen_in_6_months
GL000850,xyz,30602.0,gl,2024-01-14 00:00:00,10,"[8393.58, 22463.91, 22485.21, 27900.84, 31850.56, 34015.18, 34133.94, 34863.74, 35510.46, 37287.42]",amount_not_seen_in_6_months
GL001101,global services,34539.95,gl,2024-01-14 00:00:00,8,"[2297.49, 15229.08, 21818.27, 27524.23, 35880.5, 37248.83, 41487.0, 47249.11]",amount_not_seen_in_6_months
BANK000090,xyz,16624.38,bank,2024-01-15 00:00:00,11,"[8393.58, 22463.91, 22485.21, 27900.84, 30602.0, 31850.56, 34015.18, 34133.94, 34863.74, 35510.46]",amount_not_seen_in_6_months
BANK000738,digital agency,45707.6,bank,2024-01-15 00:00:00,4,"[6454.68, 32007.4, 32783.18, 45531.04]",amount_not_seen_in_6_months
BANK000804,smith,43978.7,bank,2024-01-15 00:00:00,10,"[2080.6, 3964.59, 5585.32, 15900.1, 17955.34, 31733.91, 37439.48, 44082.67, 46668.43, 47247.48]",amount_not_seen_in_6_months
GL000552,xyz,16109.54,gl,2024-01-15 00:00:00,11,"[8393.58, 22463.91, 22485.21, 27900.84, 30602.0, 31850.56, 34015.18, 34133.94, 34863.74, 35510.46]",amount_not_seen_in_6_months
GL000648,xyz,6733.37,gl,2024-01-15 00:00:00,11,"[8393.58, 22463.91, 22485.21, 27900.84, 30602.0, 31850.56, 34015.18, 34133.94, 34863.74, 35510.46]",amount_not_seen_in_6_months
GL000740,abc,22446.79,gl,2024-01-15 00:00:00,5,"[6354.58, 16521.4, 29847.73, 45878.6, 49610.25]",amount_not_seen_in_6_months
GL000952,global svcs,32200.4,gl,2024-01-15 00:00:00,2,"[4025.65, 38694.03]",amount_not_seen_in_6_months
GL000953,smith,5120.04,gl,2024-01-15 00:00:00,10,"[2080.6, 3964.59, 5585.32, 15900.1, 17955.34, 31733.91, 37439.48, 44082.67, 46668.43, 47247.48]",amount_not_seen_in_6_months
GL000966,xyz,1462.42,gl,2024-01-15 00:00:00,11,"[8393.58, 22463.91, 22485.21, 27900.84, 30602.0, 31850.56, 34015.18, 34133.94, 34863.74, 35510.46]",amount_not_seen_in_6_months
GL000972,tech sol,22240.1,gl,2024-01-15 00:00:00,1,[44985.32],amount_not_seen_in_6_months
BANK000289,xyz,37074.36,bank,2024-01-16 00:00:00,15,"[1462.42, 6733.37, 8393.58, 16109.54, 16624.38, 22463.91, 22485.21, 27900.84, 30602.0, 31850.56]",amount_not_seen_in_6_months
GL000569,abc,1815.94,gl,2024-01-16 00:00:00,6,"[6354.58, 16521.4, 22446.79, 29847.73, 45878.6, 49610.25]",amount_not_seen_in_6_months
GL000711,xyz,15410.6,gl,2024-01-16 00:00:00,15,"[1462.42, 6733.37, 8393.58, 16109.54, 16624.38, 22463.91, 22485.21, 27900.84, 30602.0, 31850.56]",amount_not_seen_in_6_months
GL000746,xyz,17982.0,gl,2024-01-16 00:00:00,15,"[1462.42, 6733.37, 8393.58, 16109.54, 16624.38, 22463.91, 22485.21, 27900.84, 30602.0, 31850.56]",amount_not_seen_in_6_months
BANK000043,finance partners,3463.28,bank,2024-01-17 00:00:00,1,[15059.55],amount_not_seen_in_6_months
GL000055,abc,15901.95,gl,2024-01-17 00:00:00,7,"[1815.94, 6354.58, 16521.4, 22446.79, 29847.73, 45878.6, 49610.25]",amount_not_seen_in_6_months
GL000277,global serv,8584.32,gl,2024-01-17 00:00:00,2,"[25561.08, 30092.29]",amount_not_seen_in_6_months
GL000338,global services,4387.09,gl,2024-01-17 00:00:00,9,"[2297.49, 15229.08, 21818.27, 27524.23, 34539.95, 35880.5, 37248.83, 41487.0, 47249.11]",amount_not_seen_in_6_months
GL000386,global services,47555.23,gl,2024-01-17 00:00:00,9,"[2297.49, 15229.08, 21818.27, 27524.23, 34539.95, 35880.5, 37248.83, 41487.0, 47249.11]",amount_not_seen_in_6_months
GL000397,smith and,26795.0,gl,2024-01-17 00:00:00,1,[7452.57],amount_not_seen_in_6_months
GL000651,smith,41008.6,gl,2024-01-17 00:00:00,12,"[2080.6, 3964.59, 5120.04, 5585.32, 15900.1, 17955.34, 31733.91, 37439.48, 43978.7, 44082.67]",amount_not_seen_in_6_months
GL001056,xyz,32526.62,gl,2024-01-17 00:00:00,18,"[1462.42, 6733.37, 8393.58, 15410.6, 16109.54, 16624.38, 17982.0, 22463.91, 22485.21, 27900.84]",amount_not_seen_in_6_months
GL000304,abc,49182.37,gl,2024-01-18 00:00:00,8,"[1815.94, 6354.58, 15901.95, 16521.4, 22446.79, 29847.73, 45878.6, 49610.25]",amount_not_seen_in_6_months
GL000427,smith,21927.0,gl,2024-01-18 00:00:00,13,"[2080.6, 3964.59, 5120.04, 5585.32, 15900.1, 17955.34, 31733.91, 37439.48, 41008.6, 43978.7]",amount_not_seen_in_6_months
GL000997,tech sol,27055.7,gl,2024-01-18 00:00:00,2,"[22240.1, 44985.32]",amount_not_seen_in_6_months
BANK000373,business tools,23722.65,bank,2024-01-19 00:00:00,4,"[26032.44, 29397.43, 47308.5, 47554.41]",amount_not_seen_in_6_months
BANK000465,audit solutions,46702.74,bank,2024-01-19 00:00:00,1,[22120.17],amount_not_seen_in_6_months
GL000328,tech sol,26583.88,gl,2024-01-19 00:00:00,3,"[22240.1, 27055.7, 44985.32]",amount_not_seen_in_6_months
GL000977,xyz,44864.23,gl,2024-01-19 00:00:00,19,"[1462.42, 6733.37, 8393.58, 15410.6, 16109.54, 16624.38, 17982.0, 22463.91, 22485.21, 27900.84]",amount_not_seen_in_6_months
GL001014,abc,27804.49,gl,2024-01-19 00:00:00,9,"[1815.94, 6354.58, 15901.95, 16521.4, 22446.79, 29847.73, 45878.6, 49182.37, 49610.25]",amount_not_seen_in_6_months
GL001030,xyz,46836.8,gl,2024-01-19 00:00:00,19,"[1462.42, 6733.37, 8393.58, 15410.6, 16109.54, 16624.38, 17982.0, 22463.91, 22485.21, 27900.84]",amount_not_seen_in_6_months
GL000009,abc,26805.92,gl,2024-01-20 00:00:00,10,"[1815.94, 6354.58, 15901.95, 16521.4, 22446.79, 27804.49, 29847.73, 45878.6, 49182.37, 49610.25]",amount_not_seen_in_6_months
GL000274,smith,26357.5,gl,2024-01-20 00:00:00,14,"[2080.6, 3964.59, 5120.04, 5585.32, 15900.1, 17955.34, 21927.0, 31733.91, 37439.48, 41008.6]",amount_not_seen_in_6_months
GL000410,tech solutions,48415.74,gl,2024-01-20 00:00:00,8,"[3308.71, 22337.66, 23381.51, 24917.0, 27442.07, 37088.49, 41757.6, 43199.54]",amount_not_seen_in_6_months
GL000590,smith,41346.67,gl,2024-01-20 00:00:00,14,"[2080.6, 3964.59, 5120.04, 5585.32, 15900.1, 17955.34, 21927.0, 31733.91, 37439.48, 41008.6]",amount_not_seen_in_6_months
GL001024,xyz,18452.68,gl,2024-01-20 00:00:00,21,"[1462.42, 6733.37, 8393.58, 15410.6, 16109.54, 16624.38, 17982.0, 22463.91, 22485.21, 27900.84]",amount_not_seen_in_6_months
BANK000080,finance partners,18296.11,bank,2024-01-21 00:00:00,2,"[3463.28, 15059.55]",amount_not_seen_in_6_months
BANK000182,audit solutions,4114.05,bank,2024-01-21 00:00:00,2,"[22120.17, 46702.74]",amount_not_seen_in_6_months
BANK000234,tech solutions,31410.16,bank,2024-01-21 00:00:00,9,"[3308.71, 22337.66, 23381.51, 24917.0, 27442.07, 37088.49, 41757.6, 43199.54, 48415.74]",amount_not_seen_in_6_months
BANK000670,abc,13183.05,bank,2024-01-21 00:00:00,11,"[1815.94, 6354.58, 15901.95, 16521.4, 22446.79, 26805.92, 27804.49, 29847.73, 45878.6, 49182.37]",amount_not_seen_in_6_months
BANK000863,data systems,14838.02,bank,2024-01-21 00:00:00,3,"[15606.43, 29265.91, 38561.23]",amount_not_seen_in_6_months
GL000669,xyz,33134.47,gl,2024-01-21 00:00:00,22,"[1462.42, 6733.37, 8393.58, 15410.6, 16109.54, 16624.38, 17982.0, 18452.68, 22463.91, 22485.21]",amount_not_seen_in_6_months
BANK000302,audit solutions,43102.04,bank,2024-01-22 00:00:00,3,"[4114.05, 22120.17, 46702.74]",amount_not_seen_in_6_months
BANK000321,consulting group,47716.15,bank,2024-01-22 00:00:00,1,[17313.87],amount_not_seen_in_6_months
GL000398,xyz,22376.18,gl,2024-01-22 00:00:00,23,"[1462.42, 6733.37, 8393.58, 15410.6, 16109.54, 16624.38, 17982.0, 18452.68, 22463.91, 22485.21]",amount_not_seen_in_6_months
GL001075,xyz,29886.11,gl,2024-01-22 00:00:00,23,"[1462.42, 6733.37, 8393.58, 15410.6, 16109.54, 16624.38, 17982.0, 18452.68, 22463.91, 22485.21]",amount_not_seen_in_6_months
BANK000009,digital agency,30225.93,bank,2024-01-23 00:00:00,5,"[6454.68, 32007.4, 32783.18, 45531.04, 45707.6]",amount_not_seen_in_6_months
BANK000590,cloud services,32385.29,bank,2024-01-23 00:00:00,1,[10638.39],amount_not_seen_in_6_months
GL001061,tech solutions,6350.22,gl,2024-01-23 00:00:00,10,"[3308.71, 22337.66, 23381.51, 24917.0, 27442.07, 31410.16, 37088.49, 41757.6, 43199.54, 48415.74]",amount_not_seen_in_6_months
BANK000105,global services,7452.96,bank,2024-01-24 00:00:00,11,"[2297.49, 4387.09, 15229.08, 21818.27, 27524.23, 34539.95, 35880.5, 37248.83, 41487.0, 47249.11]",amount_not_seen_in_6_months
BANK000491,audit solutions,28957.73,bank,2024-01-24 00:00:00,4,"[4114.05, 22120.17, 43102.04, 46702.74]",amount_not_seen_in_6_months
GL000144,global svcs,21200.94,gl,2024-01-24 00:00:00,3,"[4025.65, 32200.4, 38694.03]",amount_not_seen_in_6_months
GL000425,tech solutions,14326.14,gl,2024-01-24 00:00:00,11,"[3308.71, 6350.22, 22337.66, 23381.51, 24917.0, 27442.07, 31410.16, 37088.49, 41757.6, 43199.54]",amount_not_seen_in_6_months
GL001043,smith,6756.75,gl,2024-01-24 00:00:00,16,"[2080.6, 3964.59, 5120.04, 5585.32, 15900.1, 17955.34, 21927.0, 26357.5, 31733.91, 37439.48]",amount_not_seen_in_6_months
GL001188,smith,10364.42,gl,2024-01-24 00:00:00,16,"[2080.6, 3964.59, 5120.04, 5585.32, 15900.1, 17955.34, 21927.0, 26357.5, 31733.91, 37439.48]",amount_not_seen_in_6_months
BANK000374,software house,17913.01,bank,2024-01-25 00:00:00,3,"[7082.48, 18256.89, 43259.04]",amount_not_seen_in_6_months
BANK000855,software house,29736.81,bank,2024-01-25 00:00:00,3,"[7082.48, 18256.89, 43259.04]",amount_not_seen_in_6_months
BANK000906,data systems,316.45,bank,2024-01-25 00:00:00,4,"[14838.02, 15606.43, 29265.91, 38561.23]",amount_not_seen_in_6_months
BANK000926,audit solutions,34677.51,bank,2024-01-25 00:00:00,5,"[4114.05, 22120.17, 28957.73, 43102.04, 46702.74]",amount_not_seen_in_6_months
GL000024,smith,29712.51,gl,2024-01-25 00:00:00,18,"[2080.6, 3964.59, 5120.04, 5585.32, 6756.75, 10364.42, 15900.1, 17955.34, 21927.0, 26357.5]",amount_not_seen_in_6_months
BANK000230,cloud services,43266.86,bank,2024-01-26 00:00:00,2,"[10638.39, 32385.29]",amount_not_seen_in_6_months
BANK000868,xyz,13279.84,bank,2024-01-26 00:00:00,25,"[1462.42, 6733.37, 8393.58, 15410.6, 16109.54, 16624.38, 17982.0, 18452.68, 22376.18, 22463.91]",amount_not_seen_in_6_months
GL000609,global services,26102.65,gl,2024-01-26 00:00:00,12,"[2297.49, 4387.09, 7452.96, 15229.08, 21818.27, 27524.23, 34539.95, 35880.5, 37248.83, 41487.0]",amount_not_seen_in_6_months
GL000683,x y z,362.04,gl,2024-01-26 00:00:00,1,[35501.43],amount_not_seen_in_6_months
GL000946,global serv,21802.1,gl,2024-01-26 00:00:00,3,"[8584.32, 25561.08, 30092.29]",amount_not_seen_in_6_months
BANK000193,global services,31307.9,bank,2024-01-27 00:00:00,13,"[2297.49, 4387.09, 7452.96, 15229.08, 21818.27, 26102.65, 27524.23, 34539.95, 35880.5, 37248.83]",amount_not_seen_in_6_months
BANK000327,business tools,33977.0,bank,2024-01-27 00:00:00,5,"[23722.65, 26032.44, 29397.43, 47308.5, 47554.41]",amount_not_seen_in_6_months
BANK000440,cloud services,28923.96,bank,2024-01-27 00:00:00,3,"[10638.39, 32385.29, 43266.86]",amount_not_seen_in_6_months
GL000027,global svcs,28582.66,gl,2024-01-27 00:00:00,4,"[4025.65, 21200.94, 32200.4, 38694.03]",amount_not_seen_in_6_months
GL000250,xyz,48196.05,gl,2024-01-27 00:00:00,26,"[1462.42, 6733.37, 8393.58, 13279.84, 15410.6, 16109.54, 16624.38, 17982.0, 18452.68, 22376.18]",amount_not_seen_in_6_months
GL000896,global svcs,48657.13,gl,2024-01-27 00:00:00,4,"[4025.65, 21200.94, 32200.4, 38694.03]",amount_not_seen_in_6_months
GL001103,tech solutions,34574.39,gl,2024-01-27 00:00:00,12,"[3308.71, 6350.22, 14326.14, 22337.66, 23381.51, 24917.0, 27442.07, 31410.16, 37088.49, 41757.6]",amount_not_seen_in_6_months
GL000260,tech solutions,19363.87,gl,2024-01-28 00:00:00,13,"[3308.71, 6350.22, 14326.14, 22337.66, 23381.51, 24917.0, 27442.07, 31410.16, 34574.39, 37088.49]",amount_not_seen_in_6_months
GL000287,abc,13539.48,gl,2024-01-28 00:00:00,12,"[1815.94, 6354.58, 13183.05, 15901.95, 16521.4, 22446.79, 26805.92, 27804.49, 29847.73, 45878.6]",amount_not_seen_in_6_months
GL000578,abc,14222.63,gl,2024-01-28 00:00:00,12,"[1815.94, 6354.58, 13183.05, 15901.95, 16521.4, 22446.79, 26805.92, 27804.49, 29847.73, 45878.6]",amount_not_seen_in_6_months
GL000995,x y z,9367.05,gl,2024-01-28 00:00:00,2,"[362.04, 35501.43]",amount_not_seen_in_6_months
GL001152,smith,18808.2,gl,2024-01-28 00:00:00,19,"[2080.6, 3964.59, 5120.04, 5585.32, 6756.75, 10364.42, 15900.1, 17955.34, 21927.0, 26357.5]",amount_not_seen_in_6_months
BANK000018,global services,16281.71,bank,2024-01-29 00:00:00,14,"[2297.49, 4387.09, 7452.96, 15229.08, 21818.27, 26102.65, 27524.23, 31307.9, 34539.95, 35880.5]",amount_not_seen_in_6_months
BANK000219,tech solutions,16286.3,bank,2024-01-29 00:00:00,14,"[3308.71, 6350.22, 14326.14, 19363.87, 22337.66, 23381.51, 24917.0, 27442.07, 31410.16, 34574.39]",amount_not_seen_in_6_months
BANK000735,business tools,13399.7,bank,2024-01-29 00:00:00,6,"[23722.65, 26032.44, 29397.43, 33977.0, 47308.5, 47554.41]",amount_not_seen_in_6_months
BANK000802,data systems,43372.73,bank,2024-01-29 00:00:00,5,"[316.45, 14838.02, 15606.43, 29265.91, 38561.23]",amount_not_seen_in_6_months
GL000124,a b c,32991.53,gl,2024-01-29 00:00:00,2,"[17880.85, 20888.48]",amount_not_seen_in_6_months
GL000194,smith,16700.52,gl,2024-01-29 00:00:00,20,"[2080.6, 3964.59, 5120.04, 5585.32, 6756.75, 10364.42, 15900.1, 17955.34, 18808.2, 21927.0]",amount_not_seen_in_6_months
GL000926,xyz,28527.57,gl,2024-01-29 00:00:00,27,"[1462.42, 6733.37, 8393.58, 13279.84, 15410.6, 16109.54, 16624.38, 17982.0, 18452.68, 22376.18]",amount_not_seen_in_6_months
BANK000382,xyz,32009.52,bank,2024-01-30 00:00:00,28,"[1462.42, 6733.37, 8393.58, 13279.84, 15410.6, 16109.54, 16624.38, 17982.0, 18452.68, 22376.18]",amount_not_seen_in_6_months
BANK000840,abc,15739.36,bank,2024-01-30 00:00:00,14,"[1815.94, 6354.58, 13183.05, 13539.48, 14222.63, 15901.95, 16521.4, 22446.79, 26805.92, 27804.49]",amount_not_seen_in_6_months
GL000196,xyz,37035.24,gl,2024-01-30 00:00:00,28,"[1462.42, 6733.37, 8393.58, 13279.84, 15410.6, 16109.54, 16624.38, 17982.0, 18452.68, 22376.18]",amount_not_seen_in_6_months
GL000232,xyz,18988.37,gl,2024-01-30 00:00:00,28,"[1462.42, 6733.37, 8393.58, 13279.84, 15410.6, 16109.54, 16624.38, 17982.0, 18452.68, 22376.18]",amount_not_seen_in_6_months
GL001170,xyz,17645.9,gl,2024-01-30 00:00:00,28,"[1462.42, 6733.37, 8393.58, 13279.84, 15410.6, 16109.54, 16624.38, 17982.0, 18452.68, 22376.18]",amount_not_seen_in_6_months
BANK000171,cloud services,28474.61,bank,2024-01-31 00:00:00,4,"[10638.39, 28923.96, 32385.29, 43266.86]",amount_not_seen_in_6_months
BANK000492,xyz,27104.06,bank,2024-01-31 00:00:00,32,"[1462.42, 6733.37, 8393.58, 13279.84, 15410.6, 16109.54, 16624.38, 17645.9, 17982.0, 18452.68]",amount_not_seen_in_6_months
BANK000876,smith,34838.88,bank,2024-01-31 00:00:00,21,"[2080.6, 3964.59, 5120.04, 5585.32, 6756.75, 10364.42, 15900.1, 16700.52, 17955.34, 18808.2]",amount_not_seen_in_6_months
GL000208,xyz,17860.93,gl,2024-01-31 00:00:00,32,"[1462.42, 6733.37, 8393.58, 13279.84, 15410.6, 16109.54, 16624.38, 17645.9, 17982.0, 18452.68]",amount_not_seen_in_6_months
GL000557,global services,36460.35,gl,2024-01-31 00:00:00,15,"[2297.49, 4387.09, 7452.96, 15229.08, 16281.71, 21818.27, 26102.65, 27524.23, 31307.9, 34539.95]",amount_not_seen_in_6_months
BANK000267,consulting group,48204.91,bank,2024-02-01 00:00:00,2,"[17313.87, 47716.15]",amount_not_seen_in_6_months
BANK000445,digital agency,43653.6,bank,2024-02-01 00:00:00,6,"[6454.68, 30225.93, 32007.4, 32783.18, 45531.04, 45707.6]",amount_not_seen_in_6_months
BANK000508,data systems,15095.0,bank,2024-02-01 00:00:00,6,"[316.45, 14838.02, 15606.43, 29265.91, 38561.23, 43372.73]",amount_not_seen_in_6_months
BANK000780,audit solutions,11452.89,bank,2024-02-01 00:00:00,6,"[4114.05, 22120.17, 28957.73, 34677.51, 43102.04, 46702.74]",amount_not_seen_in_6_months
GL000219,smith,11338.15,gl,2024-02-01 00:00:00,22,"[2080.6, 3964.59, 5120.04, 5585.32, 6756.75, 10364.42, 15900.1, 16700.52, 17955.34, 18808.2]",amount_not_seen_in_6_months
GL000243,tech solutions,10471.11,gl,2024-02-01 00:00:00,15,"[3308.71, 6350.22, 14326.14, 16286.3, 19363.87, 22337.66, 23381.51, 24917.0, 27442.07, 31410.16]",amount_not_seen_in_6_months
GL000584,global serv,32112.05,gl,2024-02-01 00:00:00,4,"[8584.32, 21802.1, 25561.08, 30092.29]",amount_not_seen_in_6_months
GL001126,smith,41935.23,gl,2024-02-01 00:00:00,22,"[2080.6, 3964.59, 5120.04, 5585.32, 6756.75, 10364.42, 15900.1, 16700.52, 17955.34, 18808.2]",amount_not_seen_in_6_months
GL001182,smith,39695.14,gl,2024-02-01 00:00:00,22,"[2080.6, 3964.59, 5120.04, 5585.32, 6756.75, 10364.42, 15900.1, 16700.52, 17955.34, 18808.2]",amount_not_seen_in_6_months
BANK000571,smith,24706.88,bank,2024-02-02 00:00:00,25,"[2080.6, 3964.59, 5120.04, 5585.32, 6756.75, 10364.42, 11338.15, 15900.1, 16700.52, 17955.34]",amount_not_seen_in_6_months
BANK000820,finance partners,5494.42,bank,2024-02-02 00:00:00,3,"[3463.28, 15059.55, 18296.11]",amount_not_seen_in_6_months
GL000119,tech solutions,4163.17,gl,2024-02-02 00:00:00,16,"[3308.71, 6350.22, 10471.11, 14326.14, 16286.3, 19363.87, 22337.66, 23381.51, 24917.0, 27442.07]",amount_not_seen_in_6_months
GL000615,xyz,14286.18,gl,2024-02-02 00:00:00,34,"[1462.42, 6733.37, 8393.58, 13279.84, 15410.6, 16109.54, 16624.38, 17645.9, 17860.93, 17982.0]",amount_not_seen_in_6_months
GL000707,a b c,4041.61,gl,2024-02-02 00:00:00,3,"[17880.85, 20888.48, 32991.53]",amount_not_seen_in_6_months
GL001157,a b c,5583.67,gl,2024-02-02 00:00:00,3,"[17880.85, 20888.48, 32991.53]",amount_not_seen_in_6_months
BANK000019,global services,20118.12,bank,2024-02-03 00:00:00,16,"[2297.49, 4387.09, 7452.96, 15229.08, 16281.71, 21818.27, 26102.65, 27524.23, 31307.9, 34539.95]",amount_not_seen_in_6_months
GL000267,tech sol,20990.16,gl,2024-02-03 00:00:00,4,"[22240.1, 26583.88, 27055.7, 44985.32]",amount_not_seen_in_6_months
GL000660,tech sol,48143.0,gl,2024-02-03 00:00:00,4,"[22240.1, 26583.88, 27055.7, 44985.32]",amount_not_seen_in_6_months
GL000828,smith,48445.22,gl,2024-02-03 00:00:00,26,"[2080.6, 3964.59, 5120.04, 5585.32, 6756.75, 10364.42, 11338.15, 15900.1, 16700.52, 17955.34]",amount_not_seen_in_6_months
BANK000502,xyz,12109.25,bank,2024-02-04 00:00:00,35,"[1462.42, 6733.37, 8393.58, 13279.84, 14286.18, 15410.6, 16109.54, 16624.38, 17645.9, 17860.93]",amount_not_seen_in_6_months
BANK000970,tech solutions,14603.57,bank,2024-02-04 00:00:00,17,"[3308.71, 4163.17, 6350.22, 10471.11, 14326.14, 16286.3, 19363.87, 22337.66, 23381.51, 24917.0]",amount_not_seen_in_6_months
GL000546,abc,36020.12,gl,2024-02-04 00:00:00,15,"[1815.94, 6354.58, 13183.05, 13539.48, 14222.63, 15739.36, 15901.95, 16521.4, 22446.79, 26805.92]",amount_not_seen_in_6_months
GL000881,x y z,23845.03,gl,2024-02-04 00:00:00,3,"[362.04, 9367.05, 35501.43]",amount_not_seen_in_6_months
GL000996,tech solutions,42412.29,gl,2024-02-04 00:00:00,17,"[3308.71, 4163.17, 6350.22, 10471.11, 14326.14, 16286.3, 19363.87, 22337.66, 23381.51, 24917.0]",amount_not_seen_in_6_months
GL001003,smith,719.76,gl,2024-02-04 00:00:00,27,"[2080.6, 3964.59, 5120.04, 5585.32, 6756.75, 10364.42, 11338.15, 15900.1, 16700.52, 17955.34]",amount_not_seen_in_6_months
BANK000036,business tools,24350.92,bank,2024-02-05 00:00:00,7,"[13399.7, 23722.65, 26032.44, 29397.43, 33977.0, 47308.5, 47554.41]",amount_not_seen_in_6_months
BANK000131,business tools,11288.69,bank,2024-02-05 00:00:00,7,"[13399.7, 23722.65, 26032.44, 29397.43, 33977.0, 47308.5, 47554.41]",amount_not_seen_in_6_months
BANK000583,business tools,41580.96,bank,2024-02-05 00:00:00,7,"[13399.7, 23722.65, 26032.44, 29397.43, 33977.0, 47308.5, 47554.41]",amount_not_seen_in_6_months
GL000960,smith and,48119.5,gl,2024-02-05 00:00:00,2,"[7452.57, 26795.0]",amount_not_seen_in_6_months
BANK000952,digital agency,40856.04,bank,2024-02-06 00:00:00,7,"[6454.68, 30225.93, 32007.4, 32783.18, 43653.6, 45531.04, 45707.6]",amount_not_seen_in_6_months
GL000067,abc,22759.0,gl,2024-02-06 00:00:00,16,"[1815.94, 6354.58, 13183.05, 13539.48, 14222.63, 15739.36, 15901.95, 16521.4, 22446.79, 26805.92]",amount_not_seen_in_6_months
GL000517,tech sol,47652.33,gl,2024-02-06 00:00:00,6,"[20990.16, 22240.1, 26583.88, 27055.7, 44985.32, 48143.0]",amount_not_seen_in_6_months
GL000614,global svcs,5345.39,gl,2024-02-06 00:00:00,6,"[4025.65, 21200.94, 28582.66, 32200.4, 38694.03, 48657.13]",amount_not_seen_in_6_months
BANK000106,consulting group,42501.91,bank,2024-02-07 00:00:00,3,"[17313.87, 47716.15, 48204.91]",amount_not_seen_in_6_months
BANK000669,abc,47727.2,bank,2024-02-07 00:00:00,17,"[1815.94, 6354.58, 13183.05, 13539.48, 14222.63, 15739.36, 15901.95, 16521.4, 22446.79, 22759.0]",amount_not_seen_in_6_months
BANK000762,business tools,8216.56,bank,2024-02-07 00:00:00,10,"[11288.69, 13399.7, 23722.65, 24350.92, 26032.44, 29397.43, 33977.0, 41580.96, 47308.5, 47554.41]",amount_not_seen_in_6_months
BANK000937,business tools,27552.99,bank,2024-02-07 00:00:00,10,"[11288.69, 13399.7, 23722.65, 24350.92, 26032.44, 29397.43, 33977.0, 41580.96, 47308.5, 47554.41]",amount_not_seen_in_6_months
BANK000958,finance partners,2371.29,bank,2024-02-07 00:00:00,4,"[3463.28, 5494.42, 15059.55, 18296.11]",amount_not_seen_in_6_months
GL000082,x y z,4153.37,gl,2024-02-07 00:00:00,4,"[362.04, 9367.05, 23845.03, 35501.43]",amount_not_seen_in_6_months
GL000499,global svcs,34315.0,gl,2024-02-07 00:00:00,7,"[4025.65, 5345.39, 21200.94, 28582.66, 32200.4, 38694.03, 48657.13]",amount_not_seen_in_6_months
GL000719,ts,33579.47,gl,2024-02-07 00:00:00,1,[4691.18],amount_not_seen_in_6_months
GL001118,smith,46547.67,gl,2024-02-07 00:00:00,28,"[719.76, 2080.6, 3964.59, 5120.04, 5585.32, 6756.75, 10364.42, 11338.15, 15900.1, 16700.52]",amount_not_seen_in_6_months
BANK000051,consulting group,43736.85,bank,2024-02-08 00:00:00,4,"[17313.87, 42501.91, 47716.15, 48204.91]",amount_not_seen_in_6_months
BANK000212,consulting group,48500.84,bank,2024-02-08 00:00:00,4,"[17313.87, 42501.91, 47716.15, 48204.91]",amount_not_seen_in_6_months
BANK000534,software house,1787.81,bank,2024-02-08 00:00:00,5,"[7082.48, 17913.01, 18256.89, 29736.81, 43259.04]",amount_not_seen_in_6_months
BANK000557,finance partners,11683.99,bank,2024-02-08 00:00:00,5,"[2371.29, 3463.28, 5494.42, 15059.55, 18296.11]",amount_not_seen_in_6_months
BANK000720,abc,29347.33,bank,2024-02-08 00:00:00,18,"[1815.94, 6354.58, 13183.05, 13539.48, 14222.63, 15739.36, 15901.95, 16521.4, 22446.79, 22759.0]",amount_not_seen_in_6_months
GL000815,abc,7294.54,gl,2024-02-08 00:00:00,18,"[1815.94, 6354.58, 13183.05, 13539.48, 14222.63, 15739.36, 15901.95, 16521.4, 22446.79, 22759.0]",amount_not_seen_in_6_months
GL001054,smith,15054.69,gl,2024-02-08 00:00:00,29,"[719.76, 2080.6, 3964.59, 5120.04, 5585.32, 6756.75, 10364.42, 11338.15, 15900.1, 16700.52]",amount_not_seen_in_6_months
GL001169,abc,32135.93,gl,2024-02-08 00:00:00,18,"[1815.94, 6354.58, 13183.05, 13539.48, 14222.63, 15739.36, 15901.95, 16521.4, 22446.79, 22759.0]",amount_not_seen_in_6_months
BANK000387,cloud services,18663.47,bank,2024-02-09 00:00:00,5,"[10638.39, 28474.61, 28923.96, 32385.29, 43266.86]",amount_not_seen_in_6_months
BANK000572,finance partners,15057.64,bank,2024-02-09 00:00:00,6,"[2371.29, 3463.28, 5494.42, 11683.99, 15059.55, 18296.11]",amount_not_seen_in_6_months
GL000028,xyz,35908.35,gl,2024-02-09 00:00:00,36,"[1462.42, 6733.37, 8393.58, 12109.25, 13279.84, 14286.18, 15410.6, 16109.54, 16624.38, 17645.9]",amount_not_seen_in_6_months
GL000309,xyz,35362.9,gl,2024-02-09 00:00:00,36,"[1462.42, 6733.37, 8393.58, 12109.25, 13279.84, 14286.18, 15410.6, 16109.54, 16624.38, 17645.9]",amount_not_seen_in_6_months
GL000434,global svcs,26864.83,gl,2024-02-09 00:00:00,8,"[4025.65, 5345.39, 21200.94, 28582.66, 32200.4, 34315.0, 38694.03, 48657.13]",amount_not_seen_in_6_months
GL000812,abc,43323.44,gl,2024-02-09 00:00:00,21,"[1815.94, 6354.58, 7294.54, 13183.05, 13539.48, 14222.63, 15739.36, 15901.95, 16521.4, 22446.79]",amount_not_seen_in_6_months
BANK000221,cloud services,8582.18,bank,2024-02-10 00:00:00,6,"[10638.39, 18663.47, 28474.61, 28923.96, 32385.29, 43266.86]",amount_not_seen_in_6_months
BANK000405,tech solutions,44756.8,bank,2024-02-10 00:00:00,19,"[3308.71, 4163.17, 6350.22, 10471.11, 14326.14, 14603.57, 16286.3, 19363.87, 22337.66, 23381.51]",amount_not_seen_in_6_months
BANK000782,audit solutions,23865.49,bank,2024-02-10 00:00:00,7,"[4114.05, 11452.89, 22120.17, 28957.73, 34677.51, 43102.04, 46702.74]",amount_not_seen_in_6_months
BANK000890,consulting group,40873.45,bank,2024-02-10 00:00:00,6,"[17313.87, 42501.91, 43736.85, 47716.15, 48204.91, 48500.84]",amount_not_seen_in_6_months
GL000631,abc,6634.81,gl,2024-02-10 00:00:00,22,"[1815.94, 6354.58, 7294.54, 13183.05, 13539.48, 14222.63, 15739.36, 15901.95, 16521.4, 22446.79]",amount_not_seen_in_6_months
GL000733,tech sol,1052.93,gl,2024-02-10 00:00:00,7,"[20990.16, 22240.1, 26583.88, 27055.7, 44985.32, 47652.33, 48143.0]",amount_not_seen_in_6_months
GL000807,smith,503.29,gl,2024-02-10 00:00:00,30,"[719.76, 2080.6, 3964.59, 5120.04, 5585.32, 6756.75, 10364.42, 11338.15, 15054.69, 15900.1]",amount_not_seen_in_6_months
GL000825,global serv,11261.41,gl,2024-02-10 00:00:00,5,"[8584.32, 21802.1, 25561.08, 30092.29, 32112.05]",amount_not_seen_in_6_months
BANK000483,data systems,43669.44,bank,2024-02-11 00:00:00,7,"[316.45, 14838.02, 15095.0, 15606.43, 29265.91, 38561.23, 43372.73]",amount_not_seen_in_6_months
BANK000544,software house,15068.73,bank,2024-02-11 00:00:00,6,"[1787.81, 7082.48, 17913.01, 18256.89, 29736.81, 43259.04]",amount_not_seen_in_6_months
GL000465,tech solutions,7213.3,gl,2024-02-11 00:00:00,20,"[3308.71, 4163.17, 6350.22, 10471.11, 14326.14, 14603.57, 16286.3, 19363.87, 22337.66, 23381.51]",amount_not_seen_in_6_months
GL000866,xyz,4078.89,gl,2024-02-11 00:00:00,38,"[1462.42, 6733.37, 8393.58, 12109.25, 13279.84, 14286.18, 15410.6, 16109.54, 16624.38, 17645.9]",amount_not_seen_in_6_months
GL000748,tech solutions,25345.5,gl,2024-02-12 00:00:00,21,"[3308.71, 4163.17, 6350.22, 7213.3, 10471.11, 14326.14, 14603.57, 16286.3, 19363.87, 22337.66]",amount_not_seen_in_6_months
GL001166,xyz,1922.67,gl,2024-02-12 00:00:00,39,"[1462.42, 4078.89, 6733.37, 8393.58, 12109.25, 13279.84, 14286.18, 15410.6, 16109.54, 16624.38]",amount_not_seen_in_6_months
BANK000151,global services,47408.32,bank,2024-02-13 00:00:00,17,"[2297.49, 4387.09, 7452.96, 15229.08, 16281.71, 20118.12, 21818.27, 26102.65, 27524.23, 31307.9]",amount_not_seen_in_6_months
BANK000277,xyz,4652.12,bank,2024-02-13 00:00:00,40,"[1462.42, 1922.67, 4078.89, 6733.37, 8393.58, 12109.25, 13279.84, 14286.18, 15410.6, 16109.54]",amount_not_seen_in_6_months
BANK000324,data systems,49121.04,bank,2024-02-13 00:00:00,8,"[316.45, 14838.02, 15095.0, 15606.43, 29265.91, 38561.23, 43372.73, 43669.44]",amount_not_seen_in_6_months
BANK000332,tech solutions,35470.82,bank,2024-02-13 00:00:00,22,"[3308.71, 4163.17, 6350.22, 7213.3, 10471.11, 14326.14, 14603.57, 16286.3, 19363.87, 22337.66]",amount_not_seen_in_6_months
BANK000596,xyz,46035.32,bank,2024-02-13 00:00:00,40,"[1462.42, 1922.67, 4078.89, 6733.37, 8393.58, 12109.25, 13279.84, 14286.18, 15410.6, 16109.54]",amount_not_seen_in_6_months
BANK000703,cloud services,22977.06,bank,2024-02-13 00:00:00,7,"[8582.18, 10638.39, 18663.47, 28474.61, 28923.96, 32385.29, 43266.86]",amount_not_seen_in_6_months
GL000205,abc,32677.56,gl,2024-02-13 00:00:00,23,"[1815.94, 6354.58, 6634.81, 7294.54, 13183.05, 13539.48, 14222.63, 15739.36, 15901.95, 16521.4]",amount_not_seen_in_6_months
GL000320,xyz,839.89,gl,2024-02-13 00:00:00,40,"[1462.42, 1922.67, 4078.89, 6733.37, 8393.58, 12109.25, 13279.84, 14286.18, 15410.6, 16109.54]",amount_not_seen_in_6_months
GL000542,xyz,45491.16,gl,2024-02-13 00:00:00,40,"[1462.42, 1922.67, 4078.89, 6733.37, 8393.58, 12109.25, 13279.84, 14286.18, 15410.6, 16109.54]",amount_not_seen_in_6_months
GL000955,tech solutions,9719.46,gl,2024-02-13 00:00:00,22,"[3308.71, 4163.17, 6350.22, 7213.3, 10471.11, 14326.14, 14603.57, 16286.3, 19363.87, 22337.66]",amount_not_seen_in_6_months
BANK000398,xyz,6575.58,bank,2024-02-14 00:00:00,44,"[839.89, 1462.42, 1922.67, 4078.89, 4652.12, 6733.37, 8393.58, 12109.25, 13279.84, 14286.18]",amount_not_seen_in_6_months
BANK000565,smith,5201.35,bank,2024-02-14 00:00:00,31,"[503.29, 719.76, 2080.6, 3964.59, 5120.04, 5585.32, 6756.75, 10364.42, 11338.15, 15054.69]",amount_not_seen_in_6_months
BANK000771,tech solutions,290.4,bank,2024-02-14 00:00:00,24,"[3308.71, 4163.17, 6350.22, 7213.3, 9719.46, 10471.11, 14326.14, 14603.57, 16286.3, 19363.87]",amount_not_seen_in_6_months
GL000312,xyz,40190.25,gl,2024-02-14 00:00:00,44,"[839.89, 1462.42, 1922.67, 4078.89, 4652.12, 6733.37, 8393.58, 12109.25, 13279.84, 14286.18]",amount_not_seen_in_6_months
GL000694,smith,32730.88,gl,2024-02-14 00:00:00,31,"[503.29, 719.76, 2080.6, 3964.59, 5120.04, 5585.32, 6756.75, 10364.42, 11338.15, 15054.69]",amount_not_seen_in_6_months
GL000771,smith,44030.03,gl,2024-02-14 00:00:00,31,"[503.29, 719.76, 2080.6, 3964.59, 5120.04, 5585.32, 6756.75, 10364.42, 11338.15, 15054.69]",amount_not_seen_in_6_months
BANK000842,smith,39282.02,bank,2024-02-15 00:00:00,34,"[503.29, 719.76, 2080.6, 3964.59, 5120.04, 5201.35, 5585.32, 6756.75, 10364.42, 11338.15]",amount_not_seen_in_6_months
GL000502,tech solutions,3671.57,gl,2024-02-15 00:00:00,25,"[290.4, 3308.71, 4163.17, 6350.22, 7213.3, 9719.46, 10471.11, 14326.14, 14603.57, 16286.3]",amount_not_seen_in_6_months
GL000991,abc,15513.67,gl,2024-02-15 00:00:00,24,"[1815.94, 6354.58, 6634.81, 7294.54, 13183.05, 13539.48, 14222.63, 15739.36, 15901.95, 16521.4]",amount_not_seen_in_6_months
GL001119,smith,24121.35,gl,2024-02-15 00:00:00,34,"[503.29, 719.76, 2080.6, 3964.59, 5120.04, 5201.35, 5585.32, 6756.75, 10364.42, 11338.15]",amount_not_seen_in_6_months
BANK000024,business tools,25525.36,bank,2024-02-16 00:00:00,12,"[8216.56, 11288.69, 13399.7, 23722.65, 24350.92, 26032.44, 27552.99, 29397.43, 33977.0, 41580.96]",amount_not_seen_in_6_months
BANK000183,global services,12593.36,bank,2024-02-16 00:00:00,18,"[2297.49, 4387.09, 7452.96, 15229.08, 16281.71, 20118.12, 21818.27, 26102.65, 27524.23, 31307.9]",amount_not_seen_in_6_months
BANK000422,audit solutions,24918.78,bank,2024-02-16 00:00:00,8,"[4114.05, 11452.89, 22120.17, 23865.49, 28957.73, 34677.51, 43102.04, 46702.74]",amount_not_seen_in_6_months
BANK000711,smith,42638.86,bank,2024-02-16 00:00:00,36,"[503.29, 719.76, 2080.6, 3964.59, 5120.04, 5201.35, 5585.32, 6756.75, 10364.42, 11338.15]",amount_not_seen_in_6_months
GL000464,abc,16446.19,gl,2024-02-16 00:00:00,25,"[1815.94, 6354.58, 6634.81, 7294.54, 13183.05, 13539.48, 14222.63, 15513.67, 15739.36, 15901.95]",amount_not_seen_in_6_months
GL001013,global svcs,15224.8,gl,2024-02-16 00:00:00,9,"[4025.65, 5345.39, 21200.94, 26864.83, 28582.66, 32200.4, 34315.0, 38694.03, 48657.13]",amount_not_seen_in_6_months
GL001181,abc,28909.01,gl,2024-02-16 00:00:00,25,"[1815.94, 6354.58, 6634.81, 7294.54, 13183.05, 13539.48, 14222.63, 15513.67, 15739.36, 15901.95]",amount_not_seen_in_6_months
BANK000334,software house,45631.15,bank,2024-02-17 00:00:00,7,"[1787.81, 7082.48, 15068.73, 17913.01, 18256.89, 29736.81, 43259.04]",amount_not_seen_in_6_months
BANK000516,data systems,42371.96,bank,2024-02-17 00:00:00,9,"[316.45, 14838.02, 15095.0, 15606.43, 29265.91, 38561.23, 43372.73, 43669.44, 49121.04]",amount_not_seen_in_6_months
BANK000545,audit solutions,38003.33,bank,2024-02-17 00:00:00,9,"[4114.05, 11452.89, 22120.17, 23865.49, 24918.78, 28957.73, 34677.51, 43102.04, 46702.74]",amount_not_seen_in_6_months
BANK000567,cloud services,17760.32,bank,2024-02-17 00:00:00,8,"[8582.18, 10638.39, 18663.47, 22977.06, 28474.61, 28923.96, 32385.29, 43266.86]",amount_not_seen_in_6_months
BANK000765,finance partners,47097.52,bank,2024-02-17 00:00:00,7,"[2371.29, 3463.28, 5494.42, 11683.99, 15057.64, 15059.55, 18296.11]",amount_not_seen_in_6_months
GL000048,tech solutions,43262.31,gl,2024-02-17 00:00:00,26,"[290.4, 3308.71, 3671.57, 4163.17, 6350.22, 7213.3, 9719.46, 10471.11, 14326.14, 14603.57]",amount_not_seen_in_6_months
GL000066,smith,27954.99,gl,2024-02-17 00:00:00,37,"[503.29, 719.76, 2080.6, 3964.59, 5120.04, 5201.35, 5585.32, 6756.75, 10364.42, 11338.15]",amount_not_seen_in_6_months
GL000920,global services,39065.53,gl,2024-02-17 00:00:00,19,"[2297.49, 4387.09, 7452.96, 12593.36, 15229.08, 16281.71, 20118.12, 21818.27, 26102.65, 27524.23]",amount_not_seen_in_6_months
GL001031,xyz,37023.9,gl,2024-02-17 00:00:00,46,"[839.89, 1462.42, 1922.67, 4078.89, 4652.12, 6575.58, 6733.37, 8393.58, 12109.25, 13279.84]",amount_not_seen_in_6_months
GL001164,global services,42940.76,gl,2024-02-17 00:00:00,19,"[2297.49, 4387.09, 7452.96, 12593.36, 15229.08, 16281.71, 20118.12, 21818.27, 26102.65, 27524.23]",amount_not_seen_in_6_months
BANK000275,finance partners,19996.64,bank,2024-02-18 00:00:00,8,"[2371.29, 3463.28, 5494.42, 11683.99, 15057.64, 15059.55, 18296.11, 47097.52]",amount_not_seen_in_6_months
BANK000328,data systems,3389.0,bank,2024-02-18 00:00:00,10,"[316.45, 14838.02, 15095.0, 15606.43, 29265.91, 38561.23, 42371.96, 43372.73, 43669.44, 49121.04]",amount_not_seen_in_6_months
BANK000548,data systems,48868.73,bank,2024-02-18 00:00:00,10,"[316.45, 14838.02, 15095.0, 15606.43, 29265.91, 38561.23, 42371.96, 43372.73, 43669.44, 49121.04]",amount_not_seen_in_6_months
BANK000650,abc,4650.84,bank,2024-02-18 00:00:00,27,"[1815.94, 6354.58, 6634.81, 7294.54, 13183.05, 13539.48, 14222.63, 15513.67, 15739.36, 15901.95]",amount_not_seen_in_6_months
BANK000870,business tools,36953.16,bank,2024-02-18 00:00:00,13,"[8216.56, 11288.69, 13399.7, 23722.65, 24350.92, 25525.36, 26032.44, 27552.99, 29397.43, 33977.0]",amount_not_seen_in_6_months
GL000206,tech solutions,21051.25,gl,2024-02-18 00:00:00,27,"[290.4, 3308.71, 3671.57, 4163.17, 6350.22, 7213.3, 9719.46, 10471.11, 14326.14, 14603.57]",amount_not_seen_in_6_months
GL001066,tech sol,36011.12,gl,2024-02-18 00:00:00,8,"[1052.93, 20990.16, 22240.1, 26583.88, 27055.7, 44985.32, 47652.33, 48143.0]",amount_not_seen_in_6_months
BANK000541,data systems,5440.12,bank,2024-02-19 00:00:00,12,"[316.45, 3389.0, 14838.02, 15095.0, 15606.43, 29265.91, 38561.23, 42371.96, 43372.73, 43669.44]",amount_not_seen_in_6_months
BANK000829,consulting group,9138.68,bank,2024-02-19 00:00:00,7,"[17313.87, 40873.45, 42501.91, 43736.85, 47716.15, 48204.91, 48500.84]",amount_not_seen_in_6_months
BANK000948,smith,4209.04,bank,2024-02-19 00:00:00,38,"[503.29, 719.76, 2080.6, 3964.59, 5120.04, 5201.35, 5585.32, 6756.75, 10364.42, 11338.15]",amount_not_seen_in_6_months
GL000003,global services,41028.98,gl,2024-02-19 00:00:00,21,"[2297.49, 4387.09, 7452.96, 12593.36, 15229.08, 16281.71, 20118.12, 21818.27, 26102.65, 27524.23]",amount_not_seen_in_6_months
GL000137,smith,18449.15,gl,2024-02-19 00:00:00,38,"[503.29, 719.76, 2080.6, 3964.59, 5120.04, 5201.35, 5585.32, 6756.75, 10364.42, 11338.15]",amount_not_seen_in_6_months
GL000298,smith,25088.12,gl,2024-02-19 00:00:00,38,"[503.29, 719.76, 2080.6, 3964.59, 5120.04, 5201.35, 5585.32, 6756.75, 10364.42, 11338.15]",amount_not_seen_in_6_months
GL000680,xyz,4195.33,gl,2024-02-19 00:00:00,47,"[839.89, 1462.42, 1922.67, 4078.89, 4652.12, 6575.58, 6733.37, 8393.58, 12109.25, 13279.84]",amount_not_seen_in_6_months
GL000932,global services,47585.45,gl,2024-02-19 00:00:00,21,"[2297.49, 4387.09, 7452.96, 12593.36, 15229.08, 16281.71, 20118.12, 21818.27, 26102.65, 27524.23]",amount_not_seen_in_6_months
GL001132,tech solutions,37276.98,gl,2024-02-19 00:00:00,28,"[290.4, 3308.71, 3671.57, 4163.17, 6350.22, 7213.3, 9719.46, 10471.11, 14326.14, 14603.57]",amount_not_seen_in_6_months
BANK000272,business tools,30310.8,bank,2024-02-20 00:00:00,14,"[8216.56, 11288.69, 13399.7, 23722.65, 24350.92, 25525.36, 26032.44, 27552.99, 29397.43, 33977.0]",amount_not_seen_in_6_months
GL000099,global services,46323.26,gl,2024-02-20 00:00:00,23,"[2297.49, 4387.09, 7452.96, 12593.36, 15229.08, 16281.71, 20118.12, 21818.27, 26102.65, 27524.23]",amount_not_seen_in_6_months
GL000911,tech solutions,2638.88,gl,2024-02-20 00:00:00,29,"[290.4, 3308.71, 3671.57, 4163.17, 6350.22, 7213.3, 9719.46, 10471.11, 14326.14, 14603.57]",amount_not_seen_in_6_months
GL000969,abc,43015.59,gl,2024-02-20 00:00:00,28,"[1815.94, 4650.84, 6354.58, 6634.81, 7294.54, 13183.05, 13539.48, 14222.63, 15513.67, 15739.36]",amount_not_seen_in_6_months
GL001150,a b c,49337.78,gl,2024-02-20 00:00:00,5,"[4041.61, 5583.67, 17880.85, 20888.48, 32991.53]",amount_not_seen_in_6_months
BANK000013,audit solutions,42780.35,bank,2024-02-21 00:00:00,10,"[4114.05, 11452.89, 22120.17, 23865.49, 24918.78, 28957.73, 34677.51, 38003.33, 43102.04, 46702.74]",amount_not_seen_in_6_months
BANK000210,consulting group,16666.54,bank,2024-02-21 00:00:00,8,"[9138.68, 17313.87, 40873.45, 42501.91, 43736.85, 47716.15, 48204.91, 48500.84]",amount_not_seen_in_6_months
BANK000972,tech solutions,32808.1,bank,2024-02-21 00:00:00,30,"[290.4, 2638.88, 3308.71, 3671.57, 4163.17, 6350.22, 7213.3, 9719.46, 10471.11, 14326.14]",amount_not_seen_in_6_months
GL000321,x y z,33525.24,gl,2024-02-21 00:00:00,5,"[362.04, 4153.37, 9367.05, 23845.03, 35501.43]",amount_not_seen_in_6_months
GL000381,smith,4167.41,gl,2024-02-21 00:00:00,41,"[503.29, 719.76, 2080.6, 3964.59, 4209.04, 5120.04, 5201.35, 5585.32, 6756.75, 10364.42]",amount_not_seen_in_6_months
GL000589,smith,23554.16,gl,2024-02-21 00:00:00,41,"[503.29, 719.76, 2080.6, 3964.59, 4209.04, 5120.04, 5201.35, 5585.32, 6756.75, 10364.42]",amount_not_seen_in_6_months
GL000893,abc,5479.93,gl,2024-02-21 00:00:00,29,"[1815.94, 4650.84, 6354.58, 6634.81, 7294.54, 13183.05, 13539.48, 14222.63, 15513.67, 15739.36]",amount_not_seen_in_6_months
BANK000002,software house,7062.94,bank,2024-02-22 00:00:00,8,"[1787.81, 7082.48, 15068.73, 17913.01, 18256.89, 29736.81, 43259.04, 45631.15]",amount_not_seen_in_6_months
BANK000347,digital agency,27771.58,bank,2024-02-22 00:00:00,8,"[6454.68, 30225.93, 32007.4, 32783.18, 40856.04, 43653.6, 45531.04, 45707.6]",amount_not_seen_in_6_months
BANK000654,xyz,36565.09,bank,2024-02-22 00:00:00,48,"[839.89, 1462.42, 1922.67, 4078.89, 4195.33, 4652.12, 6575.58, 6733.37, 8393.58, 12109.25]",amount_not_seen_in_6_months
BANK000993,digital agency,32461.38,bank,2024-02-22 00:00:00,8,"[6454.68, 30225.93, 32007.4, 32783.18, 40856.04, 43653.6, 45531.04, 45707.6]",amount_not_seen_in_6_months
GL000741,smith,47574.64,gl,2024-02-22 00:00:00,43,"[503.29, 719.76, 2080.6, 3964.59, 4167.41, 4209.04, 5120.04, 5201.35, 5585.32, 6756.75]",amount_not_seen_in_6_months
GL000875,tech solutions,37023.85,gl,2024-02-22 00:00:00,31,"[290.4, 2638.88, 3308.71, 3671.57, 4163.17, 6350.22, 7213.3, 9719.46, 10471.11, 14326.14]",amount_not_seen_in_6_months
BANK000860,data systems,41549.57,bank,2024-02-23 00:00:00,13,"[316.45, 3389.0, 5440.12, 14838.02, 15095.0, 15606.43, 29265.91, 38561.23, 42371.96, 43372.73]",amount_not_seen_in_6_months
GL000528,abc,1865.79,gl,2024-02-23 00:00:00,30,"[1815.94, 4650.84, 5479.93, 6354.58, 6634.81, 7294.54, 13183.05, 13539.48, 14222.63, 15513.67]",amount_not_seen_in_6_months
GL001128,xyz,28813.79,gl,2024-02-23 00:00:00,49,"[839.89, 1462.42, 1922.67, 4078.89, 4195.33, 4652.12, 6575.58, 6733.37, 8393.58, 12109.25]",amount_not_seen_in_6_months
BANK000227,global services,42681.44,bank,2024-02-24 00:00:00,24,"[2297.49, 4387.09, 7452.96, 12593.36, 15229.08, 16281.71, 20118.12, 21818.27, 26102.65, 27524.23]",amount_not_seen_in_6_months
BANK000417,finance partners,25797.51,bank,2024-02-24 00:00:00,9,"[2371.29, 3463.28, 5494.42, 11683.99, 15057.64, 15059.55, 18296.11, 19996.64, 47097.52]",amount_not_seen_in_6_months
BANK000467,finance partners,28441.3,bank,2024-02-24 00:00:00,9,"[2371.29, 3463.28, 5494.42, 11683.99, 15057.64, 15059.55, 18296.11, 19996.64, 47097.52]",amount_not_seen_in_6_months
BANK000861,consulting group,14207.07,bank,2024-02-24 00:00:00,9,"[9138.68, 16666.54, 17313.87, 40873.45, 42501.91, 43736.85, 47716.15, 48204.91, 48500.84]",amount_not_seen_in_6_months
BANK000900,abc,18757.13,bank,2024-02-24 00:00:00,31,"[1815.94, 1865.79, 4650.84, 5479.93, 6354.58, 6634.81, 7294.54, 13183.05, 13539.48, 14222.63]",amount_not_seen_in_6_months
BANK000049,global services,36437.86,bank,2024-02-25 00:00:00,25,"[2297.49, 4387.09, 7452.96, 12593.36, 15229.08, 16281.71, 20118.12, 21818.27, 26102.65, 27524.23]",amount_not_seen_in_6_months
BANK000136,cloud services,48239.57,bank,2024-02-25 00:00:00,9,"[8582.18, 10638.39, 17760.32, 18663.47, 22977.06, 28474.61, 28923.96, 32385.29, 43266.86]",amount_not_seen_in_6_months
BANK000244,software house,47020.57,bank,2024-02-25 00:00:00,9,"[1787.81, 7062.94, 7082.48, 15068.73, 17913.01, 18256.89, 29736.81, 43259.04, 45631.15]",amount_not_seen_in_6_months
BANK000425,audit solutions,508.05,bank,2024-02-25 00:00:00,11,"[4114.05, 11452.89, 22120.17, 23865.49, 24918.78, 28957.73, 34677.51, 38003.33, 42780.35, 43102.04]",amount_not_seen_in_6_months
BANK000758,digital agency,17589.01,bank,2024-02-25 00:00:00,10,"[6454.68, 27771.58, 30225.93, 32007.4, 32461.38, 32783.18, 40856.04, 43653.6, 45531.04, 45707.6]",amount_not_seen_in_6_months
BANK000903,business tools,35867.72,bank,2024-02-25 00:00:00,15,"[8216.56, 11288.69, 13399.7, 23722.65, 24350.92, 25525.36, 26032.44, 27552.99, 29397.43, 30310.8]",amount_not_seen_in_6_months
GL000821,smith,26500.29,gl,2024-02-25 00:00:00,44,"[503.29, 719.76, 2080.6, 3964.59, 4167.41, 4209.04, 5120.04, 5201.35, 5585.32, 6756.75]",amount_not_seen_in_6_months
BANK000295,tech solutions,17324.13,bank,2024-02-26 00:00:00,32,"[290.4, 2638.88, 3308.71, 3671.57, 4163.17, 6350.22, 7213.3, 9719.46, 10471.11, 14326.14]",amount_not_seen_in_6_months
BANK000357,business tools,26435.8,bank,2024-02-26 00:00:00,16,"[8216.56, 11288.69, 13399.7, 23722.65, 24350.92, 25525.36, 26032.44, 27552.99, 29397.43, 30310.8]",amount_not_seen_in_6_months
BANK000359,consulting group,22909.97,bank,2024-02-26 00:00:00,10,"[9138.68, 14207.07, 16666.54, 17313.87, 40873.45, 42501.91, 43736.85, 47716.15, 48204.91, 48500.84]",amount_not_seen_in_6_months
BANK000865,cloud services,33614.49,bank,2024-02-26 00:00:00,10,"[8582.18, 10638.39, 17760.32, 18663.47, 22977.06, 28474.61, 28923.96, 32385.29, 43266.86, 48239.57]",amount_not_seen_in_6_months
GL000041,tech sol,28538.84,gl,2024-02-26 00:00:00,9,"[1052.93, 20990.16, 22240.1, 26583.88, 27055.7, 36011.12, 44985.32, 47652.33, 48143.0]",amount_not_seen_in_6_months
GL000258,global services,43864.11,gl,2024-02-26 00:00:00,26,"[2297.49, 4387.09, 7452.96, 12593.36, 15229.08, 16281.71, 20118.12, 21818.27, 26102.65, 27524.23]",amount_not_seen_in_6_months
GL000880,xyz,42969.78,gl,2024-02-26 00:00:00,50,"[839.89, 1462.42, 1922.67, 4078.89, 4195.33, 4652.12, 6575.58, 6733.37, 8393.58, 12109.25]",amount_not_seen_in_6_months
GL000954,abc,9544.4,gl,2024-02-26 00:00:00,32,"[1815.94, 1865.79, 4650.84, 5479.93, 6354.58, 6634.81, 7294.54, 13183.05, 13539.48, 14222.63]",amount_not_seen_in_6_months
GL001189,tech solutions,13369.21,gl,2024-02-26 00:00:00,32,"[290.4, 2638.88, 3308.71, 3671.57, 4163.17, 6350.22, 7213.3, 9719.46, 10471.11, 14326.14]",amount_not_seen_in_6_months
BANK000469,finance partners,13714.57,bank,2024-02-27 00:00:00,11,"[2371.29, 3463.28, 5494.42, 11683.99, 15057.64, 15059.55, 18296.11, 19996.64, 25797.51, 28441.3]",amount_not_seen_in_6_months
GL000087,tech sol,43071.86,gl,2024-02-27 00:00:00,10,"[1052.93, 20990.16, 22240.1, 26583.88, 27055.7, 28538.84, 36011.12, 44985.32, 47652.33, 48143.0]",amount_not_seen_in_6_months
GL000103,tech solutions,48808.59,gl,2024-02-27 00:00:00,34,"[290.4, 2638.88, 3308.71, 3671.57, 4163.17, 6350.22, 7213.3, 9719.46, 10471.11, 13369.21]",amount_not_seen_in_6_months
GL000483,global services,34053.34,gl,2024-02-27 00:00:00,27,"[2297.49, 4387.09, 7452.96, 12593.36, 15229.08, 16281.71, 20118.12, 21818.27, 26102.65, 27524.23]",amount_not_seen_in_6_months
GL000909,abc,7721.39,gl,2024-02-27 00:00:00,33,"[1815.94, 1865.79, 4650.84, 5479.93, 6354.58, 6634.81, 7294.54, 9544.4, 13183.05, 13539.48]",amount_not_seen_in_6_months
GL000986,global serv,45706.43,gl,2024-02-27 00:00:00,6,"[8584.32, 11261.41, 21802.1, 25561.08, 30092.29, 32112.05]",amount_not_seen_in_6_months
GL001044,abc,31236.39,gl,2024-02-27 00:00:00,33,"[1815.94, 1865.79, 4650.84, 5479.93, 6354.58, 6634.81, 7294.54, 9544.4, 13183.05, 13539.48]",amount_not_seen_in_6_months
BANK000197,consulting group,49613.63,bank,2024-02-28 00:00:00,11,"[9138.68, 14207.07, 16666.54, 17313.87, 22909.97, 40873.45, 42501.91, 43736.85, 47716.15, 48204.91]",amount_not_seen_in_6_months
GL000420,smith,19157.0,gl,2024-02-28 00:00:00,45,"[503.29, 719.76, 2080.6, 3964.59, 4167.41, 4209.04, 5120.04, 5201.35, 5585.32, 6756.75]",amount_not_seen_in_6_months
GL001156,abc,42769.24,gl,2024-02-28 00:00:00,35,"[1815.94, 1865.79, 4650.84, 5479.93, 6354.58, 6634.81, 7294.54, 7721.39, 9544.4, 13183.05]",amount_not_seen_in_6_months
BANK000247,smith,32497.05,bank,2024-02-29 00:00:00,46,"[503.29, 719.76, 2080.6, 3964.59, 4167.41, 4209.04, 5120.04, 5201.35, 5585.32, 6756.75]",amount_not_seen_in_6_months
BANK000686,global services,33738.61,bank,2024-02-29 00:00:00,28,"[2297.49, 4387.09, 7452.96, 12593.36, 15229.08, 16281.71, 20118.12, 21818.27, 26102.65, 27524.23]",amount_not_seen_in_6_months
BANK000856,audit solutions,2506.93,bank,2024-02-29 00:00:00,12,"[508.05, 4114.05, 11452.89, 22120.17, 23865.49, 24918.78, 28957.73, 34677.51, 38003.33, 42780.35]",amount_not_seen_in_6_months
BANK000917,business tools,16186.83,bank,2024-02-29 00:00:00,17,"[8216.56, 11288.69, 13399.7, 23722.65, 24350.92, 25525.36, 26032.44, 26435.8, 27552.99, 29397.43]",amount_not_seen_in_6_months
GL000140,global svcs,19792.85,gl,2024-02-29 00:00:00,10,"[4025.65, 5345.39, 15224.8, 21200.94, 26864.83, 28582.66, 32200.4, 34315.0, 38694.03, 48657.13]",amount_not_seen_in_6_months
GL001070,global services,48053.53,gl,2024-02-29 00:00:00,28,"[2297.49, 4387.09, 7452.96, 12593.36, 15229.08, 16281.71, 20118.12, 21818.27, 26102.65, 27524.23]",amount_not_seen_in_6_months
BANK000681,business tools,36673.5,bank,2024-03-01 00:00:00,18,"[8216.56, 11288.69, 13399.7, 16186.83, 23722.65, 24350.92, 25525.36, 26032.44, 26435.8, 27552.99]",amount_not_seen_in_6_months
BANK001000,software house,18174.92,bank,2024-03-01 00:00:00,10,"[1787.81, 7062.94, 7082.48, 15068.73, 17913.01, 18256.89, 29736.81, 43259.04, 45631.15, 47020.57]",amount_not_seen_in_6_months
GL000862,global serv,43951.0,gl,2024-03-01 00:00:00,7,"[8584.32, 11261.41, 21802.1, 25561.08, 30092.29, 32112.05, 45706.43]",amount_not_seen_in_6_months
BANK000299,abc,14543.41,bank,2024-03-02 00:00:00,36,"[1815.94, 1865.79, 4650.84, 5479.93, 6354.58, 6634.81, 7294.54, 7721.39, 9544.4, 13183.05]",amount_not_seen_in_6_months
BANK000691,data systems,28619.64,bank,2024-03-02 00:00:00,14,"[316.45, 3389.0, 5440.12, 14838.02, 15095.0, 15606.43, 29265.91, 38561.23, 41549.57, 42371.96]",amount_not_seen_in_6_months
GL000481,tech solutions,8718.6,gl,2024-03-02 00:00:00,35,"[290.4, 2638.88, 3308.71, 3671.57, 4163.17, 6350.22, 7213.3, 9719.46, 10471.11, 13369.21]",amount_not_seen_in_6_months
GL000708,tech solutions,12739.4,gl,2024-03-02 00:00:00,35,"[290.4, 2638.88, 3308.71, 3671.57, 4163.17, 6350.22, 7213.3, 9719.46, 10471.11, 13369.21]",amount_not_seen_in_6_months
BANK000255,consulting group,13866.48,bank,2024-03-03 00:00:00,12,"[9138.68, 14207.07, 16666.54, 17313.87, 22909.97, 40873.45, 42501.91, 43736.85, 47716.15, 48204.91]",amount_not_seen_in_6_months
GL000030,abc,31469.31,gl,2024-03-03 00:00:00,37,"[1815.94, 1865.79, 4650.84, 5479.93, 6354.58, 6634.81, 7294.54, 7721.39, 9544.4, 13183.05]",amount_not_seen_in_6_months
GL000699,smith,24338.71,gl,2024-03-03 00:00:00,47,"[503.29, 719.76, 2080.6, 3964.59, 4167.41, 4209.04, 5120.04, 5201.35, 5585.32, 6756.75]",amount_not_seen_in_6_months
GL000836,global services,23524.56,gl,2024-03-03 00:00:00,30,"[2297.49, 4387.09, 7452.96, 12593.36, 15229.08, 16281.71, 20118.12, 21818.27, 26102.65, 27524.23]",amount_not_seen_in_6_months
GL000846,ts,34061.72,gl,2024-03-03 00:00:00,2,"[4691.18, 33579.47]",amount_not_seen_in_6_months
GL001046,abc,12649.4,gl,2024-03-03 00:00:00,37,"[1815.94, 1865.79, 4650.84, 5479.93, 6354.58, 6634.81, 7294.54, 7721.39, 9544.4, 13183.05]",amount_not_seen_in_6_months
GL001058,abc,12560.73,gl,2024-03-03 00:00:00,37,"[1815.94, 1865.79, 4650.84, 5479.93, 6354.58, 6634.81, 7294.54, 7721.39, 9544.4, 13183.05]",amount_not_seen_in_6_months
GL001093,xyz,45551.33,gl,2024-03-03 00:00:00,51,"[839.89, 1462.42, 1922.67, 4078.89, 4195.33, 4652.12, 6575.58, 6733.37, 8393.58, 12109.25]",amount_not_seen_in_6_months
GL001137,global services,19988.73,gl,2024-03-03 00:00:00,30,"[2297.49, 4387.09, 7452.96, 12593.36, 15229.08, 16281.71, 20118.12, 21818.27, 26102.65, 27524.23]",amount_not_seen_in_6_months
GL001197,abc,22156.48,gl,2024-03-03 00:00:00,37,"[1815.94, 1865.79, 4650.84, 5479.93, 6354.58, 6634.81, 7294.54, 7721.39, 9544.4, 13183.05]",amount_not_seen_in_6_months
BANK000659,cloud services,5113.21,bank,2024-03-04 00:00:00,11,"[8582.18, 10638.39, 17760.32, 18663.47, 22977.06, 28474.61, 28923.96, 32385.29, 33614.49, 43266.86]",amount_not_seen_in_6_months
BANK000807,software house,19907.42,bank,2024-03-04 00:00:00,11,"[1787.81, 7062.94, 7082.48, 15068.73, 17913.01, 18174.92, 18256.89, 29736.81, 43259.04, 45631.15]",amount_not_seen_in_6_months
GL000198,smith,6277.04,gl,2024-03-04 00:00:00,48,"[503.29, 719.76, 2080.6, 3964.59, 4167.41, 4209.04, 5120.04, 5201.35, 5585.32, 6756.75]",amount_not_seen_in_6_months
GL000652,xyz,32859.9,gl,2024-03-04 00:00:00,52,"[839.89, 1462.42, 1922.67, 4078.89, 4195.33, 4652.12, 6575.58, 6733.37, 8393.58, 12109.25]",amount_not_seen_in_6_months
GL000855,smith,1475.88,gl,2024-03-04 00:00:00,48,"[503.29, 719.76, 2080.6, 3964.59, 4167.41, 4209.04, 5120.04, 5201.35, 5585.32, 6756.75]",amount_not_seen_in_6_months
BANK000133,consulting group,7703.88,bank,2024-03-05 00:00:00,13,"[9138.68, 13866.48, 14207.07, 16666.54, 17313.87, 22909.97, 40873.45, 42501.91, 43736.85, 47716.15]",amount_not_seen_in_6_months
BANK000263,digital agency,13341.84,bank,2024-03-05 00:00:00,11,"[6454.68, 17589.01, 27771.58, 30225.93, 32007.4, 32461.38, 32783.18, 40856.04, 43653.6, 45531.04]",amount_not_seen_in_6_months
GL000006,smith,33239.1,gl,2024-03-05 00:00:00,50,"[503.29, 719.76, 1475.88, 2080.6, 3964.59, 4167.41, 4209.04, 5120.04, 5201.35, 5585.32]",amount_not_seen_in_6_months
GL000737,xyz,34743.55,gl,2024-03-05 00:00:00,53,"[839.89, 1462.42, 1922.67, 4078.89, 4195.33, 4652.12, 6575.58, 6733.37, 8393.58, 12109.25]",amount_not_seen_in_6_months
GL000914,abc,29499.33,gl,2024-03-05 00:00:00,41,"[1815.94, 1865.79, 4650.84, 5479.93, 6354.58, 6634.81, 7294.54, 7721.39, 9544.4, 12560.73]",amount_not_seen_in_6_months
GL001178,xyz,27432.03,gl,2024-03-05 00:00:00,53,"[839.89, 1462.42, 1922.67, 4078.89, 4195.33, 4652.12, 6575.58, 6733.37, 8393.58, 12109.25]",amount_not_seen_in_6_months
BANK000125,cloud services,42041.23,bank,2024-03-06 00:00:00,12,"[5113.21, 8582.18, 10638.39, 17760.32, 18663.47, 22977.06, 28474.61, 28923.96, 32385.29, 33614.49]",amount_not_seen_in_6_months
BANK000333,software house,39603.93,bank,2024-03-06 00:00:00,12,"[1787.81, 7062.94, 7082.48, 15068.73, 17913.01, 18174.92, 18256.89, 19907.42, 29736.81, 43259.04]",amount_not_seen_in_6_months
BANK000401,business tools,25916.26,bank,2024-03-06 00:00:00,19,"[8216.56, 11288.69, 13399.7, 16186.83, 23722.65, 24350.92, 25525.36, 26032.44, 26435.8, 27552.99]",amount_not_seen_in_6_months
GL000127,tech solutions,44549.92,gl,2024-03-06 00:00:00,37,"[290.4, 2638.88, 3308.71, 3671.57, 4163.17, 6350.22, 7213.3, 8718.6, 9719.46, 10471.11]",amount_not_seen_in_6_months
GL000151,global services,14519.63,gl,2024-03-06 00:00:00,32,"[2297.49, 4387.09, 7452.96, 12593.36, 15229.08, 16281.71, 19988.73, 20118.12, 21818.27, 23524.56]",amount_not_seen_in_6_months
GL000577,ts,40349.69,gl,2024-03-06 00:00:00,3,"[4691.18, 33579.47, 34061.72]",amount_not_seen_in_6_months
GL001035,xyz,27747.01,gl,2024-03-06 00:00:00,55,"[839.89, 1462.42, 1922.67, 4078.89, 4195.33, 4652.12, 6575.58, 6733.37, 8393.58, 12109.25]",amount_not_seen_in_6_months
BANK000402,audit solutions,9179.96,bank,2024-03-07 00:00:00,13,"[508.05, 2506.93, 4114.05, 11452.89, 22120.17, 23865.49, 24918.78, 28957.73, 34677.51, 38003.33]",amount_not_seen_in_6_months
BANK000705,global services,21805.65,bank,2024-03-07 00:00:00,33,"[2297.49, 4387.09, 7452.96, 12593.36, 14519.63, 15229.08, 16281.71, 19988.73, 20118.12, 21818.27]",amount_not_seen_in_6_months
BANK000879,consulting group,34254.76,bank,2024-03-07 00:00:00,14,"[7703.88, 9138.68, 13866.48, 14207.07, 16666.54, 17313.87, 22909.97, 40873.45, 42501.91, 43736.85]",amount_not_seen_in_6_months
GL000036,tech sol,18364.05,gl,2024-03-07 00:00:00,11,"[1052.93, 20990.16, 22240.1, 26583.88, 27055.7, 28538.84, 36011.12, 43071.86, 44985.32, 47652.33]",amount_not_seen_in_6_months
GL000093,global serv,1569.37,gl,2024-03-07 00:00:00,8,"[8584.32, 11261.41, 21802.1, 25561.08, 30092.29, 32112.05, 43951.0, 45706.43]",amount_not_seen_in_6_months
GL000690,global svcs,21038.0,gl,2024-03-07 00:00:00,11,"[4025.65, 5345.39, 15224.8, 19792.85, 21200.94, 26864.83, 28582.66, 32200.4, 34315.0, 38694.03]",amount_not_seen_in_6_months
GL000728,smith,3438.0,gl,2024-03-07 00:00:00,51,"[503.29, 719.76, 1475.88, 2080.6, 3964.59, 4167.41, 4209.04, 5120.04, 5201.35, 5585.32]",amount_not_seen_in_6_months
GL000820,global serv,47224.62,gl,2024-03-07 00:00:00,8,"[8584.32, 11261.41, 21802.1, 25561.08, 30092.29, 32112.05, 43951.0, 45706.43]",amount_not_seen_in_6_months
GL000915,ts,42382.49,gl,2024-03-07 00:00:00,4,"[4691.18, 33579.47, 34061.72, 40349.69]",amount_not_seen_in_6_months
GL000950,abc,25224.71,gl,2024-03-07 00:00:00,42,"[1815.94, 1865.79, 4650.84, 5479.93, 6354.58, 6634.81, 7294.54, 7721.39, 9544.4, 12560.73]",amount_not_seen_in_6_months
BANK000235,xyz,29020.73,bank,2024-03-08 00:00:00,56,"[839.89, 1462.42, 1922.67, 4078.89, 4195.33, 4652.12, 6575.58, 6733.37, 8393.58, 12109.25]",amount_not_seen_in_6_months
GL000197,xyz,49579.2,gl,2024-03-08 00:00:00,56,"[839.89, 1462.42, 1922.67, 4078.89, 4195.33, 4652.12, 6575.58, 6733.37, 8393.58, 12109.25]",amount_not_seen_in_6_months
GL000316,xyz,45406.7,gl,2024-03-08 00:00:00,56,"[839.89, 1462.42, 1922.67, 4078.89, 4195.33, 4652.12, 6575.58, 6733.37, 8393.58, 12109.25]",amount_not_seen_in_6_months
GL000497,smith,2996.11,gl,2024-03-08 00:00:00,52,"[503.29, 719.76, 1475.88, 2080.6, 3438.0, 3964.59, 4167.41, 4209.04, 5120.04, 5201.35]",amount_not_seen_in_6_months
GL000601,abc,26650.04,gl,2024-03-08 00:00:00,43,"[1815.94, 1865.79, 4650.84, 5479.93, 6354.58, 6634.81, 7294.54, 7721.39, 9544.4, 12560.73]",amount_not_seen_in_6_months
GL000947,x y z,8998.95,gl,2024-03-08 00:00:00,6,"[362.04, 4153.37, 9367.05, 23845.03, 33525.24, 35501.43]",amount_not_seen_in_6_months
GL001050,global svcs,49824.03,gl,2024-03-08 00:00:00,12,"[4025.65, 5345.39, 15224.8, 19792.85, 21038.0, 21200.94, 26864.83, 28582.66, 32200.4, 34315.0]",amount_not_seen_in_6_months
BANK000071,tech solutions,5268.97,bank,2024-03-09 00:00:00,38,"[290.4, 2638.88, 3308.71, 3671.57, 4163.17, 6350.22, 7213.3, 8718.6, 9719.46, 10471.11]",amount_not_seen_in_6_months
BANK000655,software house,6942.75,bank,2024-03-09 00:00:00,13,"[1787.81, 7062.94, 7082.48, 15068.73, 17913.01, 18174.92, 18256.89, 19907.42, 29736.81, 39603.93]",amount_not_seen_in_6_months
GL000414,tech solutions,48868.64,gl,2024-03-09 00:00:00,38,"[290.4, 2638.88, 3308.71, 3671.57, 4163.17, 6350.22, 7213.3, 8718.6, 9719.46, 10471.11]",amount_not_seen_in_6_months
GL000778,xyz,11607.0,gl,2024-03-09 00:00:00,59,"[839.89, 1462.42, 1922.67, 4078.89, 4195.33, 4652.12, 6575.58, 6733.37, 8393.58, 12109.25]",amount_not_seen_in_6_months
BANK000249,audit solutions,44374.24,bank,2024-03-10 00:00:00,14,"[508.05, 2506.93, 4114.05, 9179.96, 11452.89, 22120.17, 23865.49, 24918.78, 28957.73, 34677.51]",amount_not_seen_in_6_months
BANK000370,xyz,31623.62,bank,2024-03-10 00:00:00,60,"[839.89, 1462.42, 1922.67, 4078.89, 4195.33, 4652.12, 6575.58, 6733.37, 8393.58, 11607.0]",amount_not_seen_in_6_months
BANK000747,smith,15158.08,bank,2024-03-10 00:00:00,53,"[503.29, 719.76, 1475.88, 2080.6, 2996.11, 3438.0, 3964.59, 4167.41, 4209.04, 5120.04]",amount_not_seen_in_6_months
GL000747,tech solutions,29216.94,gl,2024-03-10 00:00:00,40,"[290.4, 2638.88, 3308.71, 3671.57, 4163.17, 5268.97, 6350.22, 7213.3, 8718.6, 9719.46]",amount_not_seen_in_6_months
GL000755,abc,46654.62,gl,2024-03-10 00:00:00,44,"[1815.94, 1865.79, 4650.84, 5479.93, 6354.58, 6634.81, 7294.54, 7721.39, 9544.4, 12560.73]",amount_not_seen_in_6_months
GL000874,xyz,2469.18,gl,2024-03-10 00:00:00,60,"[839.89, 1462.42, 1922.67, 4078.89, 4195.33, 4652.12, 6575.58, 6733.37, 8393.58, 11607.0]",amount_not_seen_in_6_months
BANK000233,software house,34074.67,bank,2024-03-11 00:00:00,14,"[1787.81, 6942.75, 7062.94, 7082.48, 15068.73, 17913.01, 18174.92, 18256.89, 19907.42, 29736.81]",amount_not_seen_in_6_months
BANK000535,software house,418.55,bank,2024-03-11 00:00:00,14,"[1787.81, 6942.75, 7062.94, 7082.48, 15068.73, 17913.01, 18174.92, 18256.89, 19907.42, 29736.81]",amount_not_seen_in_6_months
BANK000837,global services,42726.56,bank,2024-03-11 00:00:00,34,"[2297.49, 4387.09, 7452.96, 12593.36, 14519.63, 15229.08, 16281.71, 19988.73, 20118.12, 21805.65]",amount_not_seen_in_6_months
GL000216,tech solutions,29039.74,gl,2024-03-11 00:00:00,41,"[290.4, 2638.88, 3308.71, 3671.57, 4163.17, 5268.97, 6350.22, 7213.3, 8718.6, 9719.46]",amount_not_seen_in_6_months
GL000505,abc,16207.52,gl,2024-03-11 00:00:00,45,"[1815.94, 1865.79, 4650.84, 5479.93, 6354.58, 6634.81, 7294.54, 7721.39, 9544.4, 12560.73]",amount_not_seen_in_6_months
GL000857,abc,37888.4,gl,2024-03-11 00:00:00,45,"[1815.94, 1865.79, 4650.84, 5479.93, 6354.58, 6634.81, 7294.54, 7721.39, 9544.4, 12560.73]",amount_not_seen_in_6_months
BANK000555,business tools,19253.93,bank,2024-03-12 00:00:00,20,"[8216.56, 11288.69, 13399.7, 16186.83, 23722.65, 24350.92, 25525.36, 25916.26, 26032.44, 26435.8]",amount_not_seen_in_6_months
BANK000717,xyz,5185.18,bank,2024-03-12 00:00:00,62,"[839.89, 1462.42, 1922.67, 2469.18, 4078.89, 4195.33, 4652.12, 6575.58, 6733.37, 8393.58]",amount_not_seen_in_6_months
BANK000998,consulting group,429.22,bank,2024-03-12 00:00:00,15,"[7703.88, 9138.68, 13866.48, 14207.07, 16666.54, 17313.87, 22909.97, 34254.76, 40873.45, 42501.91]",amount_not_seen_in_6_months
GL000022,smith,22197.31,gl,2024-03-12 00:00:00,54,"[503.29, 719.76, 1475.88, 2080.6, 2996.11, 3438.0, 3964.59, 4167.41, 4209.04, 5120.04]",amount_not_seen_in_6_months
GL000417,global services,17141.99,gl,2024-03-12 00:00:00,35,"[2297.49, 4387.09, 7452.96, 12593.36, 14519.63, 15229.08, 16281.71, 19988.73, 20118.12, 21805.65]",amount_not_seen_in_6_months
GL000645,global svcs,11991.22,gl,2024-03-12 00:00:00,13,"[4025.65, 5345.39, 15224.8, 19792.85, 21038.0, 21200.94, 26864.83, 28582.66, 32200.4, 34315.0]",amount_not_seen_in_6_months
BANK000635,cloud services,19695.77,bank,2024-03-13 00:00:00,13,"[5113.21, 8582.18, 10638.39, 17760.32, 18663.47, 22977.06, 28474.61, 28923.96, 32385.29, 33614.49]",amount_not_seen_in_6_months
BANK000701,digital agency,48630.71,bank,2024-03-13 00:00:00,12,"[6454.68, 13341.84, 17589.01, 27771.58, 30225.93, 32007.4, 32461.38, 32783.18, 40856.04, 43653.6]",amount_not_seen_in_6_months
BANK000754,finance partners,46840.72,bank,2024-03-13 00:00:00,12,"[2371.29, 3463.28, 5494.42, 11683.99, 13714.57, 15057.64, 15059.55, 18296.11, 19996.64, 25797.51]",amount_not_seen_in_6_months
BANK000967,smith,42587.8,bank,2024-03-13 00:00:00,55,"[503.29, 719.76, 1475.88, 2080.6, 2996.11, 3438.0, 3964.59, 4167.41, 4209.04, 5120.04]",amount_not_seen_in_6_months
GL000106,global svcs,3471.66,gl,2024-03-13 00:00:00,14,"[4025.65, 5345.39, 11991.22, 15224.8, 19792.85, 21038.0, 21200.94, 26864.83, 28582.66, 32200.4]",amount_not_seen_in_6_months
GL000155,global services,9104.39,gl,2024-03-13 00:00:00,36,"[2297.49, 4387.09, 7452.96, 12593.36, 14519.63, 15229.08, 16281.71, 17141.99, 19988.73, 20118.12]",amount_not_seen_in_6_months
GL000380,abc,4634.23,gl,2024-03-13 00:00:00,47,"[1815.94, 1865.79, 4650.84, 5479.93, 6354.58, 6634.81, 7294.54, 7721.39, 9544.4, 12560.73]",amount_not_seen_in_6_months
GL000431,abc,27818.75,gl,2024-03-13 00:00:00,47,"[1815.94, 1865.79, 4650.84, 5479.93, 6354.58, 6634.81, 7294.54, 7721.39, 9544.4, 12560.73]",amount_not_seen_in_6_months
GL000749,xyz,25136.81,gl,2024-03-13 00:00:00,63,"[839.89, 1462.42, 1922.67, 2469.18, 4078.89, 4195.33, 4652.12, 5185.18, 6575.58, 6733.37]",amount_not_seen_in_6_months
GL000925,xyz,41081.79,gl,2024-03-13 00:00:00,63,"[839.89, 1462.42, 1922.67, 2469.18, 4078.89, 4195.33, 4652.12, 5185.18, 6575.58, 6733.37]",amount_not_seen_in_6_months
GL001008,global services,12024.83,gl,2024-03-13 00:00:00,36,"[2297.49, 4387.09, 7452.96, 12593.36, 14519.63, 15229.08, 16281.71, 17141.99, 19988.73, 20118.12]",amount_not_seen_in_6_months
BANK000507,software house,11921.51,bank,2024-03-14 00:00:00,16,"[418.55, 1787.81, 6942.75, 7062.94, 7082.48, 15068.73, 17913.01, 18174.92, 18256.89, 19907.42]",amount_not_seen_in_6_months
BANK000513,business tools,42891.31,bank,2024-03-14 00:00:00,21,"[8216.56, 11288.69, 13399.7, 16186.83, 19253.93, 23722.65, 24350.92, 25525.36, 25916.26, 26032.44]",amount_not_seen_in_6_months
BANK000552,business tools,10437.19,bank,2024-03-14 00:00:00,21,"[8216.56, 11288.69, 13399.7, 16186.83, 19253.93, 23722.65, 24350.92, 25525.36, 25916.26, 26032.44]",amount_not_seen_in_6_months
BANK000795,cloud services,13843.17,bank,2024-03-14 00:00:00,14,"[5113.21, 8582.18, 10638.39, 17760.32, 18663.47, 19695.77, 22977.06, 28474.61, 28923.96, 32385.29]",amount_not_seen_in_6_months
GL000001,smith and,2023.74,gl,2024-03-14 00:00:00,3,"[7452.57, 26795.0, 48119.5]",amount_not_seen_in_6_months
GL000154,global services,33360.1,gl,2024-03-14 00:00:00,38,"[2297.49, 4387.09, 7452.96, 9104.39, 12024.83, 12593.36, 14519.63, 15229.08, 16281.71, 17141.99]",amount_not_seen_in_6_months
GL000689,smith,33297.43,gl,2024-03-14 00:00:00,56,"[503.29, 719.76, 1475.88, 2080.6, 2996.11, 3438.0, 3964.59, 4167.41, 4209.04, 5120.04]",amount_not_seen_in_6_months
GL000806,smith,12958.51,gl,2024-03-14 00:00:00,56,"[503.29, 719.76, 1475.88, 2080.6, 2996.11, 3438.0, 3964.59, 4167.41, 4209.04, 5120.04]",amount_not_seen_in_6_months
BANK000260,smith,13936.01,bank,2024-03-15 00:00:00,58,"[503.29, 719.76, 1475.88, 2080.6, 2996.11, 3438.0, 3964.59, 4167.41, 4209.04, 5120.04]",amount_not_seen_in_6_months
BANK000353,smith,16830.99,bank,2024-03-15 00:00:00,58,"[503.29, 719.76, 1475.88, 2080.6, 2996.11, 3438.0, 3964.59, 4167.41, 4209.04, 5120.04]",amount_not_seen_in_6_months
BANK000922,abc,34201.18,bank,2024-03-15 00:00:00,49,"[1815.94, 1865.79, 4634.23, 4650.84, 5479.93, 6354.58, 6634.81, 7294.54, 7721.39, 9544.4]",amount_not_seen_in_6_months
GL000130,xyz,9794.72,gl,2024-03-15 00:00:00,65,"[839.89, 1462.42, 1922.67, 2469.18, 4078.89, 4195.33, 4652.12, 5185.18, 6575.58, 6733.37]",amount_not_seen_in_6_months
GL000976,smith,2254.69,gl,2024-03-15 00:00:00,58,"[503.29, 719.76, 1475.88, 2080.6, 2996.11, 3438.0, 3964.59, 4167.41, 4209.04, 5120.04]",amount_not_seen_in_6_months
BANK000079,audit solutions,29167.23,bank,2024-03-16 00:00:00,15,"[508.05, 2506.93, 4114.05, 9179.96, 11452.89, 22120.17, 23865.49, 24918.78, 28957.73, 34677.51]",amount_not_seen_in_6_months
BANK000259,business tools,16495.12,bank,2024-03-16 00:00:00,23,"[8216.56, 10437.19, 11288.69, 13399.7, 16186.83, 19253.93, 23722.65, 24350.92, 25525.36, 25916.26]",amount_not_seen_in_6_months
BANK000744,cloud services,3071.84,bank,2024-03-16 00:00:00,15,"[5113.21, 8582.18, 10638.39, 13843.17, 17760.32, 18663.47, 19695.77, 22977.06, 28474.61, 28923.96]",amount_not_seen_in_6_months
BANK000356,data systems,10861.17,bank,2024-03-17 00:00:00,15,"[316.45, 3389.0, 5440.12, 14838.02, 15095.0, 15606.43, 28619.64, 29265.91, 38561.23, 41549.57]",amount_not_seen_in_6_months
BANK000688,smith,18262.43,bank,2024-03-17 00:00:00,61,"[503.29, 719.76, 1475.88, 2080.6, 2254.69, 2996.11, 3438.0, 3964.59, 4167.41, 4209.04]",amount_not_seen_in_6_months
BANK000822,data systems,15009.68,bank,2024-03-17 00:00:00,15,"[316.45, 3389.0, 5440.12, 14838.02, 15095.0, 15606.43, 28619.64, 29265.91, 38561.23, 41549.57]",amount_not_seen_in_6_months
GL000051,xyz,46769.96,gl,2024-03-17 00:00:00,66,"[839.89, 1462.42, 1922.67, 2469.18, 4078.89, 4195.33, 4652.12, 5185.18, 6575.58, 6733.37]",amount_not_seen_in_6_months
GL000488,tech solutions,37049.22,gl,2024-03-17 00:00:00,42,"[290.4, 2638.88, 3308.71, 3671.57, 4163.17, 5268.97, 6350.22, 7213.3, 8718.6, 9719.46]",amount_not_seen_in_6_months
GL000604,global svcs,45591.82,gl,2024-03-17 00:00:00,15,"[3471.66, 4025.65, 5345.39, 11991.22, 15224.8, 19792.85, 21038.0, 21200.94, 26864.83, 28582.66]",amount_not_seen_in_6_months
GL000729,smith,32563.41,gl,2024-03-17 00:00:00,61,"[503.29, 719.76, 1475.88, 2080.6, 2254.69, 2996.11, 3438.0, 3964.59, 4167.41, 4209.04]",amount_not_seen_in_6_months
GL000805,smith,43223.0,gl,2024-03-17 00:00:00,61,"[503.29, 719.76, 1475.88, 2080.6, 2254.69, 2996.11, 3438.0, 3964.59, 4167.41, 4209.04]",amount_not_seen_in_6_months
GL000867,xyz,36762.23,gl,2024-03-17 00:00:00,66,"[839.89, 1462.42, 1922.67, 2469.18, 4078.89, 4195.33, 4652.12, 5185.18, 6575.58, 6733.37]",amount_not_seen_in_6_months
GL000990,smith,43535.17,gl,2024-03-17 00:00:00,61,"[503.29, 719.76, 1475.88, 2080.6, 2254.69, 2996.11, 3438.0, 3964.59, 4167.41, 4209.04]",amount_not_seen_in_6_months
GL000700,x y z,20512.0,gl,2024-03-18 00:00:00,7,"[362.04, 4153.37, 8998.95, 9367.05, 23845.03, 33525.24, 35501.43]",amount_not_seen_in_6_months
GL000930,smith,34097.98,gl,2024-03-18 00:00:00,65,"[503.29, 719.76, 1475.88, 2080.6, 2254.69, 2996.11, 3438.0, 3964.59, 4167.41, 4209.04]",amount_not_seen_in_6_months
BANK000032,finance partners,30487.61,bank,2024-03-19 00:00:00,13,"[2371.29, 3463.28, 5494.42, 11683.99, 13714.57, 15057.64, 15059.55, 18296.11, 19996.64, 25797.51]",amount_not_seen_in_6_months
BANK000276,software house,12819.0,bank,2024-03-19 00:00:00,17,"[418.55, 1787.81, 6942.75, 7062.94, 7082.48, 11921.51, 15068.73, 17913.01, 18174.92, 18256.89]",amount_not_seen_in_6_months
BANK000312,business tools,8757.6,bank,2024-03-19 00:00:00,24,"[8216.56, 10437.19, 11288.69, 13399.7, 16186.83, 16495.12, 19253.93, 23722.65, 24350.92, 25525.36]",amount_not_seen_in_6_months
BANK000386,software house,1716.03,bank,2024-03-19 00:00:00,17,"[418.55, 1787.81, 6942.75, 7062.94, 7082.48, 11921.51, 15068.73, 17913.01, 18174.92, 18256.89]",amount_not_seen_in_6_months
BANK000562,audit solutions,4193.7,bank,2024-03-19 00:00:00,16,"[508.05, 2506.93, 4114.05, 9179.96, 11452.89, 22120.17, 23865.49, 24918.78, 28957.73, 29167.23]",amount_not_seen_in_6_months
BANK000974,cloud services,34703.56,bank,2024-03-19 00:00:00,16,"[3071.84, 5113.21, 8582.18, 10638.39, 13843.17, 17760.32, 18663.47, 19695.77, 22977.06, 28474.61]",amount_not_seen_in_6_months
GL000020,abc,46542.79,gl,2024-03-19 00:00:00,50,"[1815.94, 1865.79, 4634.23, 4650.84, 5479.93, 6354.58, 6634.81, 7294.54, 7721.39, 9544.4]",amount_not_seen_in_6_months
GL000351,abc,48643.2,gl,2024-03-19 00:00:00,50,"[1815.94, 1865.79, 4634.23, 4650.84, 5479.93, 6354.58, 6634.81, 7294.54, 7721.39, 9544.4]",amount_not_seen_in_6_months
GL000742,xyz,24437.07,gl,2024-03-19 00:00:00,68,"[839.89, 1462.42, 1922.67, 2469.18, 4078.89, 4195.33, 4652.12, 5185.18, 6575.58, 6733.37]",amount_not_seen_in_6_months
GL000768,global services,9933.66,gl,2024-03-19 00:00:00,39,"[2297.49, 4387.09, 7452.96, 9104.39, 12024.83, 12593.36, 14519.63, 15229.08, 16281.71, 17141.99]",amount_not_seen_in_6_months
GL001020,abc,2958.7,gl,2024-03-19 00:00:00,50,"[1815.94, 1865.79, 4634.23, 4650.84, 5479.93, 6354.58, 6634.81, 7294.54, 7721.39, 9544.4]",amount_not_seen_in_6_months
GL001033,smith and,22677.32,gl,2024-03-19 00:00:00,4,"[2023.74, 7452.57, 26795.0, 48119.5]",amount_not_seen_in_6_months
GL001136,tech solutions,2792.87,gl,2024-03-19 00:00:00,43,"[290.4, 2638.88, 3308.71, 3671.57, 4163.17, 5268.97, 6350.22, 7213.3, 8718.6, 9719.46]",amount_not_seen_in_6_months
BANK000072,tech solutions,37146.59,bank,2024-03-20 00:00:00,44,"[290.4, 2638.88, 2792.87, 3308.71, 3671.57, 4163.17, 5268.97, 6350.22, 7213.3, 8718.6]",amount_not_seen_in_6_months
BANK000082,global services,48694.47,bank,2024-03-20 00:00:00,40,"[2297.49, 4387.09, 7452.96, 9104.39, 9933.66, 12024.83, 12593.36, 14519.63, 15229.08, 16281.71]",amount_not_seen_in_6_months
BANK000674,data systems,46054.15,bank,2024-03-20 00:00:00,17,"[316.45, 3389.0, 5440.12, 10861.17, 14838.02, 15009.68, 15095.0, 15606.43, 28619.64, 29265.91]",amount_not_seen_in_6_months
GL000111,tech solutions,42567.65,gl,2024-03-20 00:00:00,44,"[290.4, 2638.88, 2792.87, 3308.71, 3671.57, 4163.17, 5268.97, 6350.22, 7213.3, 8718.6]",amount_not_seen_in_6_months
GL000239,global services,8309.37,gl,2024-03-20 00:00:00,40,"[2297.49, 4387.09, 7452.96, 9104.39, 9933.66, 12024.83, 12593.36, 14519.63, 15229.08, 16281.71]",amount_not_seen_in_6_months
GL000435,global services,29632.78,gl,2024-03-20 00:00:00,40,"[2297.49, 4387.09, 7452.96, 9104.39, 9933.66, 12024.83, 12593.36, 14519.63, 15229.08, 16281.71]",amount_not_seen_in_6_months
GL000608,smith and,27541.69,gl,2024-03-20 00:00:00,5,"[2023.74, 7452.57, 22677.32, 26795.0, 48119.5]",amount_not_seen_in_6_months
GL001097,tech solutions,20986.49,gl,2024-03-20 00:00:00,44,"[290.4, 2638.88, 2792.87, 3308.71, 3671.57, 4163.17, 5268.97, 6350.22, 7213.3, 8718.6]",amount_not_seen_in_6_months
BANK000292,business tools,2725.18,bank,2024-03-21 00:00:00,25,"[8216.56, 8757.6, 10437.19, 11288.69, 13399.7, 16186.83, 16495.12, 19253.93, 23722.65, 24350.92]",amount_not_seen_in_6_months
BANK000414,consulting group,34461.82,bank,2024-03-21 00:00:00,16,"[429.22, 7703.88, 9138.68, 13866.48, 14207.07, 16666.54, 17313.87, 22909.97, 34254.76, 40873.45]",amount_not_seen_in_6_months
BANK000685,tech solutions,8427.38,bank,2024-03-21 00:00:00,47,"[290.4, 2638.88, 2792.87, 3308.71, 3671.57, 4163.17, 5268.97, 6350.22, 7213.3, 8718.6]",amount_not_seen_in_6_months
BANK000961,data systems,1637.88,bank,2024-03-21 00:00:00,18,"[316.45, 3389.0, 5440.12, 10861.17, 14838.02, 15009.68, 15095.0, 15606.43, 28619.64, 29265.91]",amount_not_seen_in_6_months
GL000436,smith,18359.91,gl,2024-03-21 00:00:00,66,"[503.29, 719.76, 1475.88, 2080.6, 2254.69, 2996.11, 3438.0, 3964.59, 4167.41, 4209.04]",amount_not_seen_in_6_months
GL000538,smith and,39397.09,gl,2024-03-21 00:00:00,6,"[2023.74, 7452.57, 22677.32, 26795.0, 27541.69, 48119.5]",amount_not_seen_in_6_months
GL000559,tech solutions,14988.01,gl,2024-03-21 00:00:00,47,"[290.4, 2638.88, 2792.87, 3308.71, 3671.57, 4163.17, 5268.97, 6350.22, 7213.3, 8718.6]",amount_not_seen_in_6_months
BANK000734,xyz,49980.33,bank,2024-03-22 00:00:00,69,"[839.89, 1462.42, 1922.67, 2469.18, 4078.89, 4195.33, 4652.12, 5185.18, 6575.58, 6733.37]",amount_not_seen_in_6_months
GL000280,ts,8214.48,gl,2024-03-22 00:00:00,5,"[4691.18, 33579.47, 34061.72, 40349.69, 42382.49]",amount_not_seen_in_6_months
GL000468,xyz,22806.56,gl,2024-03-22 00:00:00,69,"[839.89, 1462.42, 1922.67, 2469.18, 4078.89, 4195.33, 4652.12, 5185.18, 6575.58, 6733.37]",amount_not_seen_in_6_months
GL000818,abc,18618.0,gl,2024-03-22 00:00:00,53,"[1815.94, 1865.79, 2958.7, 4634.23, 4650.84, 5479.93, 6354.58, 6634.81, 7294.54, 7721.39]",amount_not_seen_in_6_months
BANK000188,finance partners,33539.66,bank,2024-03-23 00:00:00,14,"[2371.29, 3463.28, 5494.42, 11683.99, 13714.57, 15057.64, 15059.55, 18296.11, 19996.64, 25797.51]",amount_not_seen_in_6_months
BANK000348,tech solutions,14324.64,bank,2024-03-23 00:00:00,49,"[290.4, 2638.88, 2792.87, 3308.71, 3671.57, 4163.17, 5268.97, 6350.22, 7213.3, 8427.38]",amount_not_seen_in_6_months
GL000141,smith,14026.21,gl,2024-03-23 00:00:00,67,"[503.29, 719.76, 1475.88, 2080.6, 2254.69, 2996.11, 3438.0, 3964.59, 4167.41, 4209.04]",amount_not_seen_in_6_months
GL000332,abc,20077.3,gl,2024-03-23 00:00:00,54,"[1815.94, 1865.79, 2958.7, 4634.23, 4650.84, 5479.93, 6354.58, 6634.81, 7294.54, 7721.39]",amount_not_seen_in_6_months
GL000498,global services,15492.64,gl,2024-03-23 00:00:00,43,"[2297.49, 4387.09, 7452.96, 8309.37, 9104.39, 9933.66, 12024.83, 12593.36, 14519.63, 15229.08]",amount_not_seen_in_6_months
GL000703,global services,34099.41,gl,2024-03-23 00:00:00,43,"[2297.49, 4387.09, 7452.96, 8309.37, 9104.39, 9933.66, 12024.83, 12593.36, 14519.63, 15229.08]",amount_not_seen_in_6_months
BANK000014,finance partners,41722.11,bank,2024-03-24 00:00:00,15,"[2371.29, 3463.28, 5494.42, 11683.99, 13714.57, 15057.64, 15059.55, 18296.11, 19996.64, 25797.51]",amount_not_seen_in_6_months
GL000136,xyz,31658.0,gl,2024-03-24 00:00:00,71,"[839.89, 1462.42, 1922.67, 2469.18, 4078.89, 4195.33, 4652.12, 5185.18, 6575.58, 6733.37]",amount_not_seen_in_6_months
BANK000340,digital agency,40471.28,bank,2024-03-25 00:00:00,13,"[6454.68, 13341.84, 17589.01, 27771.58, 30225.93, 32007.4, 32461.38, 32783.18, 40856.04, 43653.6]",amount_not_seen_in_6_months
GL000514,smith,23514.86,gl,2024-03-25 00:00:00,68,"[503.29, 719.76, 1475.88, 2080.6, 2254.69, 2996.11, 3438.0, 3964.59, 4167.41, 4209.04]",amount_not_seen_in_6_months
GL000887,abc,25270.99,gl,2024-03-25 00:00:00,55,"[1815.94, 1865.79, 2958.7, 4634.23, 4650.84, 5479.93, 6354.58, 6634.81, 7294.54, 7721.39]",amount_not_seen_in_6_months
GL001107,global serv,10297.71,gl,2024-03-26 00:00:00,10,"[1569.37, 8584.32, 11261.41, 21802.1, 25561.08, 30092.29, 32112.05, 43951.0, 45706.43, 47224.62]",amount_not_seen_in_6_months
BANK000407,cloud services,25178.4,bank,2024-03-27 00:00:00,17,"[3071.84, 5113.21, 8582.18, 10638.39, 13843.17, 17760.32, 18663.47, 19695.77, 22977.06, 28474.61]",amount_not_seen_in_6_months
BANK000570,smith,34297.27,bank,2024-03-27 00:00:00,69,"[503.29, 719.76, 1475.88, 2080.6, 2254.69, 2996.11, 3438.0, 3964.59, 4167.41, 4209.04]",amount_not_seen_in_6_months
BANK000841,cloud services,38083.54,bank,2024-03-27 00:00:00,17,"[3071.84, 5113.21, 8582.18, 10638.39, 13843.17, 17760.32, 18663.47, 19695.77, 22977.06, 28474.61]",amount_not_seen_in_6_months
BANK000975,abc,47937.08,bank,2024-03-27 00:00:00,56,"[1815.94, 1865.79, 2958.7, 4634.23, 4650.84, 5479.93, 6354.58, 6634.81, 7294.54, 7721.39]",amount_not_seen_in_6_months
GL000359,abc,42788.14,gl,2024-03-27 00:00:00,56,"[1815.94, 1865.79, 2958.7, 4634.23, 4650.84, 5479.93, 6354.58, 6634.81, 7294.54, 7721.39]",amount_not_seen_in_6_months
GL001076,smith,21465.0,gl,2024-03-27 00:00:00,69,"[503.29, 719.76, 1475.88, 2080.6, 2254.69, 2996.11, 3438.0, 3964.59, 4167.41, 4209.04]",amount_not_seen_in_6_months
BANK000305,business tools,48313.36,bank,2024-03-28 00:00:00,26,"[2725.18, 8216.56, 8757.6, 10437.19, 11288.69, 13399.7, 16186.83, 16495.12, 19253.93, 23722.65]",amount_not_seen_in_6_months
BANK000615,data systems,46541.68,bank,2024-03-29 00:00:00,19,"[316.45, 1637.88, 3389.0, 5440.12, 10861.17, 14838.02, 15009.68, 15095.0, 15606.43, 28619.64]",amount_not_seen_in_6_months
BANK000724,finance partners,34192.32,bank,2024-03-29 00:00:00,16,"[2371.29, 3463.28, 5494.42, 11683.99, 13714.57, 15057.64, 15059.55, 18296.11, 19996.64, 25797.51]",amount_not_seen_in_6_months
BANK000908,digital agency,34621.7,bank,2024-03-29 00:00:00,14,"[6454.68, 13341.84, 17589.01, 27771.58, 30225.93, 32007.4, 32461.38, 32783.18, 40471.28, 40856.04]",amount_not_seen_in_6_months
GL000933,xyz,49983.34,gl,2024-03-29 00:00:00,72,"[839.89, 1462.42, 1922.67, 2469.18, 4078.89, 4195.33, 4652.12, 5185.18, 6575.58, 6733.37]",amount_not_seen_in_6_months
BANK000099,cloud services,33898.17,bank,2024-03-30 00:00:00,19,"[3071.84, 5113.21, 8582.18, 10638.39, 13843.17, 17760.32, 18663.47, 19695.77, 22977.06, 25178.4]",amount_not_seen_in_6_months
BANK000185,consulting group,28854.72,bank,2024-03-30 00:00:00,17,"[429.22, 7703.88, 9138.68, 13866.48, 14207.07, 16666.54, 17313.87, 22909.97, 34254.76, 34461.82]",amount_not_seen_in_6_months
BANK000236,global services,37399.3,bank,2024-03-30 00:00:00,45,"[2297.49, 4387.09, 7452.96, 8309.37, 9104.39, 9933.66, 12024.83, 12593.36, 14519.63, 15229.08]",amount_not_seen_in_6_months
BANK000464,audit solutions,45670.16,bank,2024-03-30 00:00:00,17,"[508.05, 2506.93, 4114.05, 4193.7, 9179.96, 11452.89, 22120.17, 23865.49, 24918.78, 28957.73]",amount_not_seen_in_6_months
BANK000715,abc,15012.15,bank,2024-03-30 00:00:00,58,"[1815.94, 1865.79, 2958.7, 4634.23, 4650.84, 5479.93, 6354.58, 6634.81, 7294.54, 7721.39]",amount_not_seen_in_6_months
BANK000740,consulting group,27152.02,bank,2024-03-30 00:00:00,17,"[429.22, 7703.88, 9138.68, 13866.48, 14207.07, 16666.54, 17313.87, 22909.97, 34254.76, 34461.82]",amount_not_seen_in_6_months
BANK000750,audit solutions,29488.61,bank,2024-03-30 00:00:00,17,"[508.05, 2506.93, 4114.05, 4193.7, 9179.96, 11452.89, 22120.17, 23865.49, 24918.78, 28957.73]",amount_not_seen_in_6_months
GL000236,abc,7624.99,gl,2024-03-30 00:00:00,58,"[1815.94, 1865.79, 2958.7, 4634.23, 4650.84, 5479.93, 6354.58, 6634.81, 7294.54, 7721.39]",amount_not_seen_in_6_months
GL000602,xyz,17176.79,gl,2024-03-30 00:00:00,73,"[839.89, 1462.42, 1922.67, 2469.18, 4078.89, 4195.33, 4652.12, 5185.18, 6575.58, 6733.37]",amount_not_seen_in_6_months
GL000804,tech solutions,6640.68,gl,2024-03-30 00:00:00,50,"[290.4, 2638.88, 2792.87, 3308.71, 3671.57, 4163.17, 5268.97, 6350.22, 7213.3, 8427.38]",amount_not_seen_in_6_months
BANK000743,business tools,17103.88,bank,2024-03-31 00:00:00,27,"[2725.18, 8216.56, 8757.6, 10437.19, 11288.69, 13399.7, 16186.83, 16495.12, 19253.93, 23722.65]",amount_not_seen_in_6_months
BANK000931,software house,14779.47,bank,2024-03-31 00:00:00,19,"[418.55, 1716.03, 1787.81, 6942.75, 7062.94, 7082.48, 11921.51, 12819.0, 15068.73, 17913.01]",amount_not_seen_in_6_months
GL000177,xyz,49036.46,gl,2024-03-31 00:00:00,74,"[839.89, 1462.42, 1922.67, 2469.18, 4078.89, 4195.33, 4652.12, 5185.18, 6575.58, 6733.37]",amount_not_seen_in_6_months
GL000248,ts,15191.41,gl,2024-03-31 00:00:00,6,"[4691.18, 8214.48, 33579.47, 34061.72, 40349.69, 42382.49]",amount_not_seen_in_6_months
GL000284,abc,20245.29,gl,2024-03-31 00:00:00,60,"[1815.94, 1865.79, 2958.7, 4634.23, 4650.84, 5479.93, 6354.58, 6634.81, 7294.54, 7624.99]",amount_not_seen_in_6_months
GL000322,smith and,42156.71,gl,2024-03-31 00:00:00,7,"[2023.74, 7452.57, 22677.32, 26795.0, 27541.69, 39397.09, 48119.5]",amount_not_seen_in_6_months
GL000451,ts,2465.51,gl,2024-03-31 00:00:00,6,"[4691.18, 8214.48, 33579.47, 34061.72, 40349.69, 42382.49]",amount_not_seen_in_6_months
GL000627,smith,49484.14,gl,2024-03-31 00:00:00,71,"[503.29, 719.76, 1475.88, 2080.6, 2254.69, 2996.11, 3438.0, 3964.59, 4167.41, 4209.04]",amount_not_seen_in_6_months
GL000717,abc,45533.53,gl,2024-03-31 00:00:00,60,"[1815.94, 1865.79, 2958.7, 4634.23, 4650.84, 5479.93, 6354.58, 6634.81, 7294.54, 7624.99]",amount_not_seen_in_6_months
GL000776,smith,9815.45,gl,2024-03-31 00:00:00,71,"[503.29, 719.76, 1475.88, 2080.6, 2254.69, 2996.11, 3438.0, 3964.59, 4167.41, 4209.04]",amount_not_seen_in_6_months
BANK000551,finance partners,32939.65,bank,2024-04-01 00:00:00,17,"[2371.29, 3463.28, 5494.42, 11683.99, 13714.57, 15057.64, 15059.55, 18296.11, 19996.64, 25797.51]",amount_not_seen_in_6_months
BANK000916,data systems,48761.46,bank,2024-04-01 00:00:00,20,"[316.45, 1637.88, 3389.0, 5440.12, 10861.17, 14838.02, 15009.68, 15095.0, 15606.43, 28619.64]",amount_not_seen_in_6_months
GL000166,global services,25411.19,gl,2024-04-01 00:00:00,46,"[2297.49, 4387.09, 7452.96, 8309.37, 9104.39, 9933.66, 12024.83, 12593.36, 14519.63, 15229.08]",amount_not_seen_in_6_months
GL000861,a b c,8274.66,gl,2024-04-01 00:00:00,6,"[4041.61, 5583.67, 17880.85, 20888.48, 32991.53, 49337.78]",amount_not_seen_in_6_months
GL000891,abc,42344.66,gl,2024-04-01 00:00:00,62,"[1815.94, 1865.79, 2958.7, 4634.23, 4650.84, 5479.93, 6354.58, 6634.81, 7294.54, 7624.99]",amount_not_seen_in_6_months
BANK000186,cloud services,45812.03,bank,2024-04-02 00:00:00,20,"[3071.84, 5113.21, 8582.18, 10638.39, 13843.17, 17760.32, 18663.47, 19695.77, 22977.06, 25178.4]",amount_not_seen_in_6_months
GL000900,smith,11364.93,gl,2024-04-02 00:00:00,73,"[503.29, 719.76, 1475.88, 2080.6, 2254.69, 2996.11, 3438.0, 3964.59, 4167.41, 4209.04]",amount_not_seen_in_6_months
BANK000612,finance partners,15338.46,bank,2024-04-03 00:00:00,18,"[2371.29, 3463.28, 5494.42, 11683.99, 13714.57, 15057.64, 15059.55, 18296.11, 19996.64, 25797.51]",amount_not_seen_in_6_months
BANK000473,smith,33495.87,bank,2024-04-04 00:00:00,74,"[503.29, 719.76, 1475.88, 2080.6, 2254.69, 2996.11, 3438.0, 3964.59, 4167.41, 4209.04]",amount_not_seen_in_6_months
BANK000938,data systems,11076.1,bank,2024-04-04 00:00:00,21,"[316.45, 1637.88, 3389.0, 5440.12, 10861.17, 14838.02, 15009.68, 15095.0, 15606.43, 28619.64]",amount_not_seen_in_6_months
GL000152,tech solutions,47388.15,gl,2024-04-04 00:00:00,51,"[290.4, 2638.88, 2792.87, 3308.71, 3671.57, 4163.17, 5268.97, 6350.22, 6640.68, 7213.3]",amount_not_seen_in_6_months
GL000454,abc,34318.28,gl,2024-04-04 00:00:00,63,"[1815.94, 1865.79, 2958.7, 4634.23, 4650.84, 5479.93, 6354.58, 6634.81, 7294.54, 7624.99]",amount_not_seen_in_6_months
GL000526,global svcs,10773.69,gl,2024-04-04 00:00:00,16,"[3471.66, 4025.65, 5345.39, 11991.22, 15224.8, 19792.85, 21038.0, 21200.94, 26864.83, 28582.66]",amount_not_seen_in_6_months
BANK000060,xyz,25440.64,bank,2024-04-05 00:00:00,75,"[839.89, 1462.42, 1922.67, 2469.18, 4078.89, 4195.33, 4652.12, 5185.18, 6575.58, 6733.37]",amount_not_seen_in_6_months
BANK000376,consulting group,17017.93,bank,2024-04-05 00:00:00,19,"[429.22, 7703.88, 9138.68, 13866.48, 14207.07, 16666.54, 17313.87, 22909.97, 27152.02, 28854.72]",amount_not_seen_in_6_months
BANK000389,consulting group,1393.08,bank,2024-04-05 00:00:00,19,"[429.22, 7703.88, 9138.68, 13866.48, 14207.07, 16666.54, 17313.87, 22909.97, 27152.02, 28854.72]",amount_not_seen_in_6_months
BANK000470,abc,32449.44,bank,2024-04-05 00:00:00,64,"[1815.94, 1865.79, 2958.7, 4634.23, 4650.84, 5479.93, 6354.58, 6634.81, 7294.54, 7624.99]",amount_not_seen_in_6_months
BANK000603,software house,31525.04,bank,2024-04-05 00:00:00,20,"[418.55, 1716.03, 1787.81, 6942.75, 7062.94, 7082.48, 11921.51, 12819.0, 14779.47, 15068.73]",amount_not_seen_in_6_months
GL000139,global svcs,14816.48,gl,2024-04-05 00:00:00,17,"[3471.66, 4025.65, 5345.39, 10773.69, 11991.22, 15224.8, 19792.85, 21038.0, 21200.94, 26864.83]",amount_not_seen_in_6_months
GL000754,xyz,24094.37,gl,2024-04-05 00:00:00,75,"[839.89, 1462.42, 1922.67, 2469.18, 4078.89, 4195.33, 4652.12, 5185.18, 6575.58, 6733.37]",amount_not_seen_in_6_months
GL000975,tech solutions,44506.82,gl,2024-04-05 00:00:00,52,"[290.4, 2638.88, 2792.87, 3308.71, 3671.57, 4163.17, 5268.97, 6350.22, 6640.68, 7213.3]",amount_not_seen_in_6_months
BANK000192,data systems,20721.05,bank,2024-04-06 00:00:00,22,"[316.45, 1637.88, 3389.0, 5440.12, 10861.17, 11076.1, 14838.02, 15009.68, 15095.0, 15606.43]",amount_not_seen_in_6_months
BANK000500,digital agency,7840.56,bank,2024-04-06 00:00:00,15,"[6454.68, 13341.84, 17589.01, 27771.58, 30225.93, 32007.4, 32461.38, 32783.18, 34621.7, 40471.28]",amount_not_seen_in_6_months
BANK000518,business tools,43693.66,bank,2024-04-06 00:00:00,28,"[2725.18, 8216.56, 8757.6, 10437.19, 11288.69, 13399.7, 16186.83, 16495.12, 17103.88, 19253.93]",amount_not_seen_in_6_months
GL000012,abc,2686.89,gl,2024-04-06 00:00:00,65,"[1815.94, 1865.79, 2958.7, 4634.23, 4650.84, 5479.93, 6354.58, 6634.81, 7294.54, 7624.99]",amount_not_seen_in_6_months
GL000092,xyz,16616.68,gl,2024-04-06 00:00:00,77,"[839.89, 1462.42, 1922.67, 2469.18, 4078.89, 4195.33, 4652.12, 5185.18, 6575.58, 6733.37]",amount_not_seen_in_6_months
GL000418,tech solutions,30728.49,gl,2024-04-06 00:00:00,53,"[290.4, 2638.88, 2792.87, 3308.71, 3671.57, 4163.17, 5268.97, 6350.22, 6640.68, 7213.3]",amount_not_seen_in_6_months
GL000696,global services,21724.0,gl,2024-04-06 00:00:00,47,"[2297.49, 4387.09, 7452.96, 8309.37, 9104.39, 9933.66, 12024.83, 12593.36, 14519.63, 15229.08]",amount_not_seen_in_6_months
GL000761,smith,44020.08,gl,2024-04-06 00:00:00,75,"[503.29, 719.76, 1475.88, 2080.6, 2254.69, 2996.11, 3438.0, 3964.59, 4167.41, 4209.04]",amount_not_seen_in_6_months
GL001113,tech solutions,48011.22,gl,2024-04-06 00:00:00,53,"[290.4, 2638.88, 2792.87, 3308.71, 3671.57, 4163.17, 5268.97, 6350.22, 6640.68, 7213.3]",amount_not_seen_in_6_months
GL001148,abc,35543.3,gl,2024-04-06 00:00:00,65,"[1815.94, 1865.79, 2958.7, 4634.23, 4650.84, 5479.93, 6354.58, 6634.81, 7294.54, 7624.99]",amount_not_seen_in_6_months
BANK000046,xyz,40394.1,bank,2024-04-07 00:00:00,78,"[839.89, 1462.42, 1922.67, 2469.18, 4078.89, 4195.33, 4652.12, 5185.18, 6575.58, 6733.37]",amount_not_seen_in_6_months
BANK000200,cloud services,7317.63,bank,2024-04-07 00:00:00,21,"[3071.84, 5113.21, 8582.18, 10638.39, 13843.17, 17760.32, 18663.47, 19695.77, 22977.06, 25178.4]",amount_not_seen_in_6_months
BANK000768,audit solutions,16621.62,bank,2024-04-07 00:00:00,19,"[508.05, 2506.93, 4114.05, 4193.7, 9179.96, 11452.89, 22120.17, 23865.49, 24918.78, 28957.73]",amount_not_seen_in_6_months
GL000477,xyz,32942.39,gl,2024-04-07 00:00:00,78,"[839.89, 1462.42, 1922.67, 2469.18, 4078.89, 4195.33, 4652.12, 5185.18, 6575.58, 6733.37]",amount_not_seen_in_6_months
GL000639,abc,6084.32,gl,2024-04-07 00:00:00,67,"[1815.94, 1865.79, 2686.89, 2958.7, 4634.23, 4650.84, 5479.93, 6354.58, 6634.81, 7294.54]",amount_not_seen_in_6_months
BANK000098,audit solutions,27765.18,bank,2024-04-08 00:00:00,20,"[508.05, 2506.93, 4114.05, 4193.7, 9179.96, 11452.89, 16621.62, 22120.17, 23865.49, 24918.78]",amount_not_seen_in_6_months
BANK000157,finance partners,11603.85,bank,2024-04-08 00:00:00,19,"[2371.29, 3463.28, 5494.42, 11683.99, 13714.57, 15057.64, 15059.55, 15338.46, 18296.11, 19996.64]",amount_not_seen_in_6_months
BANK000449,global services,30542.82,bank,2024-04-08 00:00:00,48,"[2297.49, 4387.09, 7452.96, 8309.37, 9104.39, 9933.66, 12024.83, 12593.36, 14519.63, 15229.08]",amount_not_seen_in_6_months
BANK000471,smith,28432.28,bank,2024-04-08 00:00:00,76,"[503.29, 719.76, 1475.88, 2080.6, 2254.69, 2996.11, 3438.0, 3964.59, 4167.41, 4209.04]",amount_not_seen_in_6_months
BANK000785,smith,48611.03,bank,2024-04-08 00:00:00,76,"[503.29, 719.76, 1475.88, 2080.6, 2254.69, 2996.11, 3438.0, 3964.59, 4167.41, 4209.04]",amount_not_seen_in_6_months
GL000643,global services,45892.76,gl,2024-04-08 00:00:00,48,"[2297.49, 4387.09, 7452.96, 8309.37, 9104.39, 9933.66, 12024.83, 12593.36, 14519.63, 15229.08]",amount_not_seen_in_6_months
GL000709,smith,8445.03,gl,2024-04-08 00:00:00,76,"[503.29, 719.76, 1475.88, 2080.6, 2254.69, 2996.11, 3438.0, 3964.59, 4167.41, 4209.04]",amount_not_seen_in_6_months
GL000794,smith,22659.0,gl,2024-04-08 00:00:00,76,"[503.29, 719.76, 1475.88, 2080.6, 2254.69, 2996.11, 3438.0, 3964.59, 4167.41, 4209.04]",amount_not_seen_in_6_months
GL000845,abc,16856.07,gl,2024-04-08 00:00:00,68,"[1815.94, 1865.79, 2686.89, 2958.7, 4634.23, 4650.84, 5479.93, 6084.32, 6354.58, 6634.81]",amount_not_seen_in_6_months
BANK000160,tech solutions,49027.48,bank,2024-04-09 00:00:00,55,"[290.4, 2638.88, 2792.87, 3308.71, 3671.57, 4163.17, 5268.97, 6350.22, 6640.68, 7213.3]",amount_not_seen_in_6_months
BANK000343,finance partners,45208.32,bank,2024-04-09 00:00:00,20,"[2371.29, 3463.28, 5494.42, 11603.85, 11683.99, 13714.57, 15057.64, 15059.55, 15338.46, 18296.11]",amount_not_seen_in_6_months
BANK000835,data systems,3653.67,bank,2024-04-09 00:00:00,23,"[316.45, 1637.88, 3389.0, 5440.12, 10861.17, 11076.1, 14838.02, 15009.68, 15095.0, 15606.43]",amount_not_seen_in_6_months
BANK000968,xyz,41753.94,bank,2024-04-09 00:00:00,80,"[839.89, 1462.42, 1922.67, 2469.18, 4078.89, 4195.33, 4652.12, 5185.18, 6575.58, 6733.37]",amount_not_seen_in_6_months
GL000270,tech solutions,4688.48,gl,2024-04-09 00:00:00,55,"[290.4, 2638.88, 2792.87, 3308.71, 3671.57, 4163.17, 5268.97, 6350.22, 6640.68, 7213.3]",amount_not_seen_in_6_months
GL000664,tech solutions,15946.47,gl,2024-04-10 00:00:00,57,"[290.4, 2638.88, 2792.87, 3308.71, 3671.57, 4163.17, 4688.48, 5268.97, 6350.22, 6640.68]",amount_not_seen_in_6_months
GL000982,ts,48211.86,gl,2024-04-10 00:00:00,8,"[2465.51, 4691.18, 8214.48, 15191.41, 33579.47, 34061.72, 40349.69, 42382.49]",amount_not_seen_in_6_months
BANK000177,audit solutions,29530.5,bank,2024-04-11 00:00:00,21,"[508.05, 2506.93, 4114.05, 4193.7, 9179.96, 11452.89, 16621.62, 22120.17, 23865.49, 24918.78]",amount_not_seen_in_6_months
GL000110,a b c,22755.35,gl,2024-04-11 00:00:00,7,"[4041.61, 5583.67, 8274.66, 17880.85, 20888.48, 32991.53, 49337.78]",amount_not_seen_in_6_months
GL000859,x y z,30755.16,gl,2024-04-11 00:00:00,8,"[362.04, 4153.37, 8998.95, 9367.05, 20512.0, 23845.03, 33525.24, 35501.43]",amount_not_seen_in_6_months
GL000912,abc,12191.34,gl,2024-04-11 00:00:00,69,"[1815.94, 1865.79, 2686.89, 2958.7, 4634.23, 4650.84, 5479.93, 6084.32, 6354.58, 6634.81]",amount_not_seen_in_6_months
BANK000772,xyz,30050.75,bank,2024-04-12 00:00:00,81,"[839.89, 1462.42, 1922.67, 2469.18, 4078.89, 4195.33, 4652.12, 5185.18, 6575.58, 6733.37]",amount_not_seen_in_6_months
BANK000914,global services,31665.91,bank,2024-04-12 00:00:00,50,"[2297.49, 4387.09, 7452.96, 8309.37, 9104.39, 9933.66, 12024.83, 12593.36, 14519.63, 15229.08]",amount_not_seen_in_6_months
GL000126,global services,31209.78,gl,2024-04-12 00:00:00,50,"[2297.49, 4387.09, 7452.96, 8309.37, 9104.39, 9933.66, 12024.83, 12593.36, 14519.63, 15229.08]",amount_not_seen_in_6_months
GL001005,tech solutions,3229.76,gl,2024-04-12 00:00:00,58,"[290.4, 2638.88, 2792.87, 3308.71, 3671.57, 4163.17, 4688.48, 5268.97, 6350.22, 6640.68]",amount_not_seen_in_6_months
GL001179,global services,35209.75,gl,2024-04-12 00:00:00,50,"[2297.49, 4387.09, 7452.96, 8309.37, 9104.39, 9933.66, 12024.83, 12593.36, 14519.63, 15229.08]",amount_not_seen_in_6_months
BANK000371,abc,1945.49,bank,2024-04-13 00:00:00,70,"[1815.94, 1865.79, 2686.89, 2958.7, 4634.23, 4650.84, 5479.93, 6084.32, 6354.58, 6634.81]",amount_not_seen_in_6_months
BANK000073,software house,35908.85,bank,2024-04-14 00:00:00,21,"[418.55, 1716.03, 1787.81, 6942.75, 7062.94, 7082.48, 11921.51, 12819.0, 14779.47, 15068.73]",amount_not_seen_in_6_months
BANK000515,finance partners,12218.64,bank,2024-04-14 00:00:00,21,"[2371.29, 3463.28, 5494.42, 11603.85, 11683.99, 13714.57, 15057.64, 15059.55, 15338.46, 18296.11]",amount_not_seen_in_6_months
GL000968,tech solutions,46857.7,gl,2024-04-14 00:00:00,59,"[290.4, 2638.88, 2792.87, 3229.76, 3308.71, 3671.57, 4163.17, 4688.48, 5268.97, 6350.22]",amount_not_seen_in_6_months
GL001131,abc,4849.45,gl,2024-04-14 00:00:00,71,"[1815.94, 1865.79, 1945.49, 2686.89, 2958.7, 4634.23, 4650.84, 5479.93, 6084.32, 6354.58]",amount_not_seen_in_6_months
BANK000629,global services,30845.94,bank,2024-04-15 00:00:00,53,"[2297.49, 4387.09, 7452.96, 8309.37, 9104.39, 9933.66, 12024.83, 12593.36, 14519.63, 15229.08]",amount_not_seen_in_6_months
BANK000663,data systems,43803.78,bank,2024-04-15 00:00:00,24,"[316.45, 1637.88, 3389.0, 3653.67, 5440.12, 10861.17, 11076.1, 14838.02, 15009.68, 15095.0]",amount_not_seen_in_6_months
BANK000991,data systems,2236.14,bank,2024-04-15 00:00:00,24,"[316.45, 1637.88, 3389.0, 3653.67, 5440.12, 10861.17, 11076.1, 14838.02, 15009.68, 15095.0]",amount_not_seen_in_6_months
GL000255,abc,3553.49,gl,2024-04-15 00:00:00,72,"[1815.94, 1865.79, 1945.49, 2686.89, 2958.7, 4634.23, 4650.84, 4849.45, 5479.93, 6084.32]",amount_not_seen_in_6_months
GL000302,ts,36951.0,gl,2024-04-15 00:00:00,9,"[2465.51, 4691.18, 8214.48, 15191.41, 33579.47, 34061.72, 40349.69, 42382.49, 48211.86]",amount_not_seen_in_6_months
GL000668,smith,46313.23,gl,2024-04-15 00:00:00,80,"[503.29, 719.76, 1475.88, 2080.6, 2254.69, 2996.11, 3438.0, 3964.59, 4167.41, 4209.04]",amount_not_seen_in_6_months
GL001073,xyz,16376.45,gl,2024-04-15 00:00:00,82,"[839.89, 1462.42, 1922.67, 2469.18, 4078.89, 4195.33, 4652.12, 5185.18, 6575.58, 6733.37]",amount_not_seen_in_6_months
GL001081,abc,36859.38,gl,2024-04-15 00:00:00,72,"[1815.94, 1865.79, 1945.49, 2686.89, 2958.7, 4634.23, 4650.84, 4849.45, 5479.93, 6084.32]",amount_not_seen_in_6_months
BANK000172,software house,47384.75,bank,2024-04-16 00:00:00,22,"[418.55, 1716.03, 1787.81, 6942.75, 7062.94, 7082.48, 11921.51, 12819.0, 14779.47, 15068.73]",amount_not_seen_in_6_months
BANK000710,consulting group,48235.27,bank,2024-04-16 00:00:00,21,"[429.22, 1393.08, 7703.88, 9138.68, 13866.48, 14207.07, 16666.54, 17017.93, 17313.87, 22909.97]",amount_not_seen_in_6_months
GL000023,global services,49530.24,gl,2024-04-17 00:00:00,54,"[2297.49, 4387.09, 7452.96, 8309.37, 9104.39, 9933.66, 12024.83, 12593.36, 14519.63, 15229.08]",amount_not_seen_in_6_months
GL000773,xyz,28662.29,gl,2024-04-17 00:00:00,83,"[839.89, 1462.42, 1922.67, 2469.18, 4078.89, 4195.33, 4652.12, 5185.18, 6575.58, 6733.37]",amount_not_seen_in_6_months
BANK000128,consulting group,19017.28,bank,2024-04-18 00:00:00,22,"[429.22, 1393.08, 7703.88, 9138.68, 13866.48, 14207.07, 16666.54, 17017.93, 17313.87, 22909.97]",amount_not_seen_in_6_months
BANK000298,business tools,15140.83,bank,2024-04-18 00:00:00,29,"[2725.18, 8216.56, 8757.6, 10437.19, 11288.69, 13399.7, 16186.83, 16495.12, 17103.88, 19253.93]",amount_not_seen_in_6_months
GL001172,abc,42409.44,gl,2024-04-18 00:00:00,74,"[1815.94, 1865.79, 1945.49, 2686.89, 2958.7, 3553.49, 4634.23, 4650.84, 4849.45, 5479.93]",amount_not_seen_in_6_months
BANK000102,data systems,22163.77,bank,2024-04-19 00:00:00,26,"[316.45, 1637.88, 2236.14, 3389.0, 3653.67, 5440.12, 10861.17, 11076.1, 14838.02, 15009.68]",amount_not_seen_in_6_months
BANK000657,software house,22060.96,bank,2024-04-19 00:00:00,23,"[418.55, 1716.03, 1787.81, 6942.75, 7062.94, 7082.48, 11921.51, 12819.0, 14779.47, 15068.73]",amount_not_seen_in_6_months
BANK000940,software house,17535.21,bank,2024-04-19 00:00:00,23,"[418.55, 1716.03, 1787.81, 6942.75, 7062.94, 7082.48, 11921.51, 12819.0, 14779.47, 15068.73]",amount_not_seen_in_6_months
GL000104,smith,6265.4,gl,2024-04-19 00:00:00,81,"[503.29, 719.76, 1475.88, 2080.6, 2254.69, 2996.11, 3438.0, 3964.59, 4167.41, 4209.04]",amount_not_seen_in_6_months
GL000687,xyz,24853.13,gl,2024-04-19 00:00:00,84,"[839.89, 1462.42, 1922.67, 2469.18, 4078.89, 4195.33, 4652.12, 5185.18, 6575.58, 6733.37]",amount_not_seen_in_6_months
GL000817,abc,25977.08,gl,2024-04-20 00:00:00,75,"[1815.94, 1865.79, 1945.49, 2686.89, 2958.7, 3553.49, 4634.23, 4650.84, 4849.45, 5479.93]",amount_not_seen_in_6_months
GL001091,a b c,21619.5,gl,2024-04-20 00:00:00,8,"[4041.61, 5583.67, 8274.66, 17880.85, 20888.48, 22755.35, 32991.53, 49337.78]",amount_not_seen_in_6_months
BANK000057,abc,9575.9,bank,2024-04-21 00:00:00,76,"[1815.94, 1865.79, 1945.49, 2686.89, 2958.7, 3553.49, 4634.23, 4650.84, 4849.45, 5479.93]",amount_not_seen_in_6_months
BANK000482,business tools,40119.55,bank,2024-04-21 00:00:00,30,"[2725.18, 8216.56, 8757.6, 10437.19, 11288.69, 13399.7, 15140.83, 16186.83, 16495.12, 17103.88]",amount_not_seen_in_6_months
BANK000109,smith,38943.18,bank,2024-04-22 00:00:00,82,"[503.29, 719.76, 1475.88, 2080.6, 2254.69, 2996.11, 3438.0, 3964.59, 4167.41, 4209.04]",amount_not_seen_in_6_months
BANK000620,tech solutions,28313.35,bank,2024-04-22 00:00:00,60,"[290.4, 2638.88, 2792.87, 3229.76, 3308.71, 3671.57, 4163.17, 4688.48, 5268.97, 6350.22]",amount_not_seen_in_6_months
GL000153,a b c,28196.76,gl,2024-04-22 00:00:00,9,"[4041.61, 5583.67, 8274.66, 17880.85, 20888.48, 21619.5, 22755.35, 32991.53, 49337.78]",amount_not_seen_in_6_months
GL000296,tech solutions,48141.97,gl,2024-04-22 00:00:00,60,"[290.4, 2638.88, 2792.87, 3229.76, 3308.71, 3671.57, 4163.17, 4688.48, 5268.97, 6350.22]",amount_not_seen_in_6_months
GL000779,smith and,1447.0,gl,2024-04-22 00:00:00,8,"[2023.74, 7452.57, 22677.32, 26795.0, 27541.69, 39397.09, 42156.71, 48119.5]",amount_not_seen_in_6_months
GL001141,global svcs,49625.38,gl,2024-04-22 00:00:00,18,"[3471.66, 4025.65, 5345.39, 10773.69, 11991.22, 14816.48, 15224.8, 19792.85, 21038.0, 21200.94]",amount_not_seen_in_6_months
BANK000086,global services,42943.8,bank,2024-04-23 00:00:00,55,"[2297.49, 4387.09, 7452.96, 8309.37, 9104.39, 9933.66, 12024.83, 12593.36, 14519.63, 15229.08]",amount_not_seen_in_6_months
BANK000592,data systems,5020.47,bank,2024-04-23 00:00:00,27,"[316.45, 1637.88, 2236.14, 3389.0, 3653.67, 5440.12, 10861.17, 11076.1, 14838.02, 15009.68]",amount_not_seen_in_6_months
BANK000718,smith,41535.58,bank,2024-04-23 00:00:00,83,"[503.29, 719.76, 1475.88, 2080.6, 2254.69, 2996.11, 3438.0, 3964.59, 4167.41, 4209.04]",amount_not_seen_in_6_months
GL000938,global svcs,40316.72,gl,2024-04-23 00:00:00,19,"[3471.66, 4025.65, 5345.39, 10773.69, 11991.22, 14816.48, 15224.8, 19792.85, 21038.0, 21200.94]",amount_not_seen_in_6_months
GL001029,tech sol,19058.62,gl,2024-04-23 00:00:00,12,"[1052.93, 18364.05, 20990.16, 22240.1, 26583.88, 27055.7, 28538.84, 36011.12, 43071.86, 44985.32]",amount_not_seen_in_6_months
BANK000889,data systems,2612.5,bank,2024-04-24 00:00:00,28,"[316.45, 1637.88, 2236.14, 3389.0, 3653.67, 5020.47, 5440.12, 10861.17, 11076.1, 14838.02]",amount_not_seen_in_6_months
BANK000984,business tools,18354.35,bank,2024-04-24 00:00:00,31,"[2725.18, 8216.56, 8757.6, 10437.19, 11288.69, 13399.7, 15140.83, 16186.83, 16495.12, 17103.88]",amount_not_seen_in_6_months
GL000571,abc,30980.75,gl,2024-04-24 00:00:00,77,"[1815.94, 1865.79, 1945.49, 2686.89, 2958.7, 3553.49, 4634.23, 4650.84, 4849.45, 5479.93]",amount_not_seen_in_6_months
GL000607,abc,48068.24,gl,2024-04-24 00:00:00,77,"[1815.94, 1865.79, 1945.49, 2686.89, 2958.7, 3553.49, 4634.23, 4650.84, 4849.45, 5479.93]",amount_not_seen_in_6_months
GL000667,abc,34409.57,gl,2024-04-24 00:00:00,77,"[1815.94, 1865.79, 1945.49, 2686.89, 2958.7, 3553.49, 4634.23, 4650.84, 4849.45, 5479.93]",amount_not_seen_in_6_months
BANK000169,business tools,39557.97,bank,2024-04-25 00:00:00,32,"[2725.18, 8216.56, 8757.6, 10437.19, 11288.69, 13399.7, 15140.83, 16186.83, 16495.12, 17103.88]",amount_not_seen_in_6_months
BANK000240,software house,7123.78,bank,2024-04-25 00:00:00,25,"[418.55, 1716.03, 1787.81, 6942.75, 7062.94, 7082.48, 11921.51, 12819.0, 14779.47, 15068.73]",amount_not_seen_in_6_months
BANK000651,data systems,6721.72,bank,2024-04-25 00:00:00,29,"[316.45, 1637.88, 2236.14, 2612.5, 3389.0, 3653.67, 5020.47, 5440.12, 10861.17, 11076.1]",amount_not_seen_in_6_months
GL000132,global svcs,20802.17,gl,2024-04-25 00:00:00,20,"[3471.66, 4025.65, 5345.39, 10773.69, 11991.22, 14816.48, 15224.8, 19792.85, 21038.0, 21200.94]",amount_not_seen_in_6_months
GL000545,global svcs,31852.82,gl,2024-04-25 00:00:00,20,"[3471.66, 4025.65, 5345.39, 10773.69, 11991.22, 14816.48, 15224.8, 19792.85, 21038.0, 21200.94]",amount_not_seen_in_6_months
GL001158,a b c,30947.33,gl,2024-04-25 00:00:00,10,"[4041.61, 5583.67, 8274.66, 17880.85, 20888.48, 21619.5, 22755.35, 28196.76, 32991.53, 49337.78]",amount_not_seen_in_6_months
BANK000012,business tools,2386.64,bank,2024-04-26 00:00:00,33,"[2725.18, 8216.56, 8757.6, 10437.19, 11288.69, 13399.7, 15140.83, 16186.83, 16495.12, 17103.88]",amount_not_seen_in_6_months
BANK000087,global services,17547.96,bank,2024-04-26 00:00:00,56,"[2297.49, 4387.09, 7452.96, 8309.37, 9104.39, 9933.66, 12024.83, 12593.36, 14519.63, 15229.08]",amount_not_seen_in_6_months
BANK000274,audit solutions,22632.59,bank,2024-04-26 00:00:00,22,"[508.05, 2506.93, 4114.05, 4193.7, 9179.96, 11452.89, 16621.62, 22120.17, 23865.49, 24918.78]",amount_not_seen_in_6_months
GL000057,global services,1496.57,gl,2024-04-26 00:00:00,56,"[2297.49, 4387.09, 7452.96, 8309.37, 9104.39, 9933.66, 12024.83, 12593.36, 14519.63, 15229.08]",amount_not_seen_in_6_months
GL000330,x y z,25766.98,gl,2024-04-26 00:00:00,9,"[362.04, 4153.37, 8998.95, 9367.05, 20512.0, 23845.03, 30755.16, 33525.24, 35501.43]",amount_not_seen_in_6_months
GL000466,tech solutions,20192.0,gl,2024-04-26 00:00:00,62,"[290.4, 2638.88, 2792.87, 3229.76, 3308.71, 3671.57, 4163.17, 4688.48, 5268.97, 6350.22]",amount_not_seen_in_6_months
GL000549,smith,29398.33,gl,2024-04-26 00:00:00,84,"[503.29, 719.76, 1475.88, 2080.6, 2254.69, 2996.11, 3438.0, 3964.59, 4167.41, 4209.04]",amount_not_seen_in_6_months
GL000550,xyz,14368.52,gl,2024-04-26 00:00:00,85,"[839.89, 1462.42, 1922.67, 2469.18, 4078.89, 4195.33, 4652.12, 5185.18, 6575.58, 6733.37]",amount_not_seen_in_6_months
GL000871,x y z,10738.87,gl,2024-04-26 00:00:00,9,"[362.04, 4153.37, 8998.95, 9367.05, 20512.0, 23845.03, 30755.16, 33525.24, 35501.43]",amount_not_seen_in_6_months
GL000934,a b c,30533.22,gl,2024-04-26 00:00:00,11,"[4041.61, 5583.67, 8274.66, 17880.85, 20888.48, 21619.5, 22755.35, 28196.76, 30947.33, 32991.53]",amount_not_seen_in_6_months
BANK000231,cloud services,38809.47,bank,2024-04-27 00:00:00,22,"[3071.84, 5113.21, 7317.63, 8582.18, 10638.39, 13843.17, 17760.32, 18663.47, 19695.77, 22977.06]",amount_not_seen_in_6_months
GL000595,smith,42135.99,gl,2024-04-27 00:00:00,85,"[503.29, 719.76, 1475.88, 2080.6, 2254.69, 2996.11, 3438.0, 3964.59, 4167.41, 4209.04]",amount_not_seen_in_6_months
GL000795,global services,17891.3,gl,2024-04-27 00:00:00,58,"[1496.57, 2297.49, 4387.09, 7452.96, 8309.37, 9104.39, 9933.66, 12024.83, 12593.36, 14519.63]",amount_not_seen_in_6_months
GL000993,smith,7438.46,gl,2024-04-27 00:00:00,85,"[503.29, 719.76, 1475.88, 2080.6, 2254.69, 2996.11, 3438.0, 3964.59, 4167.41, 4209.04]",amount_not_seen_in_6_months
BANK000117,audit solutions,7004.87,bank,2024-04-28 00:00:00,23,"[508.05, 2506.93, 4114.05, 4193.7, 9179.96, 11452.89, 16621.62, 22120.17, 22632.59, 23865.49]",amount_not_seen_in_6_months
BANK000463,data systems,32649.71,bank,2024-04-28 00:00:00,30,"[316.45, 1637.88, 2236.14, 2612.5, 3389.0, 3653.67, 5020.47, 5440.12, 6721.72, 10861.17]",amount_not_seen_in_6_months
BANK000990,xyz,38097.47,bank,2024-04-28 00:00:00,86,"[839.89, 1462.42, 1922.67, 2469.18, 4078.89, 4195.33, 4652.12, 5185.18, 6575.58, 6733.37]",amount_not_seen_in_6_months
GL000158,abc,25151.23,gl,2024-04-28 00:00:00,80,"[1815.94, 1865.79, 1945.49, 2686.89, 2958.7, 3553.49, 4634.23, 4650.84, 4849.45, 5479.93]",amount_not_seen_in_6_months
GL000529,xyz,20503.3,gl,2024-04-28 00:00:00,86,"[839.89, 1462.42, 1922.67, 2469.18, 4078.89, 4195.33, 4652.12, 5185.18, 6575.58, 6733.37]",amount_not_seen_in_6_months
BANK000176,tech solutions,3651.87,bank,2024-04-29 00:00:00,63,"[290.4, 2638.88, 2792.87, 3229.76, 3308.71, 3671.57, 4163.17, 4688.48, 5268.97, 6350.22]",amount_not_seen_in_6_months
BANK000504,data systems,20173.04,bank,2024-04-29 00:00:00,31,"[316.45, 1637.88, 2236.14, 2612.5, 3389.0, 3653.67, 5020.47, 5440.12, 6721.72, 10861.17]",amount_not_seen_in_6_months
BANK000698,data systems,20560.8,bank,2024-04-29 00:00:00,31,"[316.45, 1637.88, 2236.14, 2612.5, 3389.0, 3653.67, 5020.47, 5440.12, 6721.72, 10861.17]",amount_not_seen_in_6_months
GL000128,xyz,8374.61,gl,2024-04-29 00:00:00,88,"[839.89, 1462.42, 1922.67, 2469.18, 4078.89, 4195.33, 4652.12, 5185.18, 6575.58, 6733.37]",amount_not_seen_in_6_months
GL000156,abc,39802.3,gl,2024-04-29 00:00:00,81,"[1815.94, 1865.79, 1945.49, 2686.89, 2958.7, 3553.49, 4634.23, 4650.84, 4849.45, 5479.93]",amount_not_seen_in_6_months
GL000447,global services,20608.37,gl,2024-04-29 00:00:00,59,"[1496.57, 2297.49, 4387.09, 7452.96, 8309.37, 9104.39, 9933.66, 12024.83, 12593.36, 14519.63]",amount_not_seen_in_6_months
GL000459,global serv,2823.72,gl,2024-04-29 00:00:00,11,"[1569.37, 8584.32, 10297.71, 11261.41, 21802.1, 25561.08, 30092.29, 32112.05, 43951.0, 45706.43]",amount_not_seen_in_6_months
BANK000104,software house,16825.89,bank,2024-04-30 00:00:00,26,"[418.55, 1716.03, 1787.81, 6942.75, 7062.94, 7082.48, 7123.78, 11921.51, 12819.0, 14779.47]",amount_not_seen_in_6_months
BANK000253,finance partners,22224.82,bank,2024-04-30 00:00:00,22,"[2371.29, 3463.28, 5494.42, 11603.85, 11683.99, 12218.64, 13714.57, 15057.64, 15059.55, 15338.46]",amount_not_seen_in_6_months
BANK000311,xyz,40770.35,bank,2024-04-30 00:00:00,89,"[839.89, 1462.42, 1922.67, 2469.18, 4078.89, 4195.33, 4652.12, 5185.18, 6575.58, 6733.37]",amount_not_seen_in_6_months
BANK000351,audit solutions,25150.16,bank,2024-04-30 00:00:00,24,"[508.05, 2506.93, 4114.05, 4193.7, 7004.87, 9179.96, 11452.89, 16621.62, 22120.17, 22632.59]",amount_not_seen_in_6_months
GL000098,tech solutions,15565.67,gl,2024-04-30 00:00:00,64,"[290.4, 2638.88, 2792.87, 3229.76, 3308.71, 3651.87, 3671.57, 4163.17, 4688.48, 5268.97]",amount_not_seen_in_6_months
BANK000053,smith,46325.71,bank,2024-05-01 00:00:00,87,"[503.29, 719.76, 1475.88, 2080.6, 2254.69, 2996.11, 3438.0, 3964.59, 4167.41, 4209.04]",amount_not_seen_in_6_months
BANK000262,cloud services,39520.23,bank,2024-05-01 00:00:00,23,"[3071.84, 5113.21, 7317.63, 8582.18, 10638.39, 13843.17, 17760.32, 18663.47, 19695.77, 22977.06]",amount_not_seen_in_6_months
BANK000341,consulting group,18278.54,bank,2024-05-01 00:00:00,23,"[429.22, 1393.08, 7703.88, 9138.68, 13866.48, 14207.07, 16666.54, 17017.93, 17313.87, 19017.28]",amount_not_seen_in_6_months
BANK000396,business tools,39624.08,bank,2024-05-01 00:00:00,34,"[2386.64, 2725.18, 8216.56, 8757.6, 10437.19, 11288.69, 13399.7, 15140.83, 16186.83, 16495.12]",amount_not_seen_in_6_months
BANK000627,global services,38804.02,bank,2024-05-01 00:00:00,60,"[1496.57, 2297.49, 4387.09, 7452.96, 8309.37, 9104.39, 9933.66, 12024.83, 12593.36, 14519.63]",amount_not_seen_in_6_months
GL000697,a b c,36375.58,gl,2024-05-01 00:00:00,12,"[4041.61, 5583.67, 8274.66, 17880.85, 20888.48, 21619.5, 22755.35, 28196.76, 30533.22, 30947.33]",amount_not_seen_in_6_months
GL000948,xyz,41983.24,gl,2024-05-01 00:00:00,90,"[839.89, 1462.42, 1922.67, 2469.18, 4078.89, 4195.33, 4652.12, 5185.18, 6575.58, 6733.37]",amount_not_seen_in_6_months
BANK000115,tech solutions,24281.39,bank,2024-05-02 00:00:00,65,"[290.4, 2638.88, 2792.87, 3229.76, 3308.71, 3651.87, 3671.57, 4163.17, 4688.48, 5268.97]",amount_not_seen_in_6_months
BANK000173,smith,4151.25,bank,2024-05-02 00:00:00,88,"[503.29, 719.76, 1475.88, 2080.6, 2254.69, 2996.11, 3438.0, 3964.59, 4167.41, 4209.04]",amount_not_seen_in_6_months
BANK000342,tech solutions,11776.75,bank,2024-05-02 00:00:00,65,"[290.4, 2638.88, 2792.87, 3229.76, 3308.71, 3651.87, 3671.57, 4163.17, 4688.48, 5268.97]",amount_not_seen_in_6_months
BANK000358,audit solutions,6180.23,bank,2024-05-02 00:00:00,25,"[508.05, 2506.93, 4114.05, 4193.7, 7004.87, 9179.96, 11452.89, 16621.62, 22120.17, 22632.59]",amount_not_seen_in_6_months
BANK000522,data systems,19891.94,bank,2024-05-02 00:00:00,33,"[316.45, 1637.88, 2236.14, 2612.5, 3389.0, 3653.67, 5020.47, 5440.12, 6721.72, 10861.17]",amount_not_seen_in_6_months
BANK000665,consulting group,44905.84,bank,2024-05-02 00:00:00,24,"[429.22, 1393.08, 7703.88, 9138.68, 13866.48, 14207.07, 16666.54, 17017.93, 17313.87, 18278.54]",amount_not_seen_in_6_months
BANK000676,abc,34963.93,bank,2024-05-02 00:00:00,82,"[1815.94, 1865.79, 1945.49, 2686.89, 2958.7, 3553.49, 4634.23, 4650.84, 4849.45, 5479.93]",amount_not_seen_in_6_months
GL000551,global serv,24895.0,gl,2024-05-02 00:00:00,12,"[1569.37, 2823.72, 8584.32, 10297.71, 11261.41, 21802.1, 25561.08, 30092.29, 32112.05, 43951.0]",amount_not_seen_in_6_months
GL000582,a b c,39125.04,gl,2024-05-02 00:00:00,13,"[4041.61, 5583.67, 8274.66, 17880.85, 20888.48, 21619.5, 22755.35, 28196.76, 30533.22, 30947.33]",amount_not_seen_in_6_months
BANK000152,digital agency,27803.29,bank,2024-05-03 00:00:00,16,"[6454.68, 7840.56, 13341.84, 17589.01, 27771.58, 30225.93, 32007.4, 32461.38, 32783.18, 34621.7]",amount_not_seen_in_6_months
BANK000257,smith,39361.05,bank,2024-05-04 00:00:00,89,"[503.29, 719.76, 1475.88, 2080.6, 2254.69, 2996.11, 3438.0, 3964.59, 4151.25, 4167.41]",amount_not_seen_in_6_months
BANK000442,abc,41100.9,bank,2024-05-04 00:00:00,83,"[1815.94, 1865.79, 1945.49, 2686.89, 2958.7, 3553.49, 4634.23, 4650.84, 4849.45, 5479.93]",amount_not_seen_in_6_months
BANK000601,data systems,46503.13,bank,2024-05-04 00:00:00,34,"[316.45, 1637.88, 2236.14, 2612.5, 3389.0, 3653.67, 5020.47, 5440.12, 6721.72, 10861.17]",amount_not_seen_in_6_months
GL000541,global svcs,45634.04,gl,2024-05-04 00:00:00,22,"[3471.66, 4025.65, 5345.39, 10773.69, 11991.22, 14816.48, 15224.8, 19792.85, 20802.17, 21038.0]",amount_not_seen_in_6_months
GL000646,global services,13678.92,gl,2024-05-04 00:00:00,61,"[1496.57, 2297.49, 4387.09, 7452.96, 8309.37, 9104.39, 9933.66, 12024.83, 12593.36, 14519.63]",amount_not_seen_in_6_months
GL001199,smith,25338.88,gl,2024-05-04 00:00:00,89,"[503.29, 719.76, 1475.88, 2080.6, 2254.69, 2996.11, 3438.0, 3964.59, 4151.25, 4167.41]",amount_not_seen_in_6_months
BANK000068,finance partners,44055.12,bank,2024-05-05 00:00:00,23,"[2371.29, 3463.28, 5494.42, 11603.85, 11683.99, 12218.64, 13714.57, 15057.64, 15059.55, 15338.46]",amount_not_seen_in_6_months
BANK000146,xyz,13492.94,bank,2024-05-05 00:00:00,91,"[839.89, 1462.42, 1922.67, 2469.18, 4078.89, 4195.33, 4652.12, 5185.18, 6575.58, 6733.37]",amount_not_seen_in_6_months
BANK000697,smith,38048.06,bank,2024-05-05 00:00:00,91,"[503.29, 719.76, 1475.88, 2080.6, 2254.69, 2996.11, 3438.0, 3964.59, 4151.25, 4167.41]",amount_not_seen_in_6_months
BANK000726,software house,30996.91,bank,2024-05-05 00:00:00,27,"[418.55, 1716.03, 1787.81, 6942.75, 7062.94, 7082.48, 7123.78, 11921.51, 12819.0, 14779.47]",amount_not_seen_in_6_months
GL000031,global services,46424.28,gl,2024-05-05 00:00:00,62,"[1496.57, 2297.49, 4387.09, 7452.96, 8309.37, 9104.39, 9933.66, 12024.83, 12593.36, 13678.92]",amount_not_seen_in_6_months
GL000101,global svcs,20953.11,gl,2024-05-05 00:00:00,23,"[3471.66, 4025.65, 5345.39, 10773.69, 11991.22, 14816.48, 15224.8, 19792.85, 20802.17, 21038.0]",amount_not_seen_in_6_months
GL000416,global services,18381.64,gl,2024-05-05 00:00:00,62,"[1496.57, 2297.49, 4387.09, 7452.96, 8309.37, 9104.39, 9933.66, 12024.83, 12593.36, 13678.92]",amount_not_seen_in_6_months
GL000558,global svcs,26753.3,gl,2024-05-05 00:00:00,23,"[3471.66, 4025.65, 5345.39, 10773.69, 11991.22, 14816.48, 15224.8, 19792.85, 20802.17, 21038.0]",amount_not_seen_in_6_months
GL000722,xyz,17495.17,gl,2024-05-05 00:00:00,91,"[839.89, 1462.42, 1922.67, 2469.18, 4078.89, 4195.33, 4652.12, 5185.18, 6575.58, 6733.37]",amount_not_seen_in_6_months
GL001028,smith,4421.05,gl,2024-05-05 00:00:00,91,"[503.29, 719.76, 1475.88, 2080.6, 2254.69, 2996.11, 3438.0, 3964.59, 4151.25, 4167.41]",amount_not_seen_in_6_months
GL001078,tech solutions,14900.24,gl,2024-05-05 00:00:00,67,"[290.4, 2638.88, 2792.87, 3229.76, 3308.71, 3651.87, 3671.57, 4163.17, 4688.48, 5268.97]",amount_not_seen_in_6_months
BANK000114,software house,22558.48,bank,2024-05-06 00:00:00,28,"[418.55, 1716.03, 1787.81, 6942.75, 7062.94, 7082.48, 7123.78, 11921.51, 12819.0, 14779.47]",amount_not_seen_in_6_months
BANK000132,global services,37736.24,bank,2024-05-06 00:00:00,64,"[1496.57, 2297.49, 4387.09, 7452.96, 8309.37, 9104.39, 9933.66, 12024.83, 12593.36, 13678.92]",amount_not_seen_in_6_months
BANK000418,smith,13446.84,bank,2024-05-06 00:00:00,93,"[503.29, 719.76, 1475.88, 2080.6, 2254.69, 2996.11, 3438.0, 3964.59, 4151.25, 4167.41]",amount_not_seen_in_6_months
GL000192,global services,34298.98,gl,2024-05-06 00:00:00,64,"[1496.57, 2297.49, 4387.09, 7452.96, 8309.37, 9104.39, 9933.66, 12024.83, 12593.36, 13678.92]",amount_not_seen_in_6_months
GL000226,smith,2182.3,gl,2024-05-06 00:00:00,93,"[503.29, 719.76, 1475.88, 2080.6, 2254.69, 2996.11, 3438.0, 3964.59, 4151.25, 4167.41]",amount_not_seen_in_6_months
GL000295,abc,45436.11,gl,2024-05-06 00:00:00,84,"[1815.94, 1865.79, 1945.49, 2686.89, 2958.7, 3553.49, 4634.23, 4650.84, 4849.45, 5479.93]",amount_not_seen_in_6_months
GL000876,xyz,10996.49,gl,2024-05-06 00:00:00,93,"[839.89, 1462.42, 1922.67, 2469.18, 4078.89, 4195.33, 4652.12, 5185.18, 6575.58, 6733.37]",amount_not_seen_in_6_months
GL001154,tech sol,231.07,gl,2024-05-06 00:00:00,13,"[1052.93, 18364.05, 19058.62, 20990.16, 22240.1, 26583.88, 27055.7, 28538.84, 36011.12, 43071.86]",amount_not_seen_in_6_months
BANK000589,software house,5557.53,bank,2024-05-07 00:00:00,29,"[418.55, 1716.03, 1787.81, 6942.75, 7062.94, 7082.48, 7123.78, 11921.51, 12819.0, 14779.47]",amount_not_seen_in_6_months
BANK000661,data systems,32266.57,bank,2024-05-07 00:00:00,35,"[316.45, 1637.88, 2236.14, 2612.5, 3389.0, 3653.67, 5020.47, 5440.12, 6721.72, 10861.17]",amount_not_seen_in_6_months
BANK000805,abc,41865.14,bank,2024-05-07 00:00:00,85,"[1815.94, 1865.79, 1945.49, 2686.89, 2958.7, 3553.49, 4634.23, 4650.84, 4849.45, 5479.93]",amount_not_seen_in_6_months
GL000486,xyz,46984.95,gl,2024-05-07 00:00:00,94,"[839.89, 1462.42, 1922.67, 2469.18, 4078.89, 4195.33, 4652.12, 5185.18, 6575.58, 6733.37]",amount_not_seen_in_6_months
GL000796,global services,5099.86,gl,2024-05-07 00:00:00,66,"[1496.57, 2297.49, 4387.09, 7452.96, 8309.37, 9104.39, 9933.66, 12024.83, 12593.36, 13678.92]",amount_not_seen_in_6_months
GL000906,xyz,30915.35,gl,2024-05-07 00:00:00,94,"[839.89, 1462.42, 1922.67, 2469.18, 4078.89, 4195.33, 4652.12, 5185.18, 6575.58, 6733.37]",amount_not_seen_in_6_months
BANK000074,abc,25319.91,bank,2024-05-08 00:00:00,86,"[1815.94, 1865.79, 1945.49, 2686.89, 2958.7, 3553.49, 4634.23, 4650.84, 4849.45, 5479.93]",amount_not_seen_in_6_months
BANK000346,abc,7006.09,bank,2024-05-08 00:00:00,86,"[1815.94, 1865.79, 1945.49, 2686.89, 2958.7, 3553.49, 4634.23, 4650.84, 4849.45, 5479.93]",amount_not_seen_in_6_months
BANK000954,data systems,2807.98,bank,2024-05-08 00:00:00,36,"[316.45, 1637.88, 2236.14, 2612.5, 3389.0, 3653.67, 5020.47, 5440.12, 6721.72, 10861.17]",amount_not_seen_in_6_months
GL000370,x y z,27707.05,gl,2024-05-08 00:00:00,11,"[362.04, 4153.37, 8998.95, 9367.05, 10738.87, 20512.0, 23845.03, 25766.98, 30755.16, 33525.24]",amount_not_seen_in_6_months
GL000606,abc,20721.15,gl,2024-05-08 00:00:00,86,"[1815.94, 1865.79, 1945.49, 2686.89, 2958.7, 3553.49, 4634.23, 4650.84, 4849.45, 5479.93]",amount_not_seen_in_6_months
GL000641,tech solutions,20537.22,gl,2024-05-08 00:00:00,68,"[290.4, 2638.88, 2792.87, 3229.76, 3308.71, 3651.87, 3671.57, 4163.17, 4688.48, 5268.97]",amount_not_seen_in_6_months
BANK000190,finance partners,4494.18,bank,2024-05-09 00:00:00,24,"[2371.29, 3463.28, 5494.42, 11603.85, 11683.99, 12218.64, 13714.57, 15057.64, 15059.55, 15338.46]",amount_not_seen_in_6_months
BANK000542,finance partners,31027.06,bank,2024-05-09 00:00:00,24,"[2371.29, 3463.28, 5494.42, 11603.85, 11683.99, 12218.64, 13714.57, 15057.64, 15059.55, 15338.46]",amount_not_seen_in_6_months
GL001160,tech solutions,17435.22,gl,2024-05-09 00:00:00,69,"[290.4, 2638.88, 2792.87, 3229.76, 3308.71, 3651.87, 3671.57, 4163.17, 4688.48, 5268.97]",amount_not_seen_in_6_months
BANK000854,business tools,43839.55,bank,2024-05-10 00:00:00,35,"[2386.64, 2725.18, 8216.56, 8757.6, 10437.19, 11288.69, 13399.7, 15140.83, 16186.83, 16495.12]",amount_not_seen_in_6_months
GL000115,x y z,12342.19,gl,2024-05-10 00:00:00,12,"[362.04, 4153.37, 8998.95, 9367.05, 10738.87, 20512.0, 23845.03, 25766.98, 27707.05, 30755.16]",amount_not_seen_in_6_months
GL000185,tech solutions,2758.2,gl,2024-05-10 00:00:00,70,"[290.4, 2638.88, 2792.87, 3229.76, 3308.71, 3651.87, 3671.57, 4163.17, 4688.48, 5268.97]",amount_not_seen_in_6_months
GL000339,xyz,12962.0,gl,2024-05-10 00:00:00,96,"[839.89, 1462.42, 1922.67, 2469.18, 4078.89, 4195.33, 4652.12, 5185.18, 6575.58, 6733.37]",amount_not_seen_in_6_months
GL000353,smith,35762.87,gl,2024-05-10 00:00:00,95,"[503.29, 719.76, 1475.88, 2080.6, 2182.3, 2254.69, 2996.11, 3438.0, 3964.59, 4151.25]",amount_not_seen_in_6_months
GL000632,tech solutions,49387.42,gl,2024-05-10 00:00:00,70,"[290.4, 2638.88, 2792.87, 3229.76, 3308.71, 3651.87, 3671.57, 4163.17, 4688.48, 5268.97]",amount_not_seen_in_6_months
GL000638,global services,7571.59,gl,2024-05-10 00:00:00,67,"[1496.57, 2297.49, 4387.09, 5099.86, 7452.96, 8309.37, 9104.39, 9933.66, 12024.83, 12593.36]",amount_not_seen_in_6_months
GL000940,global services,6424.67,gl,2024-05-10 00:00:00,67,"[1496.57, 2297.49, 4387.09, 5099.86, 7452.96, 8309.37, 9104.39, 9933.66, 12024.83, 12593.36]",amount_not_seen_in_6_months
GL001074,abc,1692.86,gl,2024-05-10 00:00:00,89,"[1815.94, 1865.79, 1945.49, 2686.89, 2958.7, 3553.49, 4634.23, 4650.84, 4849.45, 5479.93]",amount_not_seen_in_6_months
BANK000238,consulting group,41540.58,bank,2024-05-11 00:00:00,25,"[429.22, 1393.08, 7703.88, 9138.68, 13866.48, 14207.07, 16666.54, 17017.93, 17313.87, 18278.54]",amount_not_seen_in_6_months
GL000306,xyz,46884.53,gl,2024-05-11 00:00:00,97,"[839.89, 1462.42, 1922.67, 2469.18, 4078.89, 4195.33, 4652.12, 5185.18, 6575.58, 6733.37]",amount_not_seen_in_6_months
GL000313,abc,11623.48,gl,2024-05-11 00:00:00,90,"[1692.86, 1815.94, 1865.79, 1945.49, 2686.89, 2958.7, 3553.49, 4634.23, 4650.84, 4849.45]",amount_not_seen_in_6_months
GL000452,abc,9746.67,gl,2024-05-11 00:00:00,90,"[1692.86, 1815.94, 1865.79, 1945.49, 2686.89, 2958.7, 3553.49, 4634.23, 4650.84, 4849.45]",amount_not_seen_in_6_months
GL000895,x y z,6864.57,gl,2024-05-11 00:00:00,13,"[362.04, 4153.37, 8998.95, 9367.05, 10738.87, 12342.19, 20512.0, 23845.03, 25766.98, 27707.05]",amount_not_seen_in_6_months
BANK000149,finance partners,17805.77,bank,2024-05-12 00:00:00,26,"[2371.29, 3463.28, 4494.18, 5494.42, 11603.85, 11683.99, 12218.64, 13714.57, 15057.64, 15059.55]",amount_not_seen_in_6_months
BANK000680,smith,26197.97,bank,2024-05-12 00:00:00,96,"[503.29, 719.76, 1475.88, 2080.6, 2182.3, 2254.69, 2996.11, 3438.0, 3964.59, 4151.25]",amount_not_seen_in_6_months
BANK000955,audit solutions,41098.8,bank,2024-05-12 00:00:00,26,"[508.05, 2506.93, 4114.05, 4193.7, 6180.23, 7004.87, 9179.96, 11452.89, 16621.62, 22120.17]",amount_not_seen_in_6_months
GL000079,smith,33989.94,gl,2024-05-12 00:00:00,96,"[503.29, 719.76, 1475.88, 2080.6, 2182.3, 2254.69, 2996.11, 3438.0, 3964.59, 4151.25]",amount_not_seen_in_6_months
GL000251,tech solutions,22844.22,gl,2024-05-12 00:00:00,72,"[290.4, 2638.88, 2758.2, 2792.87, 3229.76, 3308.71, 3651.87, 3671.57, 4163.17, 4688.48]",amount_not_seen_in_6_months
GL000441,tech solutions,31233.26,gl,2024-05-12 00:00:00,72,"[290.4, 2638.88, 2758.2, 2792.87, 3229.76, 3308.71, 3651.87, 3671.57, 4163.17, 4688.48]",amount_not_seen_in_6_months
GL000889,abc,8892.81,gl,2024-05-12 00:00:00,92,"[1692.86, 1815.94, 1865.79, 1945.49, 2686.89, 2958.7, 3553.49, 4634.23, 4650.84, 4849.45]",amount_not_seen_in_6_months
GL001080,tech solutions,12425.38,gl,2024-05-12 00:00:00,72,"[290.4, 2638.88, 2758.2, 2792.87, 3229.76, 3308.71, 3651.87, 3671.57, 4163.17, 4688.48]",amount_not_seen_in_6_months
BANK000390,digital agency,5976.27,bank,2024-05-13 00:00:00,17,"[6454.68, 7840.56, 13341.84, 17589.01, 27771.58, 27803.29, 30225.93, 32007.4, 32461.38, 32783.18]",amount_not_seen_in_6_months
BANK000763,xyz,1101.89,bank,2024-05-13 00:00:00,98,"[839.89, 1462.42, 1922.67, 2469.18, 4078.89, 4195.33, 4652.12, 5185.18, 6575.58, 6733.37]",amount_not_seen_in_6_months
GL000016,tech solutions,18869.18,gl,2024-05-13 00:00:00,75,"[290.4, 2638.88, 2758.2, 2792.87, 3229.76, 3308.71, 3651.87, 3671.57, 4163.17, 4688.48]",amount_not_seen_in_6_months
GL000159,tech solutions,11384.74,gl,2024-05-13 00:00:00,75,"[290.4, 2638.88, 2758.2, 2792.87, 3229.76, 3308.71, 3651.87, 3671.57, 4163.17, 4688.48]",amount_not_seen_in_6_months
GL000404,global serv,10669.81,gl,2024-05-13 00:00:00,13,"[1569.37, 2823.72, 8584.32, 10297.71, 11261.41, 21802.1, 24895.0, 25561.08, 30092.29, 32112.05]",amount_not_seen_in_6_months
BANK000030,data systems,47695.41,bank,2024-05-14 00:00:00,37,"[316.45, 1637.88, 2236.14, 2612.5, 2807.98, 3389.0, 3653.67, 5020.47, 5440.12, 6721.72]",amount_not_seen_in_6_months
BANK000607,software house,22931.77,bank,2024-05-14 00:00:00,30,"[418.55, 1716.03, 1787.81, 5557.53, 6942.75, 7062.94, 7082.48, 7123.78, 11921.51, 12819.0]",amount_not_seen_in_6_months
BANK000777,global services,22043.05,bank,2024-05-14 00:00:00,69,"[1496.57, 2297.49, 4387.09, 5099.86, 6424.67, 7452.96, 7571.59, 8309.37, 9104.39, 9933.66]",amount_not_seen_in_6_months
BANK000994,cloud services,41499.39,bank,2024-05-14 00:00:00,24,"[3071.84, 5113.21, 7317.63, 8582.18, 10638.39, 13843.17, 17760.32, 18663.47, 19695.77, 22977.06]",amount_not_seen_in_6_months
GL000100,global services,34917.17,gl,2024-05-14 00:00:00,69,"[1496.57, 2297.49, 4387.09, 5099.86, 6424.67, 7452.96, 7571.59, 8309.37, 9104.39, 9933.66]",amount_not_seen_in_6_months
GL000424,global services,12555.75,gl,2024-05-14 00:00:00,69,"[1496.57, 2297.49, 4387.09, 5099.86, 6424.67, 7452.96, 7571.59, 8309.37, 9104.39, 9933.66]",amount_not_seen_in_6_months
GL000429,tech sol,11106.0,gl,2024-05-14 00:00:00,14,"[231.07, 1052.93, 18364.05, 19058.62, 20990.16, 22240.1, 26583.88, 27055.7, 28538.84, 36011.12]",amount_not_seen_in_6_months
GL000924,xyz,1700.92,gl,2024-05-14 00:00:00,99,"[839.89, 1101.89, 1462.42, 1922.67, 2469.18, 4078.89, 4195.33, 4652.12, 5185.18, 6575.58]",amount_not_seen_in_6_months
GL001102,abc,3890.58,gl,2024-05-14 00:00:00,93,"[1692.86, 1815.94, 1865.79, 1945.49, 2686.89, 2958.7, 3553.49, 4634.23, 4650.84, 4849.45]",amount_not_seen_in_6_months
BANK000055,business tools,49266.91,bank,2024-05-15 00:00:00,36,"[2386.64, 2725.18, 8216.56, 8757.6, 10437.19, 11288.69, 13399.7, 15140.83, 16186.83, 16495.12]",amount_not_seen_in_6_months
BANK000091,abc,9010.53,bank,2024-05-15 00:00:00,94,"[1692.86, 1815.94, 1865.79, 1945.49, 2686.89, 2958.7, 3553.49, 3890.58, 4634.23, 4650.84]",amount_not_seen_in_6_months
BANK000242,data systems,19789.27,bank,2024-05-15 00:00:00,38,"[316.45, 1637.88, 2236.14, 2612.5, 2807.98, 3389.0, 3653.67, 5020.47, 5440.12, 6721.72]",amount_not_seen_in_6_months
BANK000757,global services,22386.83,bank,2024-05-15 00:00:00,72,"[1496.57, 2297.49, 4387.09, 5099.86, 6424.67, 7452.96, 7571.59, 8309.37, 9104.39, 9933.66]",amount_not_seen_in_6_months
BANK000933,smith,14027.7,bank,2024-05-15 00:00:00,98,"[503.29, 719.76, 1475.88, 2080.6, 2182.3, 2254.69, 2996.11, 3438.0, 3964.59, 4151.25]",amount_not_seen_in_6_months
GL000107,xyz,4624.3,gl,2024-05-15 00:00:00,100,"[839.89, 1101.89, 1462.42, 1700.92, 1922.67, 2469.18, 4078.89, 4195.33, 4652.12, 5185.18]",amount_not_seen_in_6_months
GL000600,smith,13520.18,gl,2024-05-15 00:00:00,98,"[503.29, 719.76, 1475.88, 2080.6, 2182.3, 2254.69, 2996.11, 3438.0, 3964.59, 4151.25]",amount_not_seen_in_6_months
GL000685,global services,1838.45,gl,2024-05-15 00:00:00,72,"[1496.57, 2297.49, 4387.09, 5099.86, 6424.67, 7452.96, 7571.59, 8309.37, 9104.39, 9933.66]",amount_not_seen_in_6_months
GL000787,global services,27638.64,gl,2024-05-15 00:00:00,72,"[1496.57, 2297.49, 4387.09, 5099.86, 6424.67, 7452.96, 7571.59, 8309.37, 9104.39, 9933.66]",amount_not_seen_in_6_months
GL000848,xyz,32363.54,gl,2024-05-15 00:00:00,100,"[839.89, 1101.89, 1462.42, 1700.92, 1922.67, 2469.18, 4078.89, 4195.33, 4652.12, 5185.18]",amount_not_seen_in_6_months
BANK000178,smith,32416.97,bank,2024-05-16 00:00:00,100,"[503.29, 719.76, 1475.88, 2080.6, 2182.3, 2254.69, 2996.11, 3438.0, 3964.59, 4151.25]",amount_not_seen_in_6_months
BANK000921,business tools,2924.58,bank,2024-05-16 00:00:00,37,"[2386.64, 2725.18, 8216.56, 8757.6, 10437.19, 11288.69, 13399.7, 15140.83, 16186.83, 16495.12]",amount_not_seen_in_6_months
GL000042,global services,11170.13,gl,2024-05-16 00:00:00,75,"[1496.57, 1838.45, 2297.49, 4387.09, 5099.86, 6424.67, 7452.96, 7571.59, 8309.37, 9104.39]",amount_not_seen_in_6_months
GL000237,global services,34423.35,gl,2024-05-16 00:00:00,75,"[1496.57, 1838.45, 2297.49, 4387.09, 5099.86, 6424.67, 7452.96, 7571.59, 8309.37, 9104.39]",amount_not_seen_in_6_months
GL001049,tech solutions,10040.08,gl,2024-05-16 00:00:00,77,"[290.4, 2638.88, 2758.2, 2792.87, 3229.76, 3308.71, 3651.87, 3671.57, 4163.17, 4688.48]",amount_not_seen_in_6_months
GL001114,xyz,31272.22,gl,2024-05-16 00:00:00,102,"[839.89, 1101.89, 1462.42, 1700.92, 1922.67, 2469.18, 4078.89, 4195.33, 4624.3, 4652.12]",amount_not_seen_in_6_months
GL000490,smith and,11790.62,gl,2024-05-17 00:00:00,9,"[1447.0, 2023.74, 7452.57, 22677.32, 26795.0, 27541.69, 39397.09, 42156.71, 48119.5]",amount_not_seen_in_6_months
GL000567,smith,25652.79,gl,2024-05-17 00:00:00,101,"[503.29, 719.76, 1475.88, 2080.6, 2182.3, 2254.69, 2996.11, 3438.0, 3964.59, 4151.25]",amount_not_seen_in_6_months
GL000673,smith,41230.34,gl,2024-05-17 00:00:00,101,"[503.29, 719.76, 1475.88, 2080.6, 2182.3, 2254.69, 2996.11, 3438.0, 3964.59, 4151.25]",amount_not_seen_in_6_months
GL001110,smith,37356.71,gl,2024-05-17 00:00:00,101,"[503.29, 719.76, 1475.88, 2080.6, 2182.3, 2254.69, 2996.11, 3438.0, 3964.59, 4151.25]",amount_not_seen_in_6_months
GL000583,xyz,13670.56,gl,2024-05-18 00:00:00,103,"[839.89, 1101.89, 1462.42, 1700.92, 1922.67, 2469.18, 4078.89, 4195.33, 4624.3, 4652.12]",amount_not_seen_in_6_months
GL000715,smith,981.66,gl,2024-05-18 00:00:00,104,"[503.29, 719.76, 1475.88, 2080.6, 2182.3, 2254.69, 2996.11, 3438.0, 3964.59, 4151.25]",amount_not_seen_in_6_months
GL000816,global svcs,5916.22,gl,2024-05-18 00:00:00,25,"[3471.66, 4025.65, 5345.39, 10773.69, 11991.22, 14816.48, 15224.8, 19792.85, 20802.17, 20953.11]",amount_not_seen_in_6_months
GL000883,global serv,16388.95,gl,2024-05-18 00:00:00,14,"[1569.37, 2823.72, 8584.32, 10297.71, 10669.81, 11261.41, 21802.1, 24895.0, 25561.08, 30092.29]",amount_not_seen_in_6_months
GL000907,tech solutions,47632.23,gl,2024-05-18 00:00:00,78,"[290.4, 2638.88, 2758.2, 2792.87, 3229.76, 3308.71, 3651.87, 3671.57, 4163.17, 4688.48]",amount_not_seen_in_6_months
BANK000123,audit solutions,24462.65,bank,2024-05-19 00:00:00,27,"[508.05, 2506.93, 4114.05, 4193.7, 6180.23, 7004.87, 9179.96, 11452.89, 16621.62, 22120.17]",amount_not_seen_in_6_months
BANK000181,data systems,35016.71,bank,2024-05-19 00:00:00,39,"[316.45, 1637.88, 2236.14, 2612.5, 2807.98, 3389.0, 3653.67, 5020.47, 5440.12, 6721.72]",amount_not_seen_in_6_months
BANK000294,global services,22158.0,bank,2024-05-19 00:00:00,77,"[1496.57, 1838.45, 2297.49, 4387.09, 5099.86, 6424.67, 7452.96, 7571.59, 8309.37, 9104.39]",amount_not_seen_in_6_months
BANK000682,data systems,40374.68,bank,2024-05-19 00:00:00,39,"[316.45, 1637.88, 2236.14, 2612.5, 2807.98, 3389.0, 3653.67, 5020.47, 5440.12, 6721.72]",amount_not_seen_in_6_months
BANK000707,global services,15971.08,bank,2024-05-19 00:00:00,77,"[1496.57, 1838.45, 2297.49, 4387.09, 5099.86, 6424.67, 7452.96, 7571.59, 8309.37, 9104.39]",amount_not_seen_in_6_months
BANK000874,audit solutions,48119.27,bank,2024-05-19 00:00:00,27,"[508.05, 2506.93, 4114.05, 4193.7, 6180.23, 7004.87, 9179.96, 11452.89, 16621.62, 22120.17]",amount_not_seen_in_6_months
GL000050,x y z,24340.36,gl,2024-05-19 00:00:00,14,"[362.04, 4153.37, 6864.57, 8998.95, 9367.05, 10738.87, 12342.19, 20512.0, 23845.03, 25766.98]",amount_not_seen_in_6_months
GL000293,smith,28360.16,gl,2024-05-19 00:00:00,105,"[503.29, 719.76, 981.66, 1475.88, 2080.6, 2182.3, 2254.69, 2996.11, 3438.0, 3964.59]",amount_not_seen_in_6_months
GL000443,abc,38189.85,gl,2024-05-19 00:00:00,95,"[1692.86, 1815.94, 1865.79, 1945.49, 2686.89, 2958.7, 3553.49, 3890.58, 4634.23, 4650.84]",amount_not_seen_in_6_months
GL000562,global svcs,37384.3,gl,2024-05-19 00:00:00,26,"[3471.66, 4025.65, 5345.39, 5916.22, 10773.69, 11991.22, 14816.48, 15224.8, 19792.85, 20802.17]",amount_not_seen_in_6_months
GL000704,abc,6269.15,gl,2024-05-19 00:00:00,95,"[1692.86, 1815.94, 1865.79, 1945.49, 2686.89, 2958.7, 3553.49, 3890.58, 4634.23, 4650.84]",amount_not_seen_in_6_months
GL000763,xyz,48036.98,gl,2024-05-19 00:00:00,104,"[839.89, 1101.89, 1462.42, 1700.92, 1922.67, 2469.18, 4078.89, 4195.33, 4624.3, 4652.12]",amount_not_seen_in_6_months
BANK000317,cloud services,15210.74,bank,2024-05-20 00:00:00,25,"[3071.84, 5113.21, 7317.63, 8582.18, 10638.39, 13843.17, 17760.32, 18663.47, 19695.77, 22977.06]",amount_not_seen_in_6_months
BANK000452,tech solutions,46691.65,bank,2024-05-20 00:00:00,79,"[290.4, 2638.88, 2758.2, 2792.87, 3229.76, 3308.71, 3651.87, 3671.57, 4163.17, 4688.48]",amount_not_seen_in_6_months
BANK000539,data systems,26517.94,bank,2024-05-20 00:00:00,41,"[316.45, 1637.88, 2236.14, 2612.5, 2807.98, 3389.0, 3653.67, 5020.47, 5440.12, 6721.72]",amount_not_seen_in_6_months
BANK000806,finance partners,35261.23,bank,2024-05-20 00:00:00,27,"[2371.29, 3463.28, 4494.18, 5494.42, 11603.85, 11683.99, 12218.64, 13714.57, 15057.64, 15059.55]",amount_not_seen_in_6_months
GL000230,smith,22824.03,gl,2024-05-20 00:00:00,106,"[503.29, 719.76, 981.66, 1475.88, 2080.6, 2182.3, 2254.69, 2996.11, 3438.0, 3964.59]",amount_not_seen_in_6_months
GL000487,abc,2671.39,gl,2024-05-20 00:00:00,97,"[1692.86, 1815.94, 1865.79, 1945.49, 2686.89, 2958.7, 3553.49, 3890.58, 4634.23, 4650.84]",amount_not_seen_in_6_months
GL000713,abc,22758.85,gl,2024-05-20 00:00:00,97,"[1692.86, 1815.94, 1865.79, 1945.49, 2686.89, 2958.7, 3553.49, 3890.58, 4634.23, 4650.84]",amount_not_seen_in_6_months
GL001040,abc,40312.32,gl,2024-05-20 00:00:00,97,"[1692.86, 1815.94, 1865.79, 1945.49, 2686.89, 2958.7, 3553.49, 3890.58, 4634.23, 4650.84]",amount_not_seen_in_6_months
GL001168,abc,45385.58,gl,2024-05-20 00:00:00,97,"[1692.86, 1815.94, 1865.79, 1945.49, 2686.89, 2958.7, 3553.49, 3890.58, 4634.23, 4650.84]",amount_not_seen_in_6_months
BANK000075,abc,21236.43,bank,2024-05-21 00:00:00,101,"[1692.86, 1815.94, 1865.79, 1945.49, 2671.39, 2686.89, 2958.7, 3553.49, 3890.58, 4634.23]",amount_not_seen_in_6_months
BANK000150,data systems,35089.07,bank,2024-05-21 00:00:00,42,"[316.45, 1637.88, 2236.14, 2612.5, 2807.98, 3389.0, 3653.67, 5020.47, 5440.12, 6721.72]",amount_not_seen_in_6_months
BANK000201,business tools,43214.94,bank,2024-05-21 00:00:00,38,"[2386.64, 2725.18, 2924.58, 8216.56, 8757.6, 10437.19, 11288.69, 13399.7, 15140.83, 16186.83]",amount_not_seen_in_6_months
BANK000633,software house,45946.56,bank,2024-05-21 00:00:00,31,"[418.55, 1716.03, 1787.81, 5557.53, 6942.75, 7062.94, 7082.48, 7123.78, 11921.51, 12819.0]",amount_not_seen_in_6_months
BANK000821,tech solutions,16324.34,bank,2024-05-21 00:00:00,80,"[290.4, 2638.88, 2758.2, 2792.87, 3229.76, 3308.71, 3651.87, 3671.57, 4163.17, 4688.48]",amount_not_seen_in_6_months
GL000568,global services,6877.06,gl,2024-05-21 00:00:00,79,"[1496.57, 1838.45, 2297.49, 4387.09, 5099.86, 6424.67, 7452.96, 7571.59, 8309.37, 9104.39]",amount_not_seen_in_6_months
BANK000006,business tools,22515.53,bank,2024-05-22 00:00:00,39,"[2386.64, 2725.18, 2924.58, 8216.56, 8757.6, 10437.19, 11288.69, 13399.7, 15140.83, 16186.83]",amount_not_seen_in_6_months
BANK000637,digital agency,20202.25,bank,2024-05-22 00:00:00,18,"[5976.27, 6454.68, 7840.56, 13341.84, 17589.01, 27771.58, 27803.29, 30225.93, 32007.4, 32461.38]",amount_not_seen_in_6_months
BANK000673,xyz,30840.75,bank,2024-05-22 00:00:00,105,"[839.89, 1101.89, 1462.42, 1700.92, 1922.67, 2469.18, 4078.89, 4195.33, 4624.3, 4652.12]",amount_not_seen_in_6_months
GL001151,xyz,12558.06,gl,2024-05-22 00:00:00,105,"[839.89, 1101.89, 1462.42, 1700.92, 1922.67, 2469.18, 4078.89, 4195.33, 4624.3, 4652.12]",amount_not_seen_in_6_months
BANK000252,abc,20464.98,bank,2024-05-23 00:00:00,102,"[1692.86, 1815.94, 1865.79, 1945.49, 2671.39, 2686.89, 2958.7, 3553.49, 3890.58, 4634.23]",amount_not_seen_in_6_months
BANK000630,cloud services,17605.69,bank,2024-05-23 00:00:00,26,"[3071.84, 5113.21, 7317.63, 8582.18, 10638.39, 13843.17, 15210.74, 17760.32, 18663.47, 19695.77]",amount_not_seen_in_6_months
BANK000979,smith,30370.72,bank,2024-05-23 00:00:00,107,"[503.29, 719.76, 981.66, 1475.88, 2080.6, 2182.3, 2254.69, 2996.11, 3438.0, 3964.59]",amount_not_seen_in_6_months
BANK000999,global services,25775.61,bank,2024-05-23 00:00:00,80,"[1496.57, 1838.45, 2297.49, 4387.09, 5099.86, 6424.67, 6877.06, 7452.96, 7571.59, 8309.37]",amount_not_seen_in_6_months
GL000084,tech solutions,26364.69,gl,2024-05-23 00:00:00,81,"[290.4, 2638.88, 2758.2, 2792.87, 3229.76, 3308.71, 3651.87, 3671.57, 4163.17, 4688.48]",amount_not_seen_in_6_months
GL000244,tech solutions,32377.78,gl,2024-05-23 00:00:00,81,"[290.4, 2638.88, 2758.2, 2792.87, 3229.76, 3308.71, 3651.87, 3671.57, 4163.17, 4688.48]",amount_not_seen_in_6_months
GL000307,smith,1502.68,gl,2024-05-23 00:00:00,107,"[503.29, 719.76, 981.66, 1475.88, 2080.6, 2182.3, 2254.69, 2996.11, 3438.0, 3964.59]",amount_not_seen_in_6_months
GL000419,abc,20373.64,gl,2024-05-23 00:00:00,102,"[1692.86, 1815.94, 1865.79, 1945.49, 2671.39, 2686.89, 2958.7, 3553.49, 3890.58, 4634.23]",amount_not_seen_in_6_months
GL000500,global serv,22973.22,gl,2024-05-23 00:00:00,15,"[1569.37, 2823.72, 8584.32, 10297.71, 10669.81, 11261.41, 16388.95, 21802.1, 24895.0, 25561.08]",amount_not_seen_in_6_months
GL000566,abc,9211.25,gl,2024-05-23 00:00:00,102,"[1692.86, 1815.94, 1865.79, 1945.49, 2671.39, 2686.89, 2958.7, 3553.49, 3890.58, 4634.23]",amount_not_seen_in_6_months
GL000753,abc,22229.83,gl,2024-05-23 00:00:00,102,"[1692.86, 1815.94, 1865.79, 1945.49, 2671.39, 2686.89, 2958.7, 3553.49, 3890.58, 4634.23]",amount_not_seen_in_6_months
GL001145,xyz,11840.11,gl,2024-05-23 00:00:00,107,"[839.89, 1101.89, 1462.42, 1700.92, 1922.67, 2469.18, 4078.89, 4195.33, 4624.3, 4652.12]",amount_not_seen_in_6_months
GL001183,abc,11436.9,gl,2024-05-23 00:00:00,102,"[1692.86, 1815.94, 1865.79, 1945.49, 2671.39, 2686.89, 2958.7, 3553.49, 3890.58, 4634.23]",amount_not_seen_in_6_months
BANK000693,business tools,43861.86,bank,2024-05-24 00:00:00,40,"[2386.64, 2725.18, 2924.58, 8216.56, 8757.6, 10437.19, 11288.69, 13399.7, 15140.83, 16186.83]",amount_not_seen_in_6_months
BANK000769,tech solutions,13336.71,bank,2024-05-24 00:00:00,83,"[290.4, 2638.88, 2758.2, 2792.87, 3229.76, 3308.71, 3651.87, 3671.57, 4163.17, 4688.48]",amount_not_seen_in_6_months
BANK000103,data systems,32976.65,bank,2024-05-25 00:00:00,43,"[316.45, 1637.88, 2236.14, 2612.5, 2807.98, 3389.0, 3653.67, 5020.47, 5440.12, 6721.72]",amount_not_seen_in_6_months
GL000191,tech solutions,49772.44,gl,2024-05-25 00:00:00,84,"[290.4, 2638.88, 2758.2, 2792.87, 3229.76, 3308.71, 3651.87, 3671.57, 4163.17, 4688.48]",amount_not_seen_in_6_months
GL000635,xyz,1005.8,gl,2024-05-25 00:00:00,108,"[839.89, 1101.89, 1462.42, 1700.92, 1922.67, 2469.18, 4078.89, 4195.33, 4624.3, 4652.12]",amount_not_seen_in_6_months
BANK000319,xyz,18500.01,bank,2024-05-26 00:00:00,109,"[839.89, 1005.8, 1101.89, 1462.42, 1700.92, 1922.67, 2469.18, 4078.89, 4195.33, 4624.3]",amount_not_seen_in_6_months
GL000018,global services,23805.04,gl,2024-05-26 00:00:00,81,"[1496.57, 1838.45, 2297.49, 4387.09, 5099.86, 6424.67, 6877.06, 7452.96, 7571.59, 8309.37]",amount_not_seen_in_6_months
GL000358,xyz,25305.21,gl,2024-05-26 00:00:00,109,"[839.89, 1005.8, 1101.89, 1462.42, 1700.92, 1922.67, 2469.18, 4078.89, 4195.33, 4624.3]",amount_not_seen_in_6_months
GL001011,tech solutions,14352.84,gl,2024-05-26 00:00:00,85,"[290.4, 2638.88, 2758.2, 2792.87, 3229.76, 3308.71, 3651.87, 3671.57, 4163.17, 4688.48]",amount_not_seen_in_6_months
BANK000175,digital agency,1728.73,bank,2024-05-27 00:00:00,19,"[5976.27, 6454.68, 7840.56, 13341.84, 17589.01, 20202.25, 27771.58, 27803.29, 30225.93, 32007.4]",amount_not_seen_in_6_months
BANK000454,digital agency,14593.59,bank,2024-05-27 00:00:00,19,"[5976.27, 6454.68, 7840.56, 13341.84, 17589.01, 20202.25, 27771.58, 27803.29, 30225.93, 32007.4]",amount_not_seen_in_6_months
BANK000621,smith,11319.69,bank,2024-05-27 00:00:00,109,"[503.29, 719.76, 981.66, 1475.88, 1502.68, 2080.6, 2182.3, 2254.69, 2996.11, 3438.0]",amount_not_seen_in_6_months
GL000718,global services,37005.01,gl,2024-05-27 00:00:00,82,"[1496.57, 1838.45, 2297.49, 4387.09, 5099.86, 6424.67, 6877.06, 7452.96, 7571.59, 8309.37]",amount_not_seen_in_6_months
BANK000394,tech solutions,27544.86,bank,2024-05-28 00:00:00,86,"[290.4, 2638.88, 2758.2, 2792.87, 3229.76, 3308.71, 3651.87, 3671.57, 4163.17, 4688.48]",amount_not_seen_in_6_months
BANK000466,abc,46836.78,bank,2024-05-28 00:00:00,107,"[1692.86, 1815.94, 1865.79, 1945.49, 2671.39, 2686.89, 2958.7, 3553.49, 3890.58, 4634.23]",amount_not_seen_in_6_months
BANK000505,global services,7092.77,bank,2024-05-28 00:00:00,83,"[1496.57, 1838.45, 2297.49, 4387.09, 5099.86, 6424.67, 6877.06, 7452.96, 7571.59, 8309.37]",amount_not_seen_in_6_months
BANK000848,consulting group,2381.35,bank,2024-05-28 00:00:00,26,"[429.22, 1393.08, 7703.88, 9138.68, 13866.48, 14207.07, 16666.54, 17017.93, 17313.87, 18278.54]",amount_not_seen_in_6_months
GL000054,xyz,6291.0,gl,2024-05-28 00:00:00,111,"[839.89, 1005.8, 1101.89, 1462.42, 1700.92, 1922.67, 2469.18, 4078.89, 4195.33, 4624.3]",amount_not_seen_in_6_months
BANK000631,tech solutions,48952.11,bank,2024-05-29 00:00:00,87,"[290.4, 2638.88, 2758.2, 2792.87, 3229.76, 3308.71, 3651.87, 3671.57, 4163.17, 4688.48]",amount_not_seen_in_6_months
BANK000773,xyz,8624.53,bank,2024-05-29 00:00:00,112,"[839.89, 1005.8, 1101.89, 1462.42, 1700.92, 1922.67, 2469.18, 4078.89, 4195.33, 4624.3]",amount_not_seen_in_6_months
GL000496,smith and,48511.09,gl,2024-05-29 00:00:00,10,"[1447.0, 2023.74, 7452.57, 11790.62, 22677.32, 26795.0, 27541.69, 39397.09, 42156.71, 48119.5]",amount_not_seen_in_6_months
GL000799,global svcs,2652.17,gl,2024-05-29 00:00:00,27,"[3471.66, 4025.65, 5345.39, 5916.22, 10773.69, 11991.22, 14816.48, 15224.8, 19792.85, 20802.17]",amount_not_seen_in_6_months
GL000922,tech sol,13628.32,gl,2024-05-29 00:00:00,15,"[231.07, 1052.93, 11106.0, 18364.05, 19058.62, 20990.16, 22240.1, 26583.88, 27055.7, 28538.84]",amount_not_seen_in_6_months
BANK000029,audit solutions,17074.76,bank,2024-05-30 00:00:00,29,"[508.05, 2506.93, 4114.05, 4193.7, 6180.23, 7004.87, 9179.96, 11452.89, 16621.62, 22120.17]",amount_not_seen_in_6_months
BANK000337,business tools,7831.76,bank,2024-05-31 00:00:00,41,"[2386.64, 2725.18, 2924.58, 8216.56, 8757.6, 10437.19, 11288.69, 13399.7, 15140.83, 16186.83]",amount_not_seen_in_6_months
BANK000479,finance partners,31971.7,bank,2024-05-31 00:00:00,28,"[2371.29, 3463.28, 4494.18, 5494.42, 11603.85, 11683.99, 12218.64, 13714.57, 15057.64, 15059.55]",amount_not_seen_in_6_months
BANK000664,software house,37417.4,bank,2024-05-31 00:00:00,32,"[418.55, 1716.03, 1787.81, 5557.53, 6942.75, 7062.94, 7082.48, 7123.78, 11921.51, 12819.0]",amount_not_seen_in_6_months
BANK000947,software house,24391.55,bank,2024-05-31 00:00:00,32,"[418.55, 1716.03, 1787.81, 5557.53, 6942.75, 7062.94, 7082.48, 7123.78, 11921.51, 12819.0]",amount_not_seen_in_6_months
GL000554,abc,20814.41,gl,2024-05-31 00:00:00,108,"[1692.86, 1815.94, 1865.79, 1945.49, 2671.39, 2686.89, 2958.7, 3553.49, 3890.58, 4634.23]",amount_not_seen_in_6_months
GL000819,abc,40891.3,gl,2024-05-31 00:00:00,108,"[1692.86, 1815.94, 1865.79, 1945.49, 2671.39, 2686.89, 2958.7, 3553.49, 3890.58, 4634.23]",amount_not_seen_in_6_months
BANK000170,cloud services,45434.37,bank,2024-06-01 00:00:00,27,"[3071.84, 5113.21, 7317.63, 8582.18, 10638.39, 13843.17, 15210.74, 17605.69, 17760.32, 18663.47]",amount_not_seen_in_6_months
BANK000450,business tools,11320.87,bank,2024-06-01 00:00:00,42,"[2386.64, 2725.18, 2924.58, 7831.76, 8216.56, 8757.6, 10437.19, 11288.69, 13399.7, 15140.83]",amount_not_seen_in_6_months
BANK000836,audit solutions,19145.29,bank,2024-06-01 00:00:00,30,"[508.05, 2506.93, 4114.05, 4193.7, 6180.23, 7004.87, 9179.96, 11452.89, 16621.62, 17074.76]",amount_not_seen_in_6_months
GL000603,smith,5704.39,gl,2024-06-01 00:00:00,110,"[503.29, 719.76, 981.66, 1475.88, 1502.68, 2080.6, 2182.3, 2254.69, 2996.11, 3438.0]",amount_not_seen_in_6_months
GL000622,global services,5339.09,gl,2024-06-01 00:00:00,84,"[1496.57, 1838.45, 2297.49, 4387.09, 5099.86, 6424.67, 6877.06, 7092.77, 7452.96, 7571.59]",amount_not_seen_in_6_months
GL000637,x y z,14474.45,gl,2024-06-01 00:00:00,15,"[362.04, 4153.37, 6864.57, 8998.95, 9367.05, 10738.87, 12342.19, 20512.0, 23845.03, 24340.36]",amount_not_seen_in_6_months
GL000810,tech solutions,18296.0,gl,2024-06-01 00:00:00,88,"[290.4, 2638.88, 2758.2, 2792.87, 3229.76, 3308.71, 3651.87, 3671.57, 4163.17, 4688.48]",amount_not_seen_in_6_months
GL000979,smith,45782.62,gl,2024-06-01 00:00:00,110,"[503.29, 719.76, 981.66, 1475.88, 1502.68, 2080.6, 2182.3, 2254.69, 2996.11, 3438.0]",amount_not_seen_in_6_months
BANK000065,consulting group,33617.34,bank,2024-06-02 00:00:00,27,"[429.22, 1393.08, 2381.35, 7703.88, 9138.68, 13866.48, 14207.07, 16666.54, 17017.93, 17313.87]",amount_not_seen_in_6_months
BANK000553,smith,46450.86,bank,2024-06-02 00:00:00,112,"[503.29, 719.76, 981.66, 1475.88, 1502.68, 2080.6, 2182.3, 2254.69, 2996.11, 3438.0]",amount_not_seen_in_6_months
BANK000599,abc,16013.58,bank,2024-06-02 00:00:00,110,"[1692.86, 1815.94, 1865.79, 1945.49, 2671.39, 2686.89, 2958.7, 3553.49, 3890.58, 4634.23]",amount_not_seen_in_6_months
BANK000828,smith,17989.01,bank,2024-06-02 00:00:00,112,"[503.29, 719.76, 981.66, 1475.88, 1502.68, 2080.6, 2182.3, 2254.69, 2996.11, 3438.0]",amount_not_seen_in_6_months
GL000344,global services,5581.4,gl,2024-06-02 00:00:00,85,"[1496.57, 1838.45, 2297.49, 4387.09, 5099.86, 5339.09, 6424.67, 6877.06, 7092.77, 7452.96]",amount_not_seen_in_6_months
GL000665,xyz,42980.76,gl,2024-06-02 00:00:00,113,"[839.89, 1005.8, 1101.89, 1462.42, 1700.92, 1922.67, 2469.18, 4078.89, 4195.33, 4624.3]",amount_not_seen_in_6_months
BANK000475,cloud services,47706.34,bank,2024-06-03 00:00:00,28,"[3071.84, 5113.21, 7317.63, 8582.18, 10638.39, 13843.17, 15210.74, 17605.69, 17760.32, 18663.47]",amount_not_seen_in_6_months
BANK000646,smith,44119.17,bank,2024-06-03 00:00:00,114,"[503.29, 719.76, 981.66, 1475.88, 1502.68, 2080.6, 2182.3, 2254.69, 2996.11, 3438.0]",amount_not_seen_in_6_months
BANK000858,audit solutions,31552.54,bank,2024-06-03 00:00:00,31,"[508.05, 2506.93, 4114.05, 4193.7, 6180.23, 7004.87, 9179.96, 11452.89, 16621.62, 17074.76]",amount_not_seen_in_6_months
GL000264,global services,10822.69,gl,2024-06-03 00:00:00,86,"[1496.57, 1838.45, 2297.49, 4387.09, 5099.86, 5339.09, 5581.4, 6424.67, 6877.06, 7092.77]",amount_not_seen_in_6_months
GL000619,xyz,45607.18,gl,2024-06-03 00:00:00,114,"[839.89, 1005.8, 1101.89, 1462.42, 1700.92, 1922.67, 2469.18, 4078.89, 4195.33, 4624.3]",amount_not_seen_in_6_months
GL000780,abc,9316.2,gl,2024-06-03 00:00:00,111,"[1692.86, 1815.94, 1865.79, 1945.49, 2671.39, 2686.89, 2958.7, 3553.49, 3890.58, 4634.23]",amount_not_seen_in_6_months
BANK000574,abc,5437.92,bank,2024-06-04 00:00:00,112,"[1692.86, 1815.94, 1865.79, 1945.49, 2671.39, 2686.89, 2958.7, 3553.49, 3890.58, 4634.23]",amount_not_seen_in_6_months
BANK000695,digital agency,28233.96,bank,2024-06-04 00:00:00,21,"[1728.73, 5976.27, 6454.68, 7840.56, 13341.84, 14593.59, 17589.01, 20202.25, 27771.58, 27803.29]",amount_not_seen_in_6_months
GL000369,global svcs,33901.45,gl,2024-06-04 00:00:00,28,"[2652.17, 3471.66, 4025.65, 5345.39, 5916.22, 10773.69, 11991.22, 14816.48, 15224.8, 19792.85]",amount_not_seen_in_6_months
GL000411,abc,15297.6,gl,2024-06-04 00:00:00,112,"[1692.86, 1815.94, 1865.79, 1945.49, 2671.39, 2686.89, 2958.7, 3553.49, 3890.58, 4634.23]",amount_not_seen_in_6_months
GL001071,global serv,32711.28,gl,2024-06-04 00:00:00,16,"[1569.37, 2823.72, 8584.32, 10297.71, 10669.81, 11261.41, 16388.95, 21802.1, 22973.22, 24895.0]",amount_not_seen_in_6_months
GL001198,global serv,47520.9,gl,2024-06-04 00:00:00,16,"[1569.37, 2823.72, 8584.32, 10297.71, 10669.81, 11261.41, 16388.95, 21802.1, 22973.22, 24895.0]",amount_not_seen_in_6_months
BANK000154,software house,34620.18,bank,2024-06-05 00:00:00,34,"[418.55, 1716.03, 1787.81, 5557.53, 6942.75, 7062.94, 7082.48, 7123.78, 11921.51, 12819.0]",amount_not_seen_in_6_months
BANK000815,digital agency,12694.28,bank,2024-06-05 00:00:00,22,"[1728.73, 5976.27, 6454.68, 7840.56, 13341.84, 14593.59, 17589.01, 20202.25, 27771.58, 27803.29]",amount_not_seen_in_6_months
BANK000847,smith,25216.49,bank,2024-06-05 00:00:00,115,"[503.29, 719.76, 981.66, 1475.88, 1502.68, 2080.6, 2182.3, 2254.69, 2996.11, 3438.0]",amount_not_seen_in_6_months
GL000220,xyz,31948.46,gl,2024-06-05 00:00:00,115,"[839.89, 1005.8, 1101.89, 1462.42, 1700.92, 1922.67, 2469.18, 4078.89, 4195.33, 4624.3]",amount_not_seen_in_6_months
GL000271,a b c,48197.84,gl,2024-06-05 00:00:00,14,"[4041.61, 5583.67, 8274.66, 17880.85, 20888.48, 21619.5, 22755.35, 28196.76, 30533.22, 30947.33]",amount_not_seen_in_6_months
GL000310,global services,41542.87,gl,2024-06-05 00:00:00,87,"[1496.57, 1838.45, 2297.49, 4387.09, 5099.86, 5339.09, 5581.4, 6424.67, 6877.06, 7092.77]",amount_not_seen_in_6_months
BANK000179,cloud services,8379.55,bank,2024-06-06 00:00:00,29,"[3071.84, 5113.21, 7317.63, 8582.18, 10638.39, 13843.17, 15210.74, 17605.69, 17760.32, 18663.47]",amount_not_seen_in_6_months
BANK000477,smith,5999.42,bank,2024-06-06 00:00:00,116,"[503.29, 719.76, 981.66, 1475.88, 1502.68, 2080.6, 2182.3, 2254.69, 2996.11, 3438.0]",amount_not_seen_in_6_months
BANK000564,consulting group,359.24,bank,2024-06-06 00:00:00,28,"[429.22, 1393.08, 2381.35, 7703.88, 9138.68, 13866.48, 14207.07, 16666.54, 17017.93, 17313.87]",amount_not_seen_in_6_months
BANK000832,audit solutions,37236.08,bank,2024-06-06 00:00:00,32,"[508.05, 2506.93, 4114.05, 4193.7, 6180.23, 7004.87, 9179.96, 11452.89, 16621.62, 17074.76]",amount_not_seen_in_6_months
GL001129,smith,2682.11,gl,2024-06-06 00:00:00,116,"[503.29, 719.76, 981.66, 1475.88, 1502.68, 2080.6, 2182.3, 2254.69, 2996.11, 3438.0]",amount_not_seen_in_6_months
BANK000287,finance partners,13736.19,bank,2024-06-07 00:00:00,29,"[2371.29, 3463.28, 4494.18, 5494.42, 11603.85, 11683.99, 12218.64, 13714.57, 15057.64, 15059.55]",amount_not_seen_in_6_months
BANK000318,consulting group,25416.11,bank,2024-06-07 00:00:00,29,"[359.24, 429.22, 1393.08, 2381.35, 7703.88, 9138.68, 13866.48, 14207.07, 16666.54, 17017.93]",amount_not_seen_in_6_months
BANK000372,data systems,15848.23,bank,2024-06-07 00:00:00,44,"[316.45, 1637.88, 2236.14, 2612.5, 2807.98, 3389.0, 3653.67, 5020.47, 5440.12, 6721.72]",amount_not_seen_in_6_months
GL000276,a b c,147.68,gl,2024-06-07 00:00:00,15,"[4041.61, 5583.67, 8274.66, 17880.85, 20888.48, 21619.5, 22755.35, 28196.76, 30533.22, 30947.33]",amount_not_seen_in_6_months
GL000311,abc,17376.63,gl,2024-06-07 00:00:00,114,"[1692.86, 1815.94, 1865.79, 1945.49, 2671.39, 2686.89, 2958.7, 3553.49, 3890.58, 4634.23]",amount_not_seen_in_6_months
GL000698,a b c,29417.0,gl,2024-06-07 00:00:00,15,"[4041.61, 5583.67, 8274.66, 17880.85, 20888.48, 21619.5, 22755.35, 28196.76, 30533.22, 30947.33]",amount_not_seen_in_6_months
GL000814,xyz,31900.39,gl,2024-06-07 00:00:00,116,"[839.89, 1005.8, 1101.89, 1462.42, 1700.92, 1922.67, 2469.18, 4078.89, 4195.33, 4624.3]",amount_not_seen_in_6_months
BANK000281,finance partners,14452.71,bank,2024-06-08 00:00:00,30,"[2371.29, 3463.28, 4494.18, 5494.42, 11603.85, 11683.99, 12218.64, 13714.57, 13736.19, 15057.64]",amount_not_seen_in_6_months
GL000074,abc,7148.36,gl,2024-06-08 00:00:00,115,"[1692.86, 1815.94, 1865.79, 1945.49, 2671.39, 2686.89, 2958.7, 3553.49, 3890.58, 4634.23]",amount_not_seen_in_6_months
GL000484,tech solutions,48536.81,gl,2024-06-08 00:00:00,89,"[290.4, 2638.88, 2758.2, 2792.87, 3229.76, 3308.71, 3651.87, 3671.57, 4163.17, 4688.48]",amount_not_seen_in_6_months
GL000744,tech solutions,28984.0,gl,2024-06-08 00:00:00,89,"[290.4, 2638.88, 2758.2, 2792.87, 3229.76, 3308.71, 3651.87, 3671.57, 4163.17, 4688.48]",amount_not_seen_in_6_months
GL000829,xyz,7116.53,gl,2024-06-08 00:00:00,117,"[839.89, 1005.8, 1101.89, 1462.42, 1700.92, 1922.67, 2469.18, 4078.89, 4195.33, 4624.3]",amount_not_seen_in_6_months
GL000913,x y z,13638.0,gl,2024-06-08 00:00:00,16,"[362.04, 4153.37, 6864.57, 8998.95, 9367.05, 10738.87, 12342.19, 14474.45, 20512.0, 23845.03]",amount_not_seen_in_6_months
BANK000058,abc,3141.78,bank,2024-06-09 00:00:00,116,"[1692.86, 1815.94, 1865.79, 1945.49, 2671.39, 2686.89, 2958.7, 3553.49, 3890.58, 4634.23]",amount_not_seen_in_6_months
BANK000064,global services,10292.53,bank,2024-06-09 00:00:00,88,"[1496.57, 1838.45, 2297.49, 4387.09, 5099.86, 5339.09, 5581.4, 6424.67, 6877.06, 7092.77]",amount_not_seen_in_6_months
BANK000092,audit solutions,17349.79,bank,2024-06-09 00:00:00,33,"[508.05, 2506.93, 4114.05, 4193.7, 6180.23, 7004.87, 9179.96, 11452.89, 16621.62, 17074.76]",amount_not_seen_in_6_months
BANK000303,cloud services,46066.01,bank,2024-06-09 00:00:00,30,"[3071.84, 5113.21, 7317.63, 8379.55, 8582.18, 10638.39, 13843.17, 15210.74, 17605.69, 17760.32]",amount_not_seen_in_6_months
BANK000608,cloud services,48299.23,bank,2024-06-09 00:00:00,30,"[3071.84, 5113.21, 7317.63, 8379.55, 8582.18, 10638.39, 13843.17, 15210.74, 17605.69, 17760.32]",amount_not_seen_in_6_months
BANK000709,audit solutions,22533.38,bank,2024-06-09 00:00:00,33,"[508.05, 2506.93, 4114.05, 4193.7, 6180.23, 7004.87, 9179.96, 11452.89, 16621.62, 17074.76]",amount_not_seen_in_6_months
GL000040,abc,15203.38,gl,2024-06-09 00:00:00,116,"[1692.86, 1815.94, 1865.79, 1945.49, 2671.39, 2686.89, 2958.7, 3553.49, 3890.58, 4634.23]",amount_not_seen_in_6_months
GL000109,smith and,32784.5,gl,2024-06-09 00:00:00,11,"[1447.0, 2023.74, 7452.57, 11790.62, 22677.32, 26795.0, 27541.69, 39397.09, 42156.71, 48119.5]",amount_not_seen_in_6_months
GL000693,global services,17266.2,gl,2024-06-09 00:00:00,88,"[1496.57, 1838.45, 2297.49, 4387.09, 5099.86, 5339.09, 5581.4, 6424.67, 6877.06, 7092.77]",amount_not_seen_in_6_months
GL001130,ts,28110.34,gl,2024-06-09 00:00:00,10,"[2465.51, 4691.18, 8214.48, 15191.41, 33579.47, 34061.72, 36951.0, 40349.69, 42382.49, 48211.86]",amount_not_seen_in_6_months
BANK000020,global services,43830.74,bank,2024-06-10 00:00:00,90,"[1496.57, 1838.45, 2297.49, 4387.09, 5099.86, 5339.09, 5581.4, 6424.67, 6877.06, 7092.77]",amount_not_seen_in_6_months
BANK000616,consulting group,7100.8,bank,2024-06-10 00:00:00,30,"[359.24, 429.22, 1393.08, 2381.35, 7703.88, 9138.68, 13866.48, 14207.07, 16666.54, 17017.93]",amount_not_seen_in_6_months
BANK000660,business tools,48166.11,bank,2024-06-10 00:00:00,43,"[2386.64, 2725.18, 2924.58, 7831.76, 8216.56, 8757.6, 10437.19, 11288.69, 11320.87, 13399.7]",amount_not_seen_in_6_months
BANK000956,abc,20281.96,bank,2024-06-10 00:00:00,118,"[1692.86, 1815.94, 1865.79, 1945.49, 2671.39, 2686.89, 2958.7, 3141.78, 3553.49, 3890.58]",amount_not_seen_in_6_months
GL000095,abc,29592.9,gl,2024-06-10 00:00:00,118,"[1692.86, 1815.94, 1865.79, 1945.49, 2671.39, 2686.89, 2958.7, 3141.78, 3553.49, 3890.58]",amount_not_seen_in_6_months
GL000125,smith,40511.08,gl,2024-06-10 00:00:00,118,"[503.29, 719.76, 981.66, 1475.88, 1502.68, 2080.6, 2182.3, 2254.69, 2682.11, 2996.11]",amount_not_seen_in_6_months
BANK000667,smith,49345.44,bank,2024-06-11 00:00:00,119,"[503.29, 719.76, 981.66, 1475.88, 1502.68, 2080.6, 2182.3, 2254.69, 2682.11, 2996.11]",amount_not_seen_in_6_months
GL000885,global services,22471.0,gl,2024-06-11 00:00:00,91,"[1496.57, 1838.45, 2297.49, 4387.09, 5099.86, 5339.09, 5581.4, 6424.67, 6877.06, 7092.77]",amount_not_seen_in_6_months
BANK000352,xyz,11304.48,bank,2024-06-12 00:00:00,118,"[839.89, 1005.8, 1101.89, 1462.42, 1700.92, 1922.67, 2469.18, 4078.89, 4195.33, 4624.3]",amount_not_seen_in_6_months
BANK000393,software house,48381.31,bank,2024-06-12 00:00:00,35,"[418.55, 1716.03, 1787.81, 5557.53, 6942.75, 7062.94, 7082.48, 7123.78, 11921.51, 12819.0]",amount_not_seen_in_6_months
BANK000578,tech solutions,48232.27,bank,2024-06-12 00:00:00,91,"[290.4, 2638.88, 2758.2, 2792.87, 3229.76, 3308.71, 3651.87, 3671.57, 4163.17, 4688.48]",amount_not_seen_in_6_months
BANK000732,cloud services,9072.81,bank,2024-06-12 00:00:00,32,"[3071.84, 5113.21, 7317.63, 8379.55, 8582.18, 10638.39, 13843.17, 15210.74, 17605.69, 17760.32]",amount_not_seen_in_6_months
BANK000755,smith,17405.83,bank,2024-06-12 00:00:00,120,"[503.29, 719.76, 981.66, 1475.88, 1502.68, 2080.6, 2182.3, 2254.69, 2682.11, 2996.11]",amount_not_seen_in_6_months
GL000053,abc,16485.97,gl,2024-06-12 00:00:00,120,"[1692.86, 1815.94, 1865.79, 1945.49, 2671.39, 2686.89, 2958.7, 3141.78, 3553.49, 3890.58]",amount_not_seen_in_6_months
GL000083,abc,38177.55,gl,2024-06-12 00:00:00,120,"[1692.86, 1815.94, 1865.79, 1945.49, 2671.39, 2686.89, 2958.7, 3141.78, 3553.49, 3890.58]",amount_not_seen_in_6_months
GL000168,tech sol,8945.82,gl,2024-06-12 00:00:00,16,"[231.07, 1052.93, 11106.0, 13628.32, 18364.05, 19058.62, 20990.16, 22240.1, 26583.88, 27055.7]",amount_not_seen_in_6_months
GL000445,global services,45022.49,gl,2024-06-12 00:00:00,92,"[1496.57, 1838.45, 2297.49, 4387.09, 5099.86, 5339.09, 5581.4, 6424.67, 6877.06, 7092.77]",amount_not_seen_in_6_months
GL000470,abc,44934.02,gl,2024-06-12 00:00:00,120,"[1692.86, 1815.94, 1865.79, 1945.49, 2671.39, 2686.89, 2958.7, 3141.78, 3553.49, 3890.58]",amount_not_seen_in_6_months
GL000860,tech solutions,44658.74,gl,2024-06-12 00:00:00,91,"[290.4, 2638.88, 2758.2, 2792.87, 3229.76, 3308.71, 3651.87, 3671.57, 4163.17, 4688.48]",amount_not_seen_in_6_months
BANK000269,cloud services,44973.41,bank,2024-06-13 00:00:00,33,"[3071.84, 5113.21, 7317.63, 8379.55, 8582.18, 9072.81, 10638.39, 13843.17, 15210.74, 17605.69]",amount_not_seen_in_6_months
BANK000322,cloud services,32626.69,bank,2024-06-13 00:00:00,33,"[3071.84, 5113.21, 7317.63, 8379.55, 8582.18, 9072.81, 10638.39, 13843.17, 15210.74, 17605.69]",amount_not_seen_in_6_months
GL000684,smith,48792.39,gl,2024-06-13 00:00:00,121,"[503.29, 719.76, 981.66, 1475.88, 1502.68, 2080.6, 2182.3, 2254.69, 2682.11, 2996.11]",amount_not_seen_in_6_months
BANK000935,cloud services,7769.8,bank,2024-06-14 00:00:00,35,"[3071.84, 5113.21, 7317.63, 8379.55, 8582.18, 9072.81, 10638.39, 13843.17, 15210.74, 17605.69]",amount_not_seen_in_6_months
GL000249,xyz,41949.38,gl,2024-06-14 00:00:00,119,"[839.89, 1005.8, 1101.89, 1462.42, 1700.92, 1922.67, 2469.18, 4078.89, 4195.33, 4624.3]",amount_not_seen_in_6_months
GL000513,xyz,22096.1,gl,2024-06-14 00:00:00,119,"[839.89, 1005.8, 1101.89, 1462.42, 1700.92, 1922.67, 2469.18, 4078.89, 4195.33, 4624.3]",amount_not_seen_in_6_months
GL000587,abc,20705.87,gl,2024-06-14 00:00:00,123,"[1692.86, 1815.94, 1865.79, 1945.49, 2671.39, 2686.89, 2958.7, 3141.78, 3553.49, 3890.58]",amount_not_seen_in_6_months
GL000623,smith,27665.52,gl,2024-06-14 00:00:00,122,"[503.29, 719.76, 981.66, 1475.88, 1502.68, 2080.6, 2182.3, 2254.69, 2682.11, 2996.11]",amount_not_seen_in_6_months
GL000657,abc,19921.42,gl,2024-06-14 00:00:00,123,"[1692.86, 1815.94, 1865.79, 1945.49, 2671.39, 2686.89, 2958.7, 3141.78, 3553.49, 3890.58]",amount_not_seen_in_6_months
GL000695,smith,47708.92,gl,2024-06-14 00:00:00,122,"[503.29, 719.76, 981.66, 1475.88, 1502.68, 2080.6, 2182.3, 2254.69, 2682.11, 2996.11]",amount_not_seen_in_6_months
GL000811,a b c,24146.83,gl,2024-06-14 00:00:00,17,"[147.68, 4041.61, 5583.67, 8274.66, 17880.85, 20888.48, 21619.5, 22755.35, 28196.76, 29417.0]",amount_not_seen_in_6_months
GL000964,abc,24936.02,gl,2024-06-14 00:00:00,123,"[1692.86, 1815.94, 1865.79, 1945.49, 2671.39, 2686.89, 2958.7, 3141.78, 3553.49, 3890.58]",amount_not_seen_in_6_months
GL000800,smith and,38751.34,gl,2024-06-15 00:00:00,12,"[1447.0, 2023.74, 7452.57, 11790.62, 22677.32, 26795.0, 27541.69, 32784.5, 39397.09, 42156.71]",amount_not_seen_in_6_months
GL000870,global services,33691.87,gl,2024-06-15 00:00:00,93,"[1496.57, 1838.45, 2297.49, 4387.09, 5099.86, 5339.09, 5581.4, 6424.67, 6877.06, 7092.77]",amount_not_seen_in_6_months
GL000908,smith,3100.0,gl,2024-06-15 00:00:00,124,"[503.29, 719.76, 981.66, 1475.88, 1502.68, 2080.6, 2182.3, 2254.69, 2682.11, 2996.11]",amount_not_seen_in_6_months
GL001086,x y z,22967.33,gl,2024-06-15 00:00:00,17,"[362.04, 4153.37, 6864.57, 8998.95, 9367.05, 10738.87, 12342.19, 13638.0, 14474.45, 20512.0]",amount_not_seen_in_6_months
BANK000379,software house,5219.64,bank,2024-06-16 00:00:00,36,"[418.55, 1716.03, 1787.81, 5557.53, 6942.75, 7062.94, 7082.48, 7123.78, 11921.51, 12819.0]",amount_not_seen_in_6_months
BANK000713,smith,41812.65,bank,2024-06-16 00:00:00,125,"[503.29, 719.76, 981.66, 1475.88, 1502.68, 2080.6, 2182.3, 2254.69, 2682.11, 2996.11]",amount_not_seen_in_6_months
GL000060,xyz,12153.0,gl,2024-06-16 00:00:00,121,"[839.89, 1005.8, 1101.89, 1462.42, 1700.92, 1922.67, 2469.18, 4078.89, 4195.33, 4624.3]",amount_not_seen_in_6_months
GL000766,xyz,48567.47,gl,2024-06-16 00:00:00,121,"[839.89, 1005.8, 1101.89, 1462.42, 1700.92, 1922.67, 2469.18, 4078.89, 4195.33, 4624.3]",amount_not_seen_in_6_months
GL001092,tech solutions,38197.21,gl,2024-06-16 00:00:00,93,"[290.4, 2638.88, 2758.2, 2792.87, 3229.76, 3308.71, 3651.87, 3671.57, 4163.17, 4688.48]",amount_not_seen_in_6_months
BANK000088,tech solutions,9737.18,bank,2024-06-17 00:00:00,94,"[290.4, 2638.88, 2758.2, 2792.87, 3229.76, 3308.71, 3651.87, 3671.57, 4163.17, 4688.48]",amount_not_seen_in_6_months
GL000117,global services,41579.88,gl,2024-06-17 00:00:00,94,"[1496.57, 1838.45, 2297.49, 4387.09, 5099.86, 5339.09, 5581.4, 6424.67, 6877.06, 7092.77]",amount_not_seen_in_6_months
GL000611,tech solutions,628.33,gl,2024-06-17 00:00:00,94,"[290.4, 2638.88, 2758.2, 2792.87, 3229.76, 3308.71, 3651.87, 3671.57, 4163.17, 4688.48]",amount_not_seen_in_6_months
GL000735,smith,25072.55,gl,2024-06-17 00:00:00,126,"[503.29, 719.76, 981.66, 1475.88, 1502.68, 2080.6, 2182.3, 2254.69, 2682.11, 2996.11]",amount_not_seen_in_6_months
GL001098,global services,46605.5,gl,2024-06-17 00:00:00,94,"[1496.57, 1838.45, 2297.49, 4387.09, 5099.86, 5339.09, 5581.4, 6424.67, 6877.06, 7092.77]",amount_not_seen_in_6_months
GL001153,global services,45585.87,gl,2024-06-17 00:00:00,94,"[1496.57, 1838.45, 2297.49, 4387.09, 5099.86, 5339.09, 5581.4, 6424.67, 6877.06, 7092.77]",amount_not_seen_in_6_months
GL001193,tech solutions,20130.29,gl,2024-06-17 00:00:00,94,"[290.4, 2638.88, 2758.2, 2792.87, 3229.76, 3308.71, 3651.87, 3671.57, 4163.17, 4688.48]",amount_not_seen_in_6_months
BANK000459,digital agency,5099.88,bank,2024-06-18 00:00:00,23,"[1728.73, 5976.27, 6454.68, 7840.56, 12694.28, 13341.84, 14593.59, 17589.01, 20202.25, 27771.58]",amount_not_seen_in_6_months
BANK000591,business tools,32372.51,bank,2024-06-18 00:00:00,44,"[2386.64, 2725.18, 2924.58, 7831.76, 8216.56, 8757.6, 10437.19, 11288.69, 11320.87, 13399.7]",amount_not_seen_in_6_months
BANK000742,cloud services,23951.65,bank,2024-06-18 00:00:00,36,"[3071.84, 5113.21, 7317.63, 7769.8, 8379.55, 8582.18, 9072.81, 10638.39, 13843.17, 15210.74]",amount_not_seen_in_6_months
BANK000796,digital agency,2035.25,bank,2024-06-18 00:00:00,23,"[1728.73, 5976.27, 6454.68, 7840.56, 12694.28, 13341.84, 14593.59, 17589.01, 20202.25, 27771.58]",amount_not_seen_in_6_months
BANK000896,data systems,42231.44,bank,2024-06-18 00:00:00,45,"[316.45, 1637.88, 2236.14, 2612.5, 2807.98, 3389.0, 3653.67, 5020.47, 5440.12, 6721.72]",amount_not_seen_in_6_months
BANK000953,abc,23015.34,bank,2024-06-18 00:00:00,126,"[1692.86, 1815.94, 1865.79, 1945.49, 2671.39, 2686.89, 2958.7, 3141.78, 3553.49, 3890.58]",amount_not_seen_in_6_months
BANK000977,consulting group,6801.86,bank,2024-06-18 00:00:00,31,"[359.24, 429.22, 1393.08, 2381.35, 7100.8, 7703.88, 9138.68, 13866.48, 14207.07, 16666.54]",amount_not_seen_in_6_months
GL000610,abc,32801.94,gl,2024-06-18 00:00:00,126,"[1692.86, 1815.94, 1865.79, 1945.49, 2671.39, 2686.89, 2958.7, 3141.78, 3553.49, 3890.58]",amount_not_seen_in_6_months
BANK000433,business tools,6938.12,bank,2024-06-19 00:00:00,45,"[2386.64, 2725.18, 2924.58, 7831.76, 8216.56, 8757.6, 10437.19, 11288.69, 11320.87, 13399.7]",amount_not_seen_in_6_months
GL000288,global services,17051.31,gl,2024-06-19 00:00:00,97,"[1496.57, 1838.45, 2297.49, 4387.09, 5099.86, 5339.09, 5581.4, 6424.67, 6877.06, 7092.77]",amount_not_seen_in_6_months
BANK000116,finance partners,11801.23,bank,2024-06-20 00:00:00,31,"[2371.29, 3463.28, 4494.18, 5494.42, 11603.85, 11683.99, 12218.64, 13714.57, 13736.19, 14452.71]",amount_not_seen_in_6_months
GL000131,abc,16752.16,gl,2024-06-20 00:00:00,128,"[1692.86, 1815.94, 1865.79, 1945.49, 2671.39, 2686.89, 2958.7, 3141.78, 3553.49, 3890.58]",amount_not_seen_in_6_months
GL000343,smith,15223.89,gl,2024-06-20 00:00:00,127,"[503.29, 719.76, 981.66, 1475.88, 1502.68, 2080.6, 2182.3, 2254.69, 2682.11, 2996.11]",amount_not_seen_in_6_months
GL000803,global services,27009.5,gl,2024-06-20 00:00:00,98,"[1496.57, 1838.45, 2297.49, 4387.09, 5099.86, 5339.09, 5581.4, 6424.67, 6877.06, 7092.77]",amount_not_seen_in_6_months
GL000835,xyz,14899.75,gl,2024-06-20 00:00:00,123,"[839.89, 1005.8, 1101.89, 1462.42, 1700.92, 1922.67, 2469.18, 4078.89, 4195.33, 4624.3]",amount_not_seen_in_6_months
GL001053,tech solutions,42575.47,gl,2024-06-20 00:00:00,97,"[290.4, 628.33, 2638.88, 2758.2, 2792.87, 3229.76, 3308.71, 3651.87, 3671.57, 4163.17]",amount_not_seen_in_6_months
GL001104,smith,14486.47,gl,2024-06-20 00:00:00,127,"[503.29, 719.76, 981.66, 1475.88, 1502.68, 2080.6, 2182.3, 2254.69, 2682.11, 2996.11]",amount_not_seen_in_6_months
BANK000530,tech solutions,47178.88,bank,2024-06-21 00:00:00,98,"[290.4, 628.33, 2638.88, 2758.2, 2792.87, 3229.76, 3308.71, 3651.87, 3671.57, 4163.17]",amount_not_seen_in_6_months
GL000010,ts,38667.73,gl,2024-06-21 00:00:00,11,"[2465.51, 4691.18, 8214.48, 15191.41, 28110.34, 33579.47, 34061.72, 36951.0, 40349.69, 42382.49]",amount_not_seen_in_6_months
GL000363,smith,16001.01,gl,2024-06-21 00:00:00,129,"[503.29, 719.76, 981.66, 1475.88, 1502.68, 2080.6, 2182.3, 2254.69, 2682.11, 2996.11]",amount_not_seen_in_6_months
GL000851,ts,35934.03,gl,2024-06-21 00:00:00,11,"[2465.51, 4691.18, 8214.48, 15191.41, 28110.34, 33579.47, 34061.72, 36951.0, 40349.69, 42382.49]",amount_not_seen_in_6_months
GL001134,tech solutions,9246.91,gl,2024-06-21 00:00:00,98,"[290.4, 628.33, 2638.88, 2758.2, 2792.87, 3229.76, 3308.71, 3651.87, 3671.57, 4163.17]",amount_not_seen_in_6_months
BANK000239,business tools,37353.31,bank,2024-06-22 00:00:00,46,"[2386.64, 2725.18, 2924.58, 6938.12, 7831.76, 8216.56, 8757.6, 10437.19, 11288.69, 11320.87]",amount_not_seen_in_6_months
BANK000308,global services,43539.17,bank,2024-06-22 00:00:00,99,"[1496.57, 1838.45, 2297.49, 4387.09, 5099.86, 5339.09, 5581.4, 6424.67, 6877.06, 7092.77]",amount_not_seen_in_6_months
GL000189,global services,23502.72,gl,2024-06-22 00:00:00,99,"[1496.57, 1838.45, 2297.49, 4387.09, 5099.86, 5339.09, 5581.4, 6424.67, 6877.06, 7092.77]",amount_not_seen_in_6_months
GL000407,xyz,11034.15,gl,2024-06-22 00:00:00,124,"[839.89, 1005.8, 1101.89, 1462.42, 1700.92, 1922.67, 2469.18, 4078.89, 4195.33, 4624.3]",amount_not_seen_in_6_months
GL001165,global services,36481.75,gl,2024-06-22 00:00:00,99,"[1496.57, 1838.45, 2297.49, 4387.09, 5099.86, 5339.09, 5581.4, 6424.67, 6877.06, 7092.77]",amount_not_seen_in_6_months
BANK000007,tech solutions,34937.16,bank,2024-06-23 00:00:00,100,"[290.4, 628.33, 2638.88, 2758.2, 2792.87, 3229.76, 3308.71, 3651.87, 3671.57, 4163.17]",amount_not_seen_in_6_months
BANK000895,finance partners,22864.78,bank,2024-06-23 00:00:00,32,"[2371.29, 3463.28, 4494.18, 5494.42, 11603.85, 11683.99, 11801.23, 12218.64, 13714.57, 13736.19]",amount_not_seen_in_6_months
GL000259,abc,28787.67,gl,2024-06-23 00:00:00,129,"[1692.86, 1815.94, 1865.79, 1945.49, 2671.39, 2686.89, 2958.7, 3141.78, 3553.49, 3890.58]",amount_not_seen_in_6_months
GL000286,xyz,23487.0,gl,2024-06-23 00:00:00,125,"[839.89, 1005.8, 1101.89, 1462.42, 1700.92, 1922.67, 2469.18, 4078.89, 4195.33, 4624.3]",amount_not_seen_in_6_months
GL000956,abc,41212.31,gl,2024-06-23 00:00:00,129,"[1692.86, 1815.94, 1865.79, 1945.49, 2671.39, 2686.89, 2958.7, 3141.78, 3553.49, 3890.58]",amount_not_seen_in_6_months
GL000962,xyz,32764.7,gl,2024-06-23 00:00:00,125,"[839.89, 1005.8, 1101.89, 1462.42, 1700.92, 1922.67, 2469.18, 4078.89, 4195.33, 4624.3]",amount_not_seen_in_6_months
BANK000597,consulting group,17481.6,bank,2024-06-24 00:00:00,32,"[359.24, 429.22, 1393.08, 2381.35, 6801.86, 7100.8, 7703.88, 9138.68, 13866.48, 14207.07]",amount_not_seen_in_6_months
BANK000600,software house,1227.0,bank,2024-06-24 00:00:00,37,"[418.55, 1716.03, 1787.81, 5219.64, 5557.53, 6942.75, 7062.94, 7082.48, 7123.78, 11921.51]",amount_not_seen_in_6_months
BANK000652,xyz,502.32,bank,2024-06-24 00:00:00,127,"[839.89, 1005.8, 1101.89, 1462.42, 1700.92, 1922.67, 2469.18, 4078.89, 4195.33, 4624.3]",amount_not_seen_in_6_months
BANK000873,smith,18693.85,bank,2024-06-24 00:00:00,130,"[503.29, 719.76, 981.66, 1475.88, 1502.68, 2080.6, 2182.3, 2254.69, 2682.11, 2996.11]",amount_not_seen_in_6_months
BANK000911,tech solutions,13752.43,bank,2024-06-24 00:00:00,101,"[290.4, 628.33, 2638.88, 2758.2, 2792.87, 3229.76, 3308.71, 3651.87, 3671.57, 4163.17]",amount_not_seen_in_6_months
GL000261,global services,42901.33,gl,2024-06-24 00:00:00,102,"[1496.57, 1838.45, 2297.49, 4387.09, 5099.86, 5339.09, 5581.4, 6424.67, 6877.06, 7092.77]",amount_not_seen_in_6_months
GL000597,smith,27651.42,gl,2024-06-24 00:00:00,130,"[503.29, 719.76, 981.66, 1475.88, 1502.68, 2080.6, 2182.3, 2254.69, 2682.11, 2996.11]",amount_not_seen_in_6_months
GL000731,global serv,38742.31,gl,2024-06-24 00:00:00,18,"[1569.37, 2823.72, 8584.32, 10297.71, 10669.81, 11261.41, 16388.95, 21802.1, 22973.22, 24895.0]",amount_not_seen_in_6_months
GL000839,global services,48500.27,gl,2024-06-24 00:00:00,102,"[1496.57, 1838.45, 2297.49, 4387.09, 5099.86, 5339.09, 5581.4, 6424.67, 6877.06, 7092.77]",amount_not_seen_in_6_months
GL000853,abc,22044.35,gl,2024-06-24 00:00:00,131,"[1692.86, 1815.94, 1865.79, 1945.49, 2671.39, 2686.89, 2958.7, 3141.78, 3553.49, 3890.58]",amount_not_seen_in_6_months
BANK000155,audit solutions,27718.3,bank,2024-06-25 00:00:00,35,"[508.05, 2506.93, 4114.05, 4193.7, 6180.23, 7004.87, 9179.96, 11452.89, 16621.62, 17074.76]",amount_not_seen_in_6_months
BANK000366,global services,39447.15,bank,2024-06-25 00:00:00,104,"[1496.57, 1838.45, 2297.49, 4387.09, 5099.86, 5339.09, 5581.4, 6424.67, 6877.06, 7092.77]",amount_not_seen_in_6_months
BANK000416,audit solutions,36736.57,bank,2024-06-25 00:00:00,35,"[508.05, 2506.93, 4114.05, 4193.7, 6180.23, 7004.87, 9179.96, 11452.89, 16621.62, 17074.76]",amount_not_seen_in_6_months
BANK000793,audit solutions,43387.02,bank,2024-06-25 00:00:00,35,"[508.05, 2506.93, 4114.05, 4193.7, 6180.23, 7004.87, 9179.96, 11452.89, 16621.62, 17074.76]",amount_not_seen_in_6_months
BANK000846,tech solutions,11390.66,bank,2024-06-25 00:00:00,102,"[290.4, 628.33, 2638.88, 2758.2, 2792.87, 3229.76, 3308.71, 3651.87, 3671.57, 4163.17]",amount_not_seen_in_6_months
BANK000966,global services,15304.09,bank,2024-06-25 00:00:00,104,"[1496.57, 1838.45, 2297.49, 4387.09, 5099.86, 5339.09, 5581.4, 6424.67, 6877.06, 7092.77]",amount_not_seen_in_6_months
BANK000997,consulting group,40880.11,bank,2024-06-25 00:00:00,33,"[359.24, 429.22, 1393.08, 2381.35, 6801.86, 7100.8, 7703.88, 9138.68, 13866.48, 14207.07]",amount_not_seen_in_6_months
GL000091,global serv,2350.01,gl,2024-06-25 00:00:00,19,"[1569.37, 2823.72, 8584.32, 10297.71, 10669.81, 11261.41, 16388.95, 21802.1, 22973.22, 24895.0]",amount_not_seen_in_6_months
BANK000140,data systems,39153.5,bank,2024-06-26 00:00:00,46,"[316.45, 1637.88, 2236.14, 2612.5, 2807.98, 3389.0, 3653.67, 5020.47, 5440.12, 6721.72]",amount_not_seen_in_6_months
BANK000556,abc,25089.56,bank,2024-06-26 00:00:00,132,"[1692.86, 1815.94, 1865.79, 1945.49, 2671.39, 2686.89, 2958.7, 3141.78, 3553.49, 3890.58]",amount_not_seen_in_6_months
GL000113,abc,15991.8,gl,2024-06-26 00:00:00,132,"[1692.86, 1815.94, 1865.79, 1945.49, 2671.39, 2686.89, 2958.7, 3141.78, 3553.49, 3890.58]",amount_not_seen_in_6_months
GL000217,xyz,5189.11,gl,2024-06-26 00:00:00,128,"[502.32, 839.89, 1005.8, 1101.89, 1462.42, 1700.92, 1922.67, 2469.18, 4078.89, 4195.33]",amount_not_seen_in_6_months
GL000403,abc,41650.44,gl,2024-06-26 00:00:00,132,"[1692.86, 1815.94, 1865.79, 1945.49, 2671.39, 2686.89, 2958.7, 3141.78, 3553.49, 3890.58]",amount_not_seen_in_6_months
GL000824,smith,42409.0,gl,2024-06-26 00:00:00,132,"[503.29, 719.76, 981.66, 1475.88, 1502.68, 2080.6, 2182.3, 2254.69, 2682.11, 2996.11]",amount_not_seen_in_6_months
GL001144,global services,941.92,gl,2024-06-26 00:00:00,106,"[1496.57, 1838.45, 2297.49, 4387.09, 5099.86, 5339.09, 5581.4, 6424.67, 6877.06, 7092.77]",amount_not_seen_in_6_months
BANK000310,finance partners,45305.54,bank,2024-06-27 00:00:00,33,"[2371.29, 3463.28, 4494.18, 5494.42, 11603.85, 11683.99, 11801.23, 12218.64, 13714.57, 13736.19]",amount_not_seen_in_6_months
BANK000350,abc,40853.49,bank,2024-06-27 00:00:00,135,"[1692.86, 1815.94, 1865.79, 1945.49, 2671.39, 2686.89, 2958.7, 3141.78, 3553.49, 3890.58]",amount_not_seen_in_6_months
BANK000609,finance partners,29391.54,bank,2024-06-27 00:00:00,33,"[2371.29, 3463.28, 4494.18, 5494.42, 11603.85, 11683.99, 11801.23, 12218.64, 13714.57, 13736.19]",amount_not_seen_in_6_months
BANK000626,xyz,22541.64,bank,2024-06-27 00:00:00,129,"[502.32, 839.89, 1005.8, 1101.89, 1462.42, 1700.92, 1922.67, 2469.18, 4078.89, 4195.33]",amount_not_seen_in_6_months
GL000409,abc,29223.82,gl,2024-06-27 00:00:00,135,"[1692.86, 1815.94, 1865.79, 1945.49, 2671.39, 2686.89, 2958.7, 3141.78, 3553.49, 3890.58]",amount_not_seen_in_6_months
GL000412,smith,15619.27,gl,2024-06-27 00:00:00,133,"[503.29, 719.76, 981.66, 1475.88, 1502.68, 2080.6, 2182.3, 2254.69, 2682.11, 2996.11]",amount_not_seen_in_6_months
GL000702,global services,16644.94,gl,2024-06-27 00:00:00,107,"[941.92, 1496.57, 1838.45, 2297.49, 4387.09, 5099.86, 5339.09, 5581.4, 6424.67, 6877.06]",amount_not_seen_in_6_months
GL000873,global services,10924.99,gl,2024-06-27 00:00:00,107,"[941.92, 1496.57, 1838.45, 2297.49, 4387.09, 5099.86, 5339.09, 5581.4, 6424.67, 6877.06]",amount_not_seen_in_6_months
GL000928,xyz,21133.36,gl,2024-06-27 00:00:00,129,"[502.32, 839.89, 1005.8, 1101.89, 1462.42, 1700.92, 1922.67, 2469.18, 4078.89, 4195.33]",amount_not_seen_in_6_months
BANK000760,data systems,44100.36,bank,2024-06-28 00:00:00,47,"[316.45, 1637.88, 2236.14, 2612.5, 2807.98, 3389.0, 3653.67, 5020.47, 5440.12, 6721.72]",amount_not_seen_in_6_months
BANK000809,finance partners,29385.32,bank,2024-06-28 00:00:00,35,"[2371.29, 3463.28, 4494.18, 5494.42, 11603.85, 11683.99, 11801.23, 12218.64, 13714.57, 13736.19]",amount_not_seen_in_6_months
GL000213,xyz,49080.95,gl,2024-06-28 00:00:00,131,"[502.32, 839.89, 1005.8, 1101.89, 1462.42, 1700.92, 1922.67, 2469.18, 4078.89, 4195.33]",amount_not_seen_in_6_months
GL000458,tech solutions,31466.63,gl,2024-06-28 00:00:00,103,"[290.4, 628.33, 2638.88, 2758.2, 2792.87, 3229.76, 3308.71, 3651.87, 3671.57, 4163.17]",amount_not_seen_in_6_months
GL000462,abc,2618.67,gl,2024-06-28 00:00:00,137,"[1692.86, 1815.94, 1865.79, 1945.49, 2671.39, 2686.89, 2958.7, 3141.78, 3553.49, 3890.58]",amount_not_seen_in_6_months
GL000492,ts,30174.64,gl,2024-06-28 00:00:00,13,"[2465.51, 4691.18, 8214.48, 15191.41, 28110.34, 33579.47, 34061.72, 35934.03, 36951.0, 38667.73]",amount_not_seen_in_6_months
GL000727,abc,38747.31,gl,2024-06-28 00:00:00,137,"[1692.86, 1815.94, 1865.79, 1945.49, 2671.39, 2686.89, 2958.7, 3141.78, 3553.49, 3890.58]",amount_not_seen_in_6_months
GL000988,global services,2512.42,gl,2024-06-28 00:00:00,109,"[941.92, 1496.57, 1838.45, 2297.49, 4387.09, 5099.86, 5339.09, 5581.4, 6424.67, 6877.06]",amount_not_seen_in_6_months
BANK000121,tech solutions,394.21,bank,2024-06-29 00:00:00,104,"[290.4, 628.33, 2638.88, 2758.2, 2792.87, 3229.76, 3308.71, 3651.87, 3671.57, 4163.17]",amount_not_seen_in_6_months
BANK000381,cloud services,22411.77,bank,2024-06-29 00:00:00,37,"[3071.84, 5113.21, 7317.63, 7769.8, 8379.55, 8582.18, 9072.81, 10638.39, 13843.17, 15210.74]",amount_not_seen_in_6_months
BANK000423,abc,10835.71,bank,2024-06-29 00:00:00,139,"[1692.86, 1815.94, 1865.79, 1945.49, 2618.67, 2671.39, 2686.89, 2958.7, 3141.78, 3553.49]",amount_not_seen_in_6_months
BANK000532,smith,36665.33,bank,2024-06-29 00:00:00,134,"[503.29, 719.76, 981.66, 1475.88, 1502.68, 2080.6, 2182.3, 2254.69, 2682.11, 2996.11]",amount_not_seen_in_6_months
GL000058,global serv,15665.43,gl,2024-06-29 00:00:00,20,"[1569.37, 2350.01, 2823.72, 8584.32, 10297.71, 10669.81, 11261.41, 16388.95, 21802.1, 22973.22]",amount_not_seen_in_6_months
GL000170,xyz,30076.47,gl,2024-06-29 00:00:00,132,"[502.32, 839.89, 1005.8, 1101.89, 1462.42, 1700.92, 1922.67, 2469.18, 4078.89, 4195.33]",amount_not_seen_in_6_months
BANK000081,business tools,33379.98,bank,2024-06-30 00:00:00,46,"[2386.64, 2725.18, 2924.58, 6938.12, 7831.76, 8216.56, 8757.6, 10437.19, 11288.69, 11320.87]",amount_not_seen_in_6_months
GL000701,abc,31012.33,gl,2024-06-30 00:00:00,140,"[1692.86, 1815.94, 1865.79, 1945.49, 2618.67, 2671.39, 2686.89, 2958.7, 3141.78, 3553.49]",amount_not_seen_in_6_months
GL000939,tech solutions,26968.57,gl,2024-06-30 00:00:00,104,"[290.4, 394.21, 628.33, 2638.88, 2758.2, 2792.87, 3229.76, 3308.71, 3651.87, 3671.57]",amount_not_seen_in_6_months
BANK000714,audit solutions,12486.12,bank,2024-07-01 00:00:00,37,"[508.05, 2506.93, 4114.05, 4193.7, 6180.23, 7004.87, 9179.96, 11452.89, 16621.62, 17074.76]",amount_not_seen_in_6_months
GL000114,abc,36841.72,gl,2024-07-01 00:00:00,141,"[1692.86, 1815.94, 1865.79, 1945.49, 2618.67, 2671.39, 2686.89, 2958.7, 3141.78, 3553.49]",amount_not_seen_in_6_months
GL000299,smith,14977.93,gl,2024-07-01 00:00:00,134,"[503.29, 719.76, 981.66, 1475.88, 1502.68, 2080.6, 2182.3, 2254.69, 2682.11, 2996.11]",amount_not_seen_in_6_months
GL000402,tech solutions,3734.56,gl,2024-07-01 00:00:00,105,"[290.4, 394.21, 628.33, 2638.88, 2758.2, 2792.87, 3229.76, 3308.71, 3651.87, 3671.57]",amount_not_seen_in_6_months
GL000413,abc,38693.76,gl,2024-07-01 00:00:00,141,"[1692.86, 1815.94, 1865.79, 1945.49, 2618.67, 2671.39, 2686.89, 2958.7, 3141.78, 3553.49]",amount_not_seen_in_6_months
GL000628,tech sol,19959.55,gl,2024-07-01 00:00:00,17,"[231.07, 1052.93, 8945.82, 11106.0, 13628.32, 18364.05, 19058.62, 20990.16, 22240.1, 26583.88]",amount_not_seen_in_6_months
GL000830,abc,33435.65,gl,2024-07-01 00:00:00,141,"[1692.86, 1815.94, 1865.79, 1945.49, 2618.67, 2671.39, 2686.89, 2958.7, 3141.78, 3553.49]",amount_not_seen_in_6_months
GL000832,tech solutions,19910.3,gl,2024-07-01 00:00:00,105,"[290.4, 394.21, 628.33, 2638.88, 2758.2, 2792.87, 3229.76, 3308.71, 3651.87, 3671.57]",amount_not_seen_in_6_months
GL001121,ts,36483.67,gl,2024-07-01 00:00:00,14,"[2465.51, 4691.18, 8214.48, 15191.41, 28110.34, 30174.64, 33579.47, 34061.72, 35934.03, 36951.0]",amount_not_seen_in_6_months
BANK000878,cloud services,19049.56,bank,2024-07-02 00:00:00,38,"[3071.84, 5113.21, 7317.63, 7769.8, 8379.55, 8582.18, 9072.81, 10638.39, 13843.17, 15210.74]",amount_not_seen_in_6_months
GL000008,abc,20804.72,gl,2024-07-02 00:00:00,144,"[1692.86, 1815.94, 1865.79, 1945.49, 2618.67, 2671.39, 2686.89, 2958.7, 3141.78, 3553.49]",amount_not_seen_in_6_months
GL000142,tech sol,25300.89,gl,2024-07-02 00:00:00,18,"[231.07, 1052.93, 8945.82, 11106.0, 13628.32, 18364.05, 19058.62, 19959.55, 20990.16, 22240.1]",amount_not_seen_in_6_months
GL000654,abc,32162.19,gl,2024-07-02 00:00:00,144,"[1692.86, 1815.94, 1865.79, 1945.49, 2618.67, 2671.39, 2686.89, 2958.7, 3141.78, 3553.49]",amount_not_seen_in_6_months
GL000869,abc,19599.79,gl,2024-07-02 00:00:00,144,"[1692.86, 1815.94, 1865.79, 1945.49, 2618.67, 2671.39, 2686.89, 2958.7, 3141.78, 3553.49]",amount_not_seen_in_6_months
GL000904,global services,34733.99,gl,2024-07-02 00:00:00,109,"[941.92, 1496.57, 1838.45, 2297.49, 2512.42, 4387.09, 5099.86, 5339.09, 5581.4, 6424.67]",amount_not_seen_in_6_months
BANK000476,digital agency,13151.5,bank,2024-07-03 00:00:00,24,"[1728.73, 2035.25, 5099.88, 5976.27, 7840.56, 12694.28, 13341.84, 14593.59, 17589.01, 20202.25]",amount_not_seen_in_6_months
BANK000647,tech solutions,4757.67,bank,2024-07-03 00:00:00,106,"[290.4, 394.21, 628.33, 2638.88, 2758.2, 2792.87, 3229.76, 3651.87, 3671.57, 3734.56]",amount_not_seen_in_6_months
BANK000684,abc,22814.37,bank,2024-07-03 00:00:00,145,"[1692.86, 1815.94, 1865.79, 1945.49, 2618.67, 2671.39, 2686.89, 2958.7, 3141.78, 3553.49]",amount_not_seen_in_6_months
BANK000869,business tools,42627.21,bank,2024-07-03 00:00:00,47,"[2386.64, 2725.18, 2924.58, 6938.12, 7831.76, 8216.56, 8757.6, 10437.19, 11288.69, 11320.87]",amount_not_seen_in_6_months
GL000292,global svcs,7800.91,gl,2024-07-03 00:00:00,28,"[2652.17, 3471.66, 4025.65, 5345.39, 5916.22, 10773.69, 11991.22, 14816.48, 15224.8, 19792.85]",amount_not_seen_in_6_months
GL000480,global services,43805.69,gl,2024-07-03 00:00:00,108,"[941.92, 1496.57, 1838.45, 2297.49, 2512.42, 4387.09, 5099.86, 5339.09, 5581.4, 6424.67]",amount_not_seen_in_6_months
GL000653,global services,42130.17,gl,2024-07-03 00:00:00,108,"[941.92, 1496.57, 1838.45, 2297.49, 2512.42, 4387.09, 5099.86, 5339.09, 5581.4, 6424.67]",amount_not_seen_in_6_months
GL001021,global services,47283.56,gl,2024-07-03 00:00:00,108,"[941.92, 1496.57, 1838.45, 2297.49, 2512.42, 4387.09, 5099.86, 5339.09, 5581.4, 6424.67]",amount_not_seen_in_6_months
BANK000011,cloud services,30964.14,bank,2024-07-04 00:00:00,39,"[3071.84, 5113.21, 7317.63, 7769.8, 8379.55, 8582.18, 9072.81, 10638.39, 13843.17, 15210.74]",amount_not_seen_in_6_months
BANK000034,business tools,1071.89,bank,2024-07-04 00:00:00,48,"[2386.64, 2725.18, 2924.58, 6938.12, 7831.76, 8216.56, 8757.6, 10437.19, 11288.69, 11320.87]",amount_not_seen_in_6_months
BANK000306,xyz,41618.09,bank,2024-07-04 00:00:00,130,"[502.32, 839.89, 1005.8, 1101.89, 1462.42, 1700.92, 1922.67, 2469.18, 4078.89, 4195.33]",amount_not_seen_in_6_months
BANK000335,tech solutions,18155.22,bank,2024-07-04 00:00:00,107,"[290.4, 394.21, 628.33, 2638.88, 2758.2, 2792.87, 3229.76, 3651.87, 3671.57, 3734.56]",amount_not_seen_in_6_months
BANK000395,data systems,8787.14,bank,2024-07-04 00:00:00,46,"[316.45, 1637.88, 2236.14, 2612.5, 2807.98, 3389.0, 3653.67, 5020.47, 5440.12, 6721.72]",amount_not_seen_in_6_months
GL000078,global services,49417.19,gl,2024-07-04 00:00:00,110,"[941.92, 1496.57, 1838.45, 2297.49, 2512.42, 4387.09, 5099.86, 5339.09, 5581.4, 6424.67]",amount_not_seen_in_6_months
GL000678,tech solutions,7243.84,gl,2024-07-04 00:00:00,107,"[290.4, 394.21, 628.33, 2638.88, 2758.2, 2792.87, 3229.76, 3651.87, 3671.57, 3734.56]",amount_not_seen_in_6_months
GL000167,tech solutions,11717.91,gl,2024-07-05 00:00:00,109,"[290.4, 394.21, 628.33, 2638.88, 2758.2, 2792.87, 3229.76, 3651.87, 3671.57, 3734.56]",amount_not_seen_in_6_months
GL000884,xyz,11201.85,gl,2024-07-05 00:00:00,131,"[502.32, 839.89, 1005.8, 1101.89, 1462.42, 1700.92, 1922.67, 2469.18, 4078.89, 4195.33]",amount_not_seen_in_6_months
BANK000237,data systems,43835.38,bank,2024-07-06 00:00:00,47,"[316.45, 1637.88, 2236.14, 2612.5, 2807.98, 3389.0, 3653.67, 5020.47, 5440.12, 6721.72]",amount_not_seen_in_6_months
BANK000431,business tools,27935.81,bank,2024-07-06 00:00:00,48,"[1071.89, 2386.64, 2725.18, 2924.58, 6938.12, 7831.76, 8216.56, 8757.6, 10437.19, 11288.69]",amount_not_seen_in_6_months
GL000957,global serv,46052.21,gl,2024-07-06 00:00:00,21,"[1569.37, 2350.01, 2823.72, 8584.32, 10297.71, 10669.81, 11261.41, 15665.43, 16388.95, 21802.1]",amount_not_seen_in_6_months
GL001200,global services,4793.34,gl,2024-07-06 00:00:00,110,"[941.92, 1496.57, 1838.45, 2512.42, 4387.09, 5099.86, 5339.09, 5581.4, 6424.67, 6877.06]",amount_not_seen_in_6_months
BANK000397,consulting group,27745.67,bank,2024-07-07 00:00:00,34,"[359.24, 429.22, 1393.08, 2381.35, 6801.86, 7100.8, 7703.88, 9138.68, 13866.48, 14207.07]",amount_not_seen_in_6_months
GL000503,ts,32876.78,gl,2024-07-07 00:00:00,15,"[2465.51, 4691.18, 8214.48, 15191.41, 28110.34, 30174.64, 33579.47, 34061.72, 35934.03, 36483.67]",amount_not_seen_in_6_months
GL000642,abc,48873.12,gl,2024-07-07 00:00:00,145,"[1692.86, 1815.94, 1865.79, 1945.49, 2618.67, 2671.39, 2686.89, 2958.7, 3141.78, 3553.49]",amount_not_seen_in_6_months
GL000774,global services,27177.0,gl,2024-07-07 00:00:00,110,"[941.92, 1496.57, 1838.45, 2512.42, 4387.09, 4793.34, 5099.86, 5339.09, 5581.4, 6424.67]",amount_not_seen_in_6_months
GL000802,global services,24176.61,gl,2024-07-07 00:00:00,110,"[941.92, 1496.57, 1838.45, 2512.42, 4387.09, 4793.34, 5099.86, 5339.09, 5581.4, 6424.67]",amount_not_seen_in_6_months
GL001000,smith,42778.77,gl,2024-07-07 00:00:00,129,"[503.29, 719.76, 981.66, 1475.88, 1502.68, 2182.3, 2254.69, 2682.11, 2996.11, 3100.0]",amount_not_seen_in_6_months
GL001019,x y z,28334.9,gl,2024-07-07 00:00:00,17,"[362.04, 4153.37, 6864.57, 8998.95, 9367.05, 10738.87, 12342.19, 13638.0, 14474.45, 20512.0]",amount_not_seen_in_6_months
GL001161,abc,34084.74,gl,2024-07-07 00:00:00,145,"[1692.86, 1815.94, 1865.79, 1945.49, 2618.67, 2671.39, 2686.89, 2958.7, 3141.78, 3553.49]",amount_not_seen_in_6_months
BANK000776,smith,44286.09,bank,2024-07-08 00:00:00,130,"[503.29, 719.76, 981.66, 1475.88, 1502.68, 2182.3, 2254.69, 2682.11, 2996.11, 3100.0]",amount_not_seen_in_6_months
GL000238,tech solutions,31006.85,gl,2024-07-08 00:00:00,108,"[290.4, 394.21, 628.33, 2638.88, 2758.2, 2792.87, 3229.76, 3651.87, 3671.57, 3734.56]",amount_not_seen_in_6_months
GL000705,abc,25937.09,gl,2024-07-08 00:00:00,147,"[1692.86, 1815.94, 1865.79, 1945.49, 2618.67, 2671.39, 2686.89, 2958.7, 3141.78, 3553.49]",amount_not_seen_in_6_months
GL000999,ts,18862.79,gl,2024-07-08 00:00:00,16,"[2465.51, 4691.18, 8214.48, 15191.41, 28110.34, 30174.64, 32876.78, 33579.47, 34061.72, 35934.03]",amount_not_seen_in_6_months
BANK000326,tech solutions,8021.44,bank,2024-07-09 00:00:00,108,"[290.4, 394.21, 628.33, 2638.88, 2758.2, 2792.87, 3229.76, 3651.87, 3671.57, 3734.56]",amount_not_seen_in_6_months
BANK000797,abc,46049.67,bank,2024-07-09 00:00:00,146,"[1692.86, 1815.94, 1865.79, 1945.49, 2618.67, 2671.39, 2686.89, 2958.7, 3141.78, 3553.49]",amount_not_seen_in_6_months
GL000679,abc,10608.95,gl,2024-07-09 00:00:00,146,"[1692.86, 1815.94, 1865.79, 1945.49, 2618.67, 2671.39, 2686.89, 2958.7, 3141.78, 3553.49]",amount_not_seen_in_6_months
GL000726,xyz,14322.48,gl,2024-07-09 00:00:00,126,"[502.32, 839.89, 1005.8, 1101.89, 1462.42, 1700.92, 1922.67, 2469.18, 4078.89, 4195.33]",amount_not_seen_in_6_months
BANK000365,tech solutions,19405.38,bank,2024-07-10 00:00:00,109,"[290.4, 394.21, 628.33, 2638.88, 2758.2, 2792.87, 3229.76, 3651.87, 3671.57, 3734.56]",amount_not_seen_in_6_months
BANK000844,abc,26735.75,bank,2024-07-10 00:00:00,148,"[1692.86, 1815.94, 1865.79, 1945.49, 2618.67, 2671.39, 2686.89, 2958.7, 3141.78, 3553.49]",amount_not_seen_in_6_months
BANK000946,data systems,41123.24,bank,2024-07-10 00:00:00,47,"[316.45, 1637.88, 2236.14, 2612.5, 2807.98, 3389.0, 3653.67, 5020.47, 5440.12, 6721.72]",amount_not_seen_in_6_months
GL000688,ts,11651.17,gl,2024-07-10 00:00:00,17,"[2465.51, 4691.18, 8214.48, 15191.41, 18862.79, 28110.34, 30174.64, 32876.78, 33579.47, 34061.72]",amount_not_seen_in_6_months
BANK000339,smith,6639.35,bank,2024-07-11 00:00:00,130,"[503.29, 719.76, 981.66, 1475.88, 1502.68, 2182.3, 2254.69, 2682.11, 2996.11, 3100.0]",amount_not_seen_in_6_months
BANK000764,smith,8588.25,bank,2024-07-11 00:00:00,130,"[503.29, 719.76, 981.66, 1475.88, 1502.68, 2182.3, 2254.69, 2682.11, 2996.11, 3100.0]",amount_not_seen_in_6_months
BANK000816,finance partners,13841.39,bank,2024-07-11 00:00:00,35,"[2371.29, 3463.28, 4494.18, 5494.42, 11603.85, 11683.99, 11801.23, 12218.64, 13714.57, 13736.19]",amount_not_seen_in_6_months
BANK000996,global services,25881.48,bank,2024-07-11 00:00:00,111,"[941.92, 1496.57, 1838.45, 2512.42, 4387.09, 4793.34, 5099.86, 5339.09, 5581.4, 6424.67]",amount_not_seen_in_6_months
GL000089,smith,33294.2,gl,2024-07-11 00:00:00,130,"[503.29, 719.76, 981.66, 1475.88, 1502.68, 2182.3, 2254.69, 2682.11, 2996.11, 3100.0]",amount_not_seen_in_6_months
GL000200,abc,32843.02,gl,2024-07-11 00:00:00,149,"[1692.86, 1815.94, 1865.79, 1945.49, 2618.67, 2671.39, 2686.89, 2958.7, 3141.78, 3553.49]",amount_not_seen_in_6_months
GL000350,tech solutions,41116.0,gl,2024-07-11 00:00:00,107,"[290.4, 394.21, 628.33, 2638.88, 2758.2, 2792.87, 3229.76, 3651.87, 3671.57, 3734.56]",amount_not_seen_in_6_months
GL000561,x y z,24200.8,gl,2024-07-11 00:00:00,18,"[362.04, 4153.37, 6864.57, 8998.95, 9367.05, 10738.87, 12342.19, 13638.0, 14474.45, 20512.0]",amount_not_seen_in_6_months
GL000671,abc,27124.83,gl,2024-07-11 00:00:00,149,"[1692.86, 1815.94, 1865.79, 1945.49, 2618.67, 2671.39, 2686.89, 2958.7, 3141.78, 3553.49]",amount_not_seen_in_6_months
BANK000010,xyz,48658.48,bank,2024-07-12 00:00:00,126,"[502.32, 839.89, 1005.8, 1101.89, 1462.42, 1700.92, 1922.67, 2469.18, 4078.89, 4195.33]",amount_not_seen_in_6_months
BANK000495,audit solutions,22482.0,bank,2024-07-12 00:00:00,38,"[508.05, 2506.93, 4114.05, 4193.7, 6180.23, 7004.87, 9179.96, 11452.89, 12486.12, 16621.62]",amount_not_seen_in_6_months
BANK000517,software house,2671.68,bank,2024-07-12 00:00:00,36,"[418.55, 1227.0, 1716.03, 1787.81, 5219.64, 5557.53, 6942.75, 7062.94, 7082.48, 7123.78]",amount_not_seen_in_6_months
BANK000995,finance partners,18895.31,bank,2024-07-12 00:00:00,36,"[2371.29, 3463.28, 4494.18, 5494.42, 11603.85, 11683.99, 11801.23, 12218.64, 13714.57, 13736.19]",amount_not_seen_in_6_months
GL000073,a b c,3949.0,gl,2024-07-12 00:00:00,16,"[147.68, 4041.61, 5583.67, 8274.66, 21619.5, 22755.35, 24146.83, 28196.76, 29417.0, 30533.22]",amount_not_seen_in_6_months
GL000178,global services,14355.92,gl,2024-07-12 00:00:00,111,"[941.92, 1496.57, 1838.45, 2512.42, 4387.09, 4793.34, 5099.86, 5339.09, 5581.4, 6424.67]",amount_not_seen_in_6_months
GL000204,smith,43294.36,gl,2024-07-12 00:00:00,132,"[503.29, 719.76, 981.66, 1475.88, 1502.68, 2182.3, 2254.69, 2682.11, 2996.11, 3100.0]",amount_not_seen_in_6_months
GL000348,xyz,14922.74,gl,2024-07-12 00:00:00,126,"[502.32, 839.89, 1005.8, 1101.89, 1462.42, 1700.92, 1922.67, 2469.18, 4078.89, 4195.33]",amount_not_seen_in_6_months
GL000401,smith and,41221.43,gl,2024-07-12 00:00:00,12,"[1447.0, 2023.74, 11790.62, 22677.32, 26795.0, 27541.69, 32784.5, 38751.34, 39397.09, 42156.71]",amount_not_seen_in_6_months
GL000534,xyz,48970.83,gl,2024-07-12 00:00:00,126,"[502.32, 839.89, 1005.8, 1101.89, 1462.42, 1700.92, 1922.67, 2469.18, 4078.89, 4195.33]",amount_not_seen_in_6_months
GL000730,global services,26756.78,gl,2024-07-12 00:00:00,111,"[941.92, 1496.57, 1838.45, 2512.42, 4387.09, 4793.34, 5099.86, 5339.09, 5581.4, 6424.67]",amount_not_seen_in_6_months
GL000827,global services,47020.24,gl,2024-07-12 00:00:00,111,"[941.92, 1496.57, 1838.45, 2512.42, 4387.09, 4793.34, 5099.86, 5339.09, 5581.4, 6424.67]",amount_not_seen_in_6_months
GL000868,abc,12077.84,gl,2024-07-12 00:00:00,151,"[1692.86, 1815.94, 1865.79, 1945.49, 2618.67, 2671.39, 2686.89, 2958.7, 3141.78, 3553.49]",amount_not_seen_in_6_months
GL000941,xyz,2691.94,gl,2024-07-12 00:00:00,126,"[502.32, 839.89, 1005.8, 1101.89, 1462.42, 1700.92, 1922.67, 2469.18, 4078.89, 4195.33]",amount_not_seen_in_6_months
GL001123,a b c,15300.33,gl,2024-07-12 00:00:00,16,"[147.68, 4041.61, 5583.67, 8274.66, 21619.5, 22755.35, 24146.83, 28196.76, 29417.0, 30533.22]",amount_not_seen_in_6_months
BANK000008,xyz,5200.29,bank,2024-07-13 00:00:00,129,"[502.32, 839.89, 1005.8, 1101.89, 1462.42, 1700.92, 1922.67, 2469.18, 2691.94, 4078.89]",amount_not_seen_in_6_months
BANK000300,data systems,8867.17,bank,2024-07-13 00:00:00,48,"[316.45, 1637.88, 2236.14, 2612.5, 2807.98, 3389.0, 3653.67, 5020.47, 5440.12, 6721.72]",amount_not_seen_in_6_months
BANK000499,global services,21263.99,bank,2024-07-13 00:00:00,113,"[941.92, 1496.57, 1838.45, 2512.42, 4387.09, 4793.34, 5099.86, 5339.09, 5581.4, 6424.67]",amount_not_seen_in_6_months
BANK000575,business tools,42096.51,bank,2024-07-13 00:00:00,47,"[1071.89, 2386.64, 2725.18, 2924.58, 6938.12, 7831.76, 8216.56, 8757.6, 10437.19, 11288.69]",amount_not_seen_in_6_months
GL000077,smith and,35515.88,gl,2024-07-13 00:00:00,13,"[1447.0, 2023.74, 11790.62, 22677.32, 26795.0, 27541.69, 32784.5, 38751.34, 39397.09, 41221.43]",amount_not_seen_in_6_months
GL000449,xyz,3493.03,gl,2024-07-13 00:00:00,129,"[502.32, 839.89, 1005.8, 1101.89, 1462.42, 1700.92, 1922.67, 2469.18, 2691.94, 4078.89]",amount_not_seen_in_6_months
GL001010,smith,2710.48,gl,2024-07-13 00:00:00,132,"[503.29, 719.76, 981.66, 1475.88, 1502.68, 2182.3, 2254.69, 2682.11, 2996.11, 3100.0]",amount_not_seen_in_6_months
BANK000208,audit solutions,35290.87,bank,2024-07-14 00:00:00,39,"[508.05, 2506.93, 4114.05, 4193.7, 6180.23, 7004.87, 9179.96, 11452.89, 12486.12, 16621.62]",amount_not_seen_in_6_months
BANK000920,smith,5412.88,bank,2024-07-14 00:00:00,131,"[503.29, 719.76, 981.66, 1475.88, 1502.68, 2182.3, 2254.69, 2682.11, 2710.48, 2996.11]",amount_not_seen_in_6_months
GL000122,smith,41360.77,gl,2024-07-14 00:00:00,131,"[503.29, 719.76, 981.66, 1475.88, 1502.68, 2182.3, 2254.69, 2682.11, 2710.48, 2996.11]",amount_not_seen_in_6_months
GL000390,global services,19068.28,gl,2024-07-14 00:00:00,114,"[941.92, 1496.57, 1838.45, 2512.42, 4387.09, 4793.34, 5099.86, 5339.09, 5581.4, 6424.67]",amount_not_seen_in_6_months
GL000769,a b c,13900.37,gl,2024-07-14 00:00:00,18,"[147.68, 3949.0, 4041.61, 5583.67, 8274.66, 15300.33, 21619.5, 22755.35, 24146.83, 28196.76]",amount_not_seen_in_6_months
GL000852,ts,13595.68,gl,2024-07-14 00:00:00,18,"[2465.51, 4691.18, 8214.48, 11651.17, 15191.41, 18862.79, 28110.34, 30174.64, 32876.78, 33579.47]",amount_not_seen_in_6_months
GL001084,tech solutions,34842.21,gl,2024-07-14 00:00:00,108,"[290.4, 394.21, 628.33, 2638.88, 2758.2, 2792.87, 3229.76, 3651.87, 3671.57, 3734.56]",amount_not_seen_in_6_months
BANK000419,cloud services,14581.58,bank,2024-07-15 00:00:00,39,"[3071.84, 5113.21, 7317.63, 7769.8, 8379.55, 8582.18, 9072.81, 13843.17, 15210.74, 17605.69]",amount_not_seen_in_6_months
BANK000474,global services,440.82,bank,2024-07-15 00:00:00,115,"[941.92, 1496.57, 1838.45, 2512.42, 4387.09, 4793.34, 5099.86, 5339.09, 5581.4, 6424.67]",amount_not_seen_in_6_months
GL000240,smith,49944.13,gl,2024-07-15 00:00:00,133,"[503.29, 719.76, 981.66, 1475.88, 1502.68, 2182.3, 2254.69, 2682.11, 2710.48, 2996.11]",amount_not_seen_in_6_months
GL000408,smith,32523.79,gl,2024-07-15 00:00:00,133,"[503.29, 719.76, 981.66, 1475.88, 1502.68, 2182.3, 2254.69, 2682.11, 2710.48, 2996.11]",amount_not_seen_in_6_months
GL000801,global services,6659.05,gl,2024-07-15 00:00:00,115,"[941.92, 1496.57, 1838.45, 2512.42, 4387.09, 4793.34, 5099.86, 5339.09, 5581.4, 6424.67]",amount_not_seen_in_6_months
BANK000026,audit solutions,29860.81,bank,2024-07-16 00:00:00,40,"[508.05, 2506.93, 4114.05, 4193.7, 6180.23, 7004.87, 9179.96, 11452.89, 12486.12, 16621.62]",amount_not_seen_in_6_months
GL000349,xyz,33614.96,gl,2024-07-16 00:00:00,123,"[502.32, 839.89, 1005.8, 1101.89, 1700.92, 1922.67, 2469.18, 2691.94, 3493.03, 4078.89]",amount_not_seen_in_6_months
GL000430,smith and,19488.96,gl,2024-07-16 00:00:00,13,"[1447.0, 2023.74, 11790.62, 22677.32, 27541.69, 32784.5, 35515.88, 38751.34, 39397.09, 41221.43]",amount_not_seen_in_6_months
GL000563,xyz,9573.53,gl,2024-07-16 00:00:00,123,"[502.32, 839.89, 1005.8, 1101.89, 1700.92, 1922.67, 2469.18, 2691.94, 3493.03, 4078.89]",amount_not_seen_in_6_months
GL000674,xyz,33597.13,gl,2024-07-16 00:00:00,123,"[502.32, 839.89, 1005.8, 1101.89, 1700.92, 1922.67, 2469.18, 2691.94, 3493.03, 4078.89]",amount_not_seen_in_6_months
BANK000736,finance partners,28827.04,bank,2024-07-17 00:00:00,36,"[2371.29, 4494.18, 5494.42, 11603.85, 11683.99, 11801.23, 12218.64, 13714.57, 13736.19, 13841.39]",amount_not_seen_in_6_months
GL000756,ts,33749.28,gl,2024-07-17 00:00:00,19,"[2465.51, 4691.18, 8214.48, 11651.17, 13595.68, 15191.41, 18862.79, 28110.34, 30174.64, 32876.78]",amount_not_seen_in_6_months
GL000784,abc,3956.23,gl,2024-07-17 00:00:00,148,"[1692.86, 1865.79, 1945.49, 2618.67, 2671.39, 2686.89, 2958.7, 3141.78, 3553.49, 3890.58]",amount_not_seen_in_6_months
GL001039,xyz,9443.81,gl,2024-07-17 00:00:00,126,"[502.32, 839.89, 1005.8, 1101.89, 1700.92, 1922.67, 2469.18, 2691.94, 3493.03, 4078.89]",amount_not_seen_in_6_months
BANK000364,consulting group,27752.18,bank,2024-07-18 00:00:00,34,"[359.24, 429.22, 1393.08, 2381.35, 6801.86, 7100.8, 7703.88, 9138.68, 13866.48, 14207.07]",amount_not_seen_in_6_months
BANK000554,software house,41749.06,bank,2024-07-18 00:00:00,36,"[418.55, 1227.0, 1716.03, 1787.81, 2671.68, 5219.64, 5557.53, 6942.75, 7062.94, 7123.78]",amount_not_seen_in_6_months
BANK000563,finance partners,7798.42,bank,2024-07-18 00:00:00,37,"[2371.29, 4494.18, 5494.42, 11603.85, 11683.99, 11801.23, 12218.64, 13714.57, 13736.19, 13841.39]",amount_not_seen_in_6_months
GL000013,global serv,49008.29,gl,2024-07-18 00:00:00,19,"[1569.37, 2350.01, 2823.72, 10297.71, 10669.81, 11261.41, 15665.43, 16388.95, 21802.1, 22973.22]",amount_not_seen_in_6_months
GL000146,global serv,45207.77,gl,2024-07-18 00:00:00,19,"[1569.37, 2350.01, 2823.72, 10297.71, 10669.81, 11261.41, 15665.43, 16388.95, 21802.1, 22973.22]",amount_not_seen_in_6_months
GL000202,abc,18209.22,gl,2024-07-18 00:00:00,148,"[1692.86, 1865.79, 1945.49, 2618.67, 2671.39, 2686.89, 2958.7, 3141.78, 3553.49, 3890.58]",amount_not_seen_in_6_months
GL000565,abc,4584.87,gl,2024-07-18 00:00:00,148,"[1692.86, 1865.79, 1945.49, 2618.67, 2671.39, 2686.89, 2958.7, 3141.78, 3553.49, 3890.58]",amount_not_seen_in_6_months
GL000666,smith,35400.06,gl,2024-07-18 00:00:00,133,"[503.29, 719.76, 981.66, 1475.88, 1502.68, 2182.3, 2254.69, 2682.11, 2710.48, 2996.11]",amount_not_seen_in_6_months
GL000772,tech solutions,1317.04,gl,2024-07-18 00:00:00,109,"[290.4, 394.21, 628.33, 2638.88, 2758.2, 2792.87, 3229.76, 3651.87, 3671.57, 3734.56]",amount_not_seen_in_6_months
GL000331,xyz,13078.0,gl,2024-07-19 00:00:00,124,"[502.32, 839.89, 1005.8, 1101.89, 1700.92, 1922.67, 2469.18, 2691.94, 3493.03, 4078.89]",amount_not_seen_in_6_months
GL000791,smith,13069.47,gl,2024-07-19 00:00:00,132,"[503.29, 719.76, 981.66, 1475.88, 1502.68, 2182.3, 2254.69, 2682.11, 2710.48, 2996.11]",amount_not_seen_in_6_months
BANK000430,finance partners,48756.63,bank,2024-07-20 00:00:00,37,"[2371.29, 4494.18, 5494.42, 7798.42, 11603.85, 11683.99, 11801.23, 12218.64, 13714.57, 13736.19]",amount_not_seen_in_6_months
BANK000435,cloud services,15994.65,bank,2024-07-20 00:00:00,40,"[3071.84, 5113.21, 7317.63, 7769.8, 8379.55, 8582.18, 9072.81, 13843.17, 14581.58, 15210.74]",amount_not_seen_in_6_months
BANK000580,finance partners,14086.98,bank,2024-07-20 00:00:00,37,"[2371.29, 4494.18, 5494.42, 7798.42, 11603.85, 11683.99, 11801.23, 12218.64, 13714.57, 13736.19]",amount_not_seen_in_6_months
BANK000704,xyz,6762.34,bank,2024-07-20 00:00:00,124,"[502.32, 839.89, 1005.8, 1101.89, 1700.92, 1922.67, 2469.18, 2691.94, 3493.03, 4078.89]",amount_not_seen_in_6_months
BANK000706,digital agency,46309.49,bank,2024-07-20 00:00:00,21,"[1728.73, 2035.25, 5099.88, 5976.27, 7840.56, 12694.28, 13151.5, 13341.84, 14593.59, 17589.01]",amount_not_seen_in_6_months
BANK000902,global services,9458.42,bank,2024-07-20 00:00:00,115,"[440.82, 941.92, 1496.57, 1838.45, 2512.42, 4793.34, 5099.86, 5339.09, 5581.4, 6424.67]",amount_not_seen_in_6_months
BANK000965,data systems,28678.66,bank,2024-07-20 00:00:00,48,"[316.45, 1637.88, 2236.14, 2612.5, 2807.98, 3389.0, 3653.67, 5020.47, 5440.12, 6721.72]",amount_not_seen_in_6_months
GL000327,global serv,5548.64,gl,2024-07-20 00:00:00,21,"[1569.37, 2350.01, 2823.72, 10297.71, 10669.81, 11261.41, 15665.43, 16388.95, 21802.1, 22973.22]",amount_not_seen_in_6_months
GL000329,x y z,39525.63,gl,2024-07-20 00:00:00,19,"[362.04, 4153.37, 6864.57, 8998.95, 9367.05, 10738.87, 12342.19, 13638.0, 14474.45, 20512.0]",amount_not_seen_in_6_months
GL000479,xyz,8727.81,gl,2024-07-20 00:00:00,124,"[502.32, 839.89, 1005.8, 1101.89, 1700.92, 1922.67, 2469.18, 2691.94, 3493.03, 4078.89]",amount_not_seen_in_6_months
GL001009,abc,34895.0,gl,2024-07-20 00:00:00,148,"[1692.86, 1865.79, 1945.49, 2618.67, 2671.39, 2686.89, 2958.7, 3141.78, 3553.49, 3890.58]",amount_not_seen_in_6_months
BANK000229,tech solutions,41518.87,bank,2024-07-21 00:00:00,108,"[290.4, 394.21, 628.33, 1317.04, 2638.88, 2758.2, 2792.87, 3229.76, 3651.87, 3671.57]",amount_not_seen_in_6_months
BANK000453,finance partners,27205.22,bank,2024-07-21 00:00:00,39,"[2371.29, 4494.18, 5494.42, 7798.42, 11603.85, 11683.99, 11801.23, 12218.64, 13714.57, 13736.19]",amount_not_seen_in_6_months
BANK000490,tech solutions,36191.68,bank,2024-07-21 00:00:00,108,"[290.4, 394.21, 628.33, 1317.04, 2638.88, 2758.2, 2792.87, 3229.76, 3651.87, 3671.57]",amount_not_seen_in_6_months
BANK000723,consulting group,21714.5,bank,2024-07-21 00:00:00,34,"[359.24, 429.22, 1393.08, 2381.35, 6801.86, 7100.8, 7703.88, 9138.68, 13866.48, 14207.07]",amount_not_seen_in_6_months
GL000145,smith and,4578.24,gl,2024-07-21 00:00:00,14,"[1447.0, 2023.74, 11790.62, 19488.96, 22677.32, 27541.69, 32784.5, 35515.88, 38751.34, 39397.09]",amount_not_seen_in_6_months
GL000283,global services,15954.18,gl,2024-07-21 00:00:00,116,"[440.82, 941.92, 1496.57, 1838.45, 2512.42, 4793.34, 5099.86, 5339.09, 5581.4, 6424.67]",amount_not_seen_in_6_months
GL000899,abc,34727.88,gl,2024-07-21 00:00:00,149,"[1692.86, 1865.79, 1945.49, 2618.67, 2671.39, 2686.89, 2958.7, 3141.78, 3553.49, 3890.58]",amount_not_seen_in_6_months
GL001138,a b c,27006.7,gl,2024-07-21 00:00:00,19,"[147.68, 3949.0, 4041.61, 5583.67, 8274.66, 13900.37, 15300.33, 21619.5, 22755.35, 24146.83]",amount_not_seen_in_6_months
BANK000558,business tools,47747.43,bank,2024-07-22 00:00:00,47,"[1071.89, 2386.64, 2725.18, 2924.58, 6938.12, 7831.76, 8216.56, 8757.6, 10437.19, 11288.69]",amount_not_seen_in_6_months
BANK000774,consulting group,15486.83,bank,2024-07-22 00:00:00,35,"[359.24, 429.22, 1393.08, 2381.35, 6801.86, 7100.8, 7703.88, 9138.68, 13866.48, 14207.07]",amount_not_seen_in_6_months
GL000254,tech solutions,15241.52,gl,2024-07-22 00:00:00,109,"[290.4, 394.21, 628.33, 1317.04, 2638.88, 2758.2, 2792.87, 3229.76, 3651.87, 3671.57]",amount_not_seen_in_6_months
GL001037,smith and,42604.31,gl,2024-07-22 00:00:00,15,"[1447.0, 2023.74, 4578.24, 11790.62, 19488.96, 22677.32, 27541.69, 32784.5, 35515.88, 38751.34]",amount_not_seen_in_6_months
BANK000039,software house,35676.15,bank,2024-07-23 00:00:00,37,"[418.55, 1227.0, 1716.03, 1787.81, 2671.68, 5219.64, 5557.53, 6942.75, 7062.94, 7123.78]",amount_not_seen_in_6_months
GL000090,smith,45762.33,gl,2024-07-23 00:00:00,131,"[503.29, 719.76, 981.66, 1475.88, 1502.68, 2182.3, 2254.69, 2682.11, 2710.48, 2996.11]",amount_not_seen_in_6_months
GL000750,smith,3733.19,gl,2024-07-23 00:00:00,131,"[503.29, 719.76, 981.66, 1475.88, 1502.68, 2182.3, 2254.69, 2682.11, 2710.48, 2996.11]",amount_not_seen_in_6_months
BANK000054,abc,10765.99,bank,2024-07-24 00:00:00,150,"[1692.86, 1865.79, 1945.49, 2618.67, 2671.39, 2686.89, 2958.7, 3141.78, 3553.49, 3890.58]",amount_not_seen_in_6_months
BANK000189,business tools,14482.07,bank,2024-07-24 00:00:00,48,"[1071.89, 2386.64, 2725.18, 2924.58, 6938.12, 7831.76, 8216.56, 8757.6, 10437.19, 11288.69]",amount_not_seen_in_6_months
BANK000672,xyz,21236.4,bank,2024-07-24 00:00:00,124,"[502.32, 839.89, 1005.8, 1101.89, 1700.92, 1922.67, 2469.18, 2691.94, 3493.03, 4078.89]",amount_not_seen_in_6_months
GL000160,global services,41561.46,gl,2024-07-24 00:00:00,116,"[440.82, 941.92, 1496.57, 1838.45, 2512.42, 4793.34, 5099.86, 5339.09, 5581.4, 6424.67]",amount_not_seen_in_6_months
GL000379,smith,19232.57,gl,2024-07-24 00:00:00,132,"[503.29, 719.76, 981.66, 1475.88, 1502.68, 2182.3, 2254.69, 2682.11, 2710.48, 2996.11]",amount_not_seen_in_6_months
GL000476,smith,47548.36,gl,2024-07-24 00:00:00,132,"[503.29, 719.76, 981.66, 1475.88, 1502.68, 2182.3, 2254.69, 2682.11, 2710.48, 2996.11]",amount_not_seen_in_6_months
GL000636,global services,19585.32,gl,2024-07-24 00:00:00,116,"[440.82, 941.92, 1496.57, 1838.45, 2512.42, 4793.34, 5099.86, 5339.09, 5581.4, 6424.67]",amount_not_seen_in_6_months
GL000661,abc,3546.74,gl,2024-07-24 00:00:00,150,"[1692.86, 1865.79, 1945.49, 2618.67, 2671.39, 2686.89, 2958.7, 3141.78, 3553.49, 3890.58]",amount_not_seen_in_6_months
GL000797,smith,14024.72,gl,2024-07-24 00:00:00,132,"[503.29, 719.76, 981.66, 1475.88, 1502.68, 2182.3, 2254.69, 2682.11, 2710.48, 2996.11]",amount_not_seen_in_6_months
BANK000061,xyz,43104.78,bank,2024-07-25 00:00:00,124,"[502.32, 839.89, 1005.8, 1101.89, 1700.92, 1922.67, 2469.18, 2691.94, 3493.03, 4078.89]",amount_not_seen_in_6_months
BANK000426,finance partners,36402.65,bank,2024-07-25 00:00:00,40,"[2371.29, 4494.18, 5494.42, 7798.42, 11603.85, 11683.99, 11801.23, 12218.64, 13714.57, 13736.19]",amount_not_seen_in_6_months
BANK000851,abc,47409.41,bank,2024-07-25 00:00:00,152,"[1692.86, 1865.79, 1945.49, 2618.67, 2671.39, 2686.89, 2958.7, 3141.78, 3546.74, 3553.49]",amount_not_seen_in_6_months
GL000193,abc,14798.87,gl,2024-07-25 00:00:00,152,"[1692.86, 1865.79, 1945.49, 2618.67, 2671.39, 2686.89, 2958.7, 3141.78, 3546.74, 3553.49]",amount_not_seen_in_6_months
GL000224,smith,22064.95,gl,2024-07-25 00:00:00,135,"[503.29, 719.76, 981.66, 1475.88, 1502.68, 2182.3, 2254.69, 2682.11, 2710.48, 2996.11]",amount_not_seen_in_6_months
GL000396,global services,2451.33,gl,2024-07-25 00:00:00,117,"[440.82, 941.92, 1496.57, 1838.45, 2512.42, 4793.34, 5099.86, 5339.09, 5581.4, 6424.67]",amount_not_seen_in_6_months
GL000472,xyz,24409.83,gl,2024-07-25 00:00:00,124,"[502.32, 839.89, 1005.8, 1101.89, 1700.92, 1922.67, 2469.18, 2691.94, 3493.03, 4078.89]",amount_not_seen_in_6_months
GL000633,global services,12139.54,gl,2024-07-25 00:00:00,117,"[440.82, 941.92, 1496.57, 1838.45, 2512.42, 4793.34, 5099.86, 5339.09, 5581.4, 6424.67]",amount_not_seen_in_6_months
GL000792,abc,23670.26,gl,2024-07-25 00:00:00,152,"[1692.86, 1865.79, 1945.49, 2618.67, 2671.39, 2686.89, 2958.7, 3141.78, 3546.74, 3553.49]",amount_not_seen_in_6_months
GL001096,xyz,20261.04,gl,2024-07-25 00:00:00,124,"[502.32, 839.89, 1005.8, 1101.89, 1700.92, 1922.67, 2469.18, 2691.94, 3493.03, 4078.89]",amount_not_seen_in_6_months
BANK000543,consulting group,4043.06,bank,2024-07-26 00:00:00,36,"[359.24, 429.22, 1393.08, 2381.35, 6801.86, 7100.8, 7703.88, 9138.68, 13866.48, 14207.07]",amount_not_seen_in_6_months
GL000242,x y z,48386.75,gl,2024-07-26 00:00:00,19,"[4153.37, 6864.57, 8998.95, 9367.05, 10738.87, 12342.19, 13638.0, 14474.45, 20512.0, 22967.33]",amount_not_seen_in_6_months
GL000345,global services,12697.8,gl,2024-07-26 00:00:00,118,"[440.82, 941.92, 1496.57, 1838.45, 2451.33, 2512.42, 4793.34, 5099.86, 5339.09, 5581.4]",amount_not_seen_in_6_months
GL000560,global services,2846.39,gl,2024-07-26 00:00:00,118,"[440.82, 941.92, 1496.57, 1838.45, 2451.33, 2512.42, 4793.34, 5099.86, 5339.09, 5581.4]",amount_not_seen_in_6_months
GL000858,smith,23133.46,gl,2024-07-26 00:00:00,136,"[503.29, 719.76, 981.66, 1475.88, 1502.68, 2182.3, 2254.69, 2682.11, 2710.48, 2996.11]",amount_not_seen_in_6_months
BANK000118,finance partners,3305.02,bank,2024-07-27 00:00:00,41,"[2371.29, 4494.18, 5494.42, 7798.42, 11603.85, 11683.99, 11801.23, 12218.64, 13714.57, 13736.19]",amount_not_seen_in_6_months
BANK000566,xyz,27781.53,bank,2024-07-27 00:00:00,126,"[502.32, 839.89, 1005.8, 1101.89, 1700.92, 1922.67, 2469.18, 2691.94, 3493.03, 4078.89]",amount_not_seen_in_6_months
BANK000801,digital agency,22141.66,bank,2024-07-27 00:00:00,21,"[1728.73, 2035.25, 5099.88, 5976.27, 7840.56, 12694.28, 13151.5, 13341.84, 14593.59, 17589.01]",amount_not_seen_in_6_months
GL000165,global services,10654.16,gl,2024-07-27 00:00:00,120,"[440.82, 941.92, 1496.57, 1838.45, 2451.33, 2512.42, 2846.39, 4793.34, 5099.86, 5339.09]",amount_not_seen_in_6_months
GL000233,global services,20584.84,gl,2024-07-27 00:00:00,120,"[440.82, 941.92, 1496.57, 1838.45, 2451.33, 2512.42, 2846.39, 4793.34, 5099.86, 5339.09]",amount_not_seen_in_6_months
BANK000399,cloud services,26332.21,bank,2024-07-28 00:00:00,38,"[3071.84, 5113.21, 7317.63, 7769.8, 8379.55, 8582.18, 9072.81, 13843.17, 14581.58, 15210.74]",amount_not_seen_in_6_months
BANK000493,smith,1683.57,bank,2024-07-28 00:00:00,135,"[503.29, 719.76, 981.66, 1475.88, 1502.68, 2182.3, 2254.69, 2682.11, 2710.48, 2996.11]",amount_not_seen_in_6_months
BANK000511,smith,34845.79,bank,2024-07-28 00:00:00,135,"[503.29, 719.76, 981.66, 1475.88, 1502.68, 2182.3, 2254.69, 2682.11, 2710.48, 2996.11]",amount_not_seen_in_6_months
BANK000901,xyz,7108.41,bank,2024-07-28 00:00:00,126,"[502.32, 839.89, 1005.8, 1101.89, 1700.92, 1922.67, 2469.18, 2691.94, 3493.03, 4078.89]",amount_not_seen_in_6_months
GL000364,abc,35835.93,gl,2024-07-28 00:00:00,153,"[1692.86, 1865.79, 1945.49, 2618.67, 2671.39, 2686.89, 2958.7, 3141.78, 3546.74, 3553.49]",amount_not_seen_in_6_months
GL000783,tech solutions,20288.45,gl,2024-07-28 00:00:00,106,"[290.4, 394.21, 628.33, 1317.04, 2638.88, 2758.2, 2792.87, 3229.76, 3651.87, 3671.57]",amount_not_seen_in_6_months
BANK000084,business tools,39141.09,bank,2024-07-29 00:00:00,47,"[1071.89, 2386.64, 2725.18, 2924.58, 6938.12, 7831.76, 8216.56, 8757.6, 10437.19, 11288.69]",amount_not_seen_in_6_months
BANK000207,abc,42815.05,bank,2024-07-29 00:00:00,153,"[1692.86, 1865.79, 1945.49, 2618.67, 2671.39, 2686.89, 2958.7, 3141.78, 3546.74, 3553.49]",amount_not_seen_in_6_months
BANK000444,data systems,34555.96,bank,2024-07-29 00:00:00,47,"[1637.88, 2236.14, 2612.5, 2807.98, 3389.0, 3653.67, 5020.47, 5440.12, 6721.72, 8787.14]",amount_not_seen_in_6_months
GL000340,global svcs,42219.0,gl,2024-07-29 00:00:00,24,"[2652.17, 3471.66, 5345.39, 5916.22, 7800.91, 10773.69, 11991.22, 14816.48, 15224.8, 19792.85]",amount_not_seen_in_6_months
GL000634,smith,42836.07,gl,2024-07-29 00:00:00,137,"[503.29, 719.76, 981.66, 1475.88, 1502.68, 1683.57, 2182.3, 2254.69, 2682.11, 2710.48]",amount_not_seen_in_6_months
GL001012,xyz,46343.07,gl,2024-07-29 00:00:00,123,"[502.32, 839.89, 1005.8, 1101.89, 1700.92, 1922.67, 2469.18, 2691.94, 3493.03, 4078.89]",amount_not_seen_in_6_months
BANK000526,abc,18598.18,bank,2024-07-30 00:00:00,154,"[1692.86, 1865.79, 1945.49, 2618.67, 2671.39, 2686.89, 2958.7, 3141.78, 3546.74, 3553.49]",amount_not_seen_in_6_months
GL000045,smith,29988.43,gl,2024-07-30 00:00:00,137,"[503.29, 719.76, 981.66, 1475.88, 1502.68, 1683.57, 2182.3, 2254.69, 2682.11, 2710.48]",amount_not_seen_in_6_months
GL000061,smith,39474.43,gl,2024-07-30 00:00:00,137,"[503.29, 719.76, 981.66, 1475.88, 1502.68, 1683.57, 2182.3, 2254.69, 2682.11, 2710.48]",amount_not_seen_in_6_months
GL000068,xyz,915.68,gl,2024-07-30 00:00:00,122,"[502.32, 839.89, 1005.8, 1101.89, 1700.92, 1922.67, 2469.18, 2691.94, 3493.03, 4078.89]",amount_not_seen_in_6_months
GL000203,abc,45309.0,gl,2024-07-30 00:00:00,154,"[1692.86, 1865.79, 1945.49, 2618.67, 2671.39, 2686.89, 2958.7, 3141.78, 3546.74, 3553.49]",amount_not_seen_in_6_months
GL000415,tech solutions,24512.82,gl,2024-07-30 00:00:00,107,"[290.4, 394.21, 628.33, 1317.04, 2638.88, 2758.2, 2792.87, 3229.76, 3651.87, 3671.57]",amount_not_seen_in_6_months
GL000433,smith and,15599.75,gl,2024-07-30 00:00:00,16,"[1447.0, 2023.74, 4578.24, 11790.62, 19488.96, 22677.32, 27541.69, 32784.5, 35515.88, 38751.34]",amount_not_seen_in_6_months
GL000916,x y z,9592.05,gl,2024-07-30 00:00:00,19,"[4153.37, 6864.57, 8998.95, 10738.87, 12342.19, 13638.0, 14474.45, 20512.0, 22967.33, 23845.03]",amount_not_seen_in_6_months
GL001112,xyz,12659.05,gl,2024-07-30 00:00:00,122,"[502.32, 839.89, 1005.8, 1101.89, 1700.92, 1922.67, 2469.18, 2691.94, 3493.03, 4078.89]",amount_not_seen_in_6_months
GL001171,tech solutions,45825.55,gl,2024-07-30 00:00:00,107,"[290.4, 394.21, 628.33, 1317.04, 2638.88, 2758.2, 2792.87, 3229.76, 3651.87, 3671.57]",amount_not_seen_in_6_months
BANK000939,data systems,25306.5,bank,2024-07-31 00:00:00,47,"[1637.88, 2236.14, 2612.5, 2807.98, 3389.0, 3653.67, 5020.47, 5440.12, 6721.72, 8787.14]",amount_not_seen_in_6_months
GL000088,tech solutions,27391.91,gl,2024-07-31 00:00:00,108,"[290.4, 394.21, 628.33, 1317.04, 2638.88, 2758.2, 2792.87, 3229.76, 3651.87, 3671.57]",amount_not_seen_in_6_months
GL000448,tech solutions,23793.33,gl,2024-07-31 00:00:00,108,"[290.4, 394.21, 628.33, 1317.04, 2638.88, 2758.2, 2792.87, 3229.76, 3651.87, 3671.57]",amount_not_seen_in_6_months
GL000536,smith,7018.95,gl,2024-07-31 00:00:00,136,"[503.29, 719.76, 981.66, 1475.88, 1502.68, 1683.57, 2182.3, 2254.69, 2682.11, 2710.48]",amount_not_seen_in_6_months
GL000647,xyz,36381.64,gl,2024-07-31 00:00:00,124,"[502.32, 839.89, 915.68, 1005.8, 1101.89, 1700.92, 1922.67, 2469.18, 2691.94, 3493.03]",amount_not_seen_in_6_months
GL000752,smith,19865.16,gl,2024-07-31 00:00:00,136,"[503.29, 719.76, 981.66, 1475.88, 1502.68, 1683.57, 2182.3, 2254.69, 2682.11, 2710.48]",amount_not_seen_in_6_months
BANK000304,tech solutions,35504.0,bank,2024-08-01 00:00:00,109,"[290.4, 394.21, 628.33, 1317.04, 2638.88, 2758.2, 2792.87, 3229.76, 3651.87, 3671.57]",amount_not_seen_in_6_months
BANK000514,data systems,28163.06,bank,2024-08-01 00:00:00,48,"[1637.88, 2236.14, 2612.5, 2807.98, 3389.0, 3653.67, 5020.47, 5440.12, 6721.72, 8787.14]",amount_not_seen_in_6_months
BANK000528,tech solutions,28999.23,bank,2024-08-01 00:00:00,109,"[290.4, 394.21, 628.33, 1317.04, 2638.88, 2758.2, 2792.87, 3229.76, 3651.87, 3671.57]",amount_not_seen_in_6_months
BANK000690,digital agency,16157.92,bank,2024-08-01 00:00:00,21,"[1728.73, 2035.25, 5099.88, 5976.27, 7840.56, 12694.28, 13151.5, 13341.84, 14593.59, 17589.01]",amount_not_seen_in_6_months
GL000760,smith,12237.05,gl,2024-08-01 00:00:00,137,"[503.29, 719.76, 981.66, 1475.88, 1502.68, 1683.57, 2182.3, 2254.69, 2682.11, 2710.48]",amount_not_seen_in_6_months
GL000798,ts,651.92,gl,2024-08-01 00:00:00,19,"[2465.51, 8214.48, 11651.17, 13595.68, 15191.41, 18862.79, 28110.34, 30174.64, 32876.78, 33579.47]",amount_not_seen_in_6_months
GL001175,xyz,388.0,gl,2024-08-01 00:00:00,124,"[502.32, 839.89, 915.68, 1005.8, 1101.89, 1700.92, 1922.67, 2469.18, 2691.94, 3493.03]",amount_not_seen_in_6_months
BANK000345,smith,25195.04,bank,2024-08-02 00:00:00,137,"[503.29, 719.76, 981.66, 1475.88, 1502.68, 1683.57, 2182.3, 2254.69, 2682.11, 2710.48]",amount_not_seen_in_6_months
BANK000501,cloud services,40492.96,bank,2024-08-02 00:00:00,38,"[3071.84, 5113.21, 7317.63, 7769.8, 8379.55, 8582.18, 9072.81, 13843.17, 14581.58, 15210.74]",amount_not_seen_in_6_months
BANK000728,global services,19212.46,bank,2024-08-02 00:00:00,119,"[440.82, 941.92, 1496.57, 1838.45, 2451.33, 2512.42, 2846.39, 4793.34, 5099.86, 5339.09]",amount_not_seen_in_6_months
BANK000759,smith,19358.26,bank,2024-08-02 00:00:00,137,"[503.29, 719.76, 981.66, 1475.88, 1502.68, 1683.57, 2182.3, 2254.69, 2682.11, 2710.48]",amount_not_seen_in_6_months
BANK000790,xyz,26175.84,bank,2024-08-02 00:00:00,125,"[388.0, 502.32, 839.89, 915.68, 1005.8, 1101.89, 1700.92, 1922.67, 2469.18, 2691.94]",amount_not_seen_in_6_months
BANK000825,audit solutions,13045.37,bank,2024-08-02 00:00:00,35,"[508.05, 2506.93, 4193.7, 6180.23, 7004.87, 9179.96, 12486.12, 16621.62, 17074.76, 17349.79]",amount_not_seen_in_6_months
BANK000910,cloud services,44081.39,bank,2024-08-02 00:00:00,38,"[3071.84, 5113.21, 7317.63, 7769.8, 8379.55, 8582.18, 9072.81, 13843.17, 14581.58, 15210.74]",amount_not_seen_in_6_months
GL000720,abc,23497.69,gl,2024-08-02 00:00:00,156,"[1692.86, 1865.79, 1945.49, 2618.67, 2671.39, 2686.89, 2958.7, 3141.78, 3546.74, 3553.49]",amount_not_seen_in_6_months
GL001094,xyz,18566.12,gl,2024-08-02 00:00:00,125,"[388.0, 502.32, 839.89, 915.68, 1005.8, 1101.89, 1700.92, 1922.67, 2469.18, 2691.94]",amount_not_seen_in_6_months
BANK000119,audit solutions,3207.06,bank,2024-08-03 00:00:00,36,"[508.05, 2506.93, 4193.7, 6180.23, 7004.87, 9179.96, 12486.12, 13045.37, 16621.62, 17074.76]",amount_not_seen_in_6_months
BANK000129,tech solutions,13985.01,bank,2024-08-03 00:00:00,109,"[290.4, 394.21, 628.33, 1317.04, 2638.88, 2758.2, 2792.87, 3229.76, 3651.87, 3671.57]",amount_not_seen_in_6_months
GL000555,global svcs,17394.18,gl,2024-08-03 00:00:00,25,"[2652.17, 3471.66, 5345.39, 5916.22, 7800.91, 10773.69, 11991.22, 14816.48, 15224.8, 19792.85]",amount_not_seen_in_6_months
GL000593,abc,42704.34,gl,2024-08-03 00:00:00,156,"[1692.86, 1865.79, 1945.49, 2618.67, 2671.39, 2686.89, 2958.7, 3141.78, 3546.74, 3553.49]",amount_not_seen_in_6_months
GL001194,global services,27185.36,gl,2024-08-03 00:00:00,120,"[440.82, 941.92, 1496.57, 1838.45, 2451.33, 2512.42, 2846.39, 4793.34, 5099.86, 5339.09]",amount_not_seen_in_6_months
BANK000003,abc,4438.25,bank,2024-08-04 00:00:00,157,"[1692.86, 1865.79, 1945.49, 2618.67, 2671.39, 2686.89, 2958.7, 3141.78, 3546.74, 3553.49]",amount_not_seen_in_6_months
BANK000038,global services,43634.41,bank,2024-08-04 00:00:00,121,"[440.82, 941.92, 1496.57, 1838.45, 2451.33, 2512.42, 2846.39, 4793.34, 5099.86, 5339.09]",amount_not_seen_in_6_months
BANK000047,audit solutions,21609.45,bank,2024-08-04 00:00:00,37,"[508.05, 2506.93, 3207.06, 4193.7, 6180.23, 7004.87, 9179.96, 12486.12, 13045.37, 16621.62]",amount_not_seen_in_6_months
BANK000050,smith,22485.82,bank,2024-08-04 00:00:00,138,"[503.29, 981.66, 1475.88, 1502.68, 1683.57, 2182.3, 2254.69, 2682.11, 2710.48, 2996.11]",amount_not_seen_in_6_months
BANK000280,digital agency,47062.38,bank,2024-08-04 00:00:00,22,"[1728.73, 2035.25, 5099.88, 5976.27, 7840.56, 12694.28, 13151.5, 13341.84, 14593.59, 16157.92]",amount_not_seen_in_6_months
BANK000585,business tools,7791.75,bank,2024-08-04 00:00:00,45,"[1071.89, 2386.64, 2725.18, 2924.58, 6938.12, 7831.76, 8216.56, 8757.6, 10437.19, 11320.87]",amount_not_seen_in_6_months
BANK000919,business tools,14367.81,bank,2024-08-04 00:00:00,45,"[1071.89, 2386.64, 2725.18, 2924.58, 6938.12, 7831.76, 8216.56, 8757.6, 10437.19, 11320.87]",amount_not_seen_in_6_months
GL000629,smith,7398.46,gl,2024-08-04 00:00:00,138,"[503.29, 981.66, 1475.88, 1502.68, 1683.57, 2182.3, 2254.69, 2682.11, 2710.48, 2996.11]",amount_not_seen_in_6_months
GL000199,ts,23303.27,gl,2024-08-05 00:00:00,20,"[651.92, 2465.51, 8214.48, 11651.17, 13595.68, 15191.41, 18862.79, 28110.34, 30174.64, 32876.78]",amount_not_seen_in_6_months
BANK000077,data systems,27628.85,bank,2024-08-06 00:00:00,49,"[1637.88, 2236.14, 2612.5, 2807.98, 3389.0, 3653.67, 5020.47, 5440.12, 6721.72, 8787.14]",amount_not_seen_in_6_months
BANK000380,smith,30170.82,bank,2024-08-06 00:00:00,139,"[503.29, 981.66, 1475.88, 1502.68, 1683.57, 2182.3, 2254.69, 2682.11, 2710.48, 2996.11]",amount_not_seen_in_6_months
BANK000472,data systems,44862.43,bank,2024-08-06 00:00:00,49,"[1637.88, 2236.14, 2612.5, 2807.98, 3389.0, 3653.67, 5020.47, 5440.12, 6721.72, 8787.14]",amount_not_seen_in_6_months
BANK000509,data systems,31337.06,bank,2024-08-06 00:00:00,49,"[1637.88, 2236.14, 2612.5, 2807.98, 3389.0, 3653.67, 5020.47, 5440.12, 6721.72, 8787.14]",amount_not_seen_in_6_months
BANK000602,consulting group,16616.38,bank,2024-08-06 00:00:00,35,"[359.24, 429.22, 1393.08, 2381.35, 4043.06, 6801.86, 7100.8, 7703.88, 9138.68, 13866.48]",amount_not_seen_in_6_months
GL000056,abc,34825.88,gl,2024-08-06 00:00:00,156,"[1692.86, 1865.79, 1945.49, 2618.67, 2671.39, 2686.89, 2958.7, 3141.78, 3546.74, 3553.49]",amount_not_seen_in_6_months
GL000495,abc,10331.64,gl,2024-08-06 00:00:00,156,"[1692.86, 1865.79, 1945.49, 2618.67, 2671.39, 2686.89, 2958.7, 3141.78, 3546.74, 3553.49]",amount_not_seen_in_6_months
BANK000284,data systems,28747.59,bank,2024-08-07 00:00:00,52,"[1637.88, 2236.14, 2612.5, 2807.98, 3389.0, 3653.67, 5020.47, 5440.12, 6721.72, 8787.14]",amount_not_seen_in_6_months
BANK000843,consulting group,21527.55,bank,2024-08-07 00:00:00,34,"[359.24, 429.22, 1393.08, 2381.35, 4043.06, 6801.86, 7100.8, 7703.88, 9138.68, 13866.48]",amount_not_seen_in_6_months
GL000317,xyz,33005.24,gl,2024-08-07 00:00:00,126,"[388.0, 502.32, 839.89, 915.68, 1005.8, 1101.89, 1700.92, 1922.67, 2469.18, 2691.94]",amount_not_seen_in_6_months
GL000530,smith,39015.3,gl,2024-08-07 00:00:00,139,"[503.29, 981.66, 1475.88, 1502.68, 1683.57, 2182.3, 2254.69, 2682.11, 2710.48, 2996.11]",amount_not_seen_in_6_months
GL000897,tech solutions,45813.16,gl,2024-08-07 00:00:00,110,"[290.4, 394.21, 628.33, 1317.04, 2638.88, 2758.2, 2792.87, 3229.76, 3651.87, 3671.57]",amount_not_seen_in_6_months
GL001057,smith,36409.75,gl,2024-08-07 00:00:00,139,"[503.29, 981.66, 1475.88, 1502.68, 1683.57, 2182.3, 2254.69, 2682.11, 2710.48, 2996.11]",amount_not_seen_in_6_months
BANK000095,xyz,9932.05,bank,2024-08-08 00:00:00,125,"[388.0, 502.32, 839.89, 915.68, 1005.8, 1101.89, 1700.92, 1922.67, 2469.18, 2691.94]",amount_not_seen_in_6_months
GL000096,smith,33260.3,gl,2024-08-08 00:00:00,141,"[503.29, 981.66, 1475.88, 1502.68, 1683.57, 2182.3, 2254.69, 2682.11, 2710.48, 2996.11]",amount_not_seen_in_6_months
GL000263,abc,39376.18,gl,2024-08-08 00:00:00,154,"[1692.86, 1865.79, 1945.49, 2618.67, 2671.39, 2686.89, 2958.7, 3141.78, 3546.74, 3553.49]",amount_not_seen_in_6_months
GL000394,tech solutions,19453.62,gl,2024-08-08 00:00:00,111,"[290.4, 394.21, 628.33, 1317.04, 2638.88, 2758.2, 2792.87, 3229.76, 3651.87, 3671.57]",amount_not_seen_in_6_months
GL000765,tech solutions,33440.68,gl,2024-08-08 00:00:00,111,"[290.4, 394.21, 628.33, 1317.04, 2638.88, 2758.2, 2792.87, 3229.76, 3651.87, 3671.57]",amount_not_seen_in_6_months
BANK000560,smith,47063.03,bank,2024-08-09 00:00:00,141,"[981.66, 1475.88, 1502.68, 1683.57, 2182.3, 2254.69, 2682.11, 2710.48, 2996.11, 3100.0]",amount_not_seen_in_6_months
GL000188,global services,43114.13,gl,2024-08-09 00:00:00,122,"[440.82, 941.92, 1496.57, 1838.45, 2451.33, 2512.42, 2846.39, 4793.34, 5099.86, 5339.09]",amount_not_seen_in_6_months
GL000423,tech sol,14294.17,gl,2024-08-09 00:00:00,11,"[231.07, 8945.82, 11106.0, 13628.32, 18364.05, 19058.62, 19959.55, 25300.89, 28538.84, 36011.12]",amount_not_seen_in_6_months
GL000518,tech sol,25614.11,gl,2024-08-09 00:00:00,11,"[231.07, 8945.82, 11106.0, 13628.32, 18364.05, 19058.62, 19959.55, 25300.89, 28538.84, 36011.12]",amount_not_seen_in_6_months
GL000574,xyz,43014.82,gl,2024-08-09 00:00:00,126,"[388.0, 502.32, 839.89, 915.68, 1005.8, 1101.89, 1700.92, 1922.67, 2469.18, 2691.94]",amount_not_seen_in_6_months
GL000759,abc,27468.69,gl,2024-08-09 00:00:00,154,"[1692.86, 1865.79, 1945.49, 2618.67, 2671.39, 2686.89, 2958.7, 3141.78, 3546.74, 3553.49]",amount_not_seen_in_6_months
GL000847,global services,39754.57,gl,2024-08-09 00:00:00,122,"[440.82, 941.92, 1496.57, 1838.45, 2451.33, 2512.42, 2846.39, 4793.34, 5099.86, 5339.09]",amount_not_seen_in_6_months
GL000863,abc,6057.35,gl,2024-08-09 00:00:00,154,"[1692.86, 1865.79, 1945.49, 2618.67, 2671.39, 2686.89, 2958.7, 3141.78, 3546.74, 3553.49]",amount_not_seen_in_6_months
BANK000217,xyz,37363.64,bank,2024-08-10 00:00:00,126,"[388.0, 502.32, 839.89, 915.68, 1005.8, 1101.89, 1700.92, 1922.67, 2469.18, 2691.94]",amount_not_seen_in_6_months
BANK000547,software house,25042.93,bank,2024-08-10 00:00:00,34,"[418.55, 1227.0, 1716.03, 2671.68, 5219.64, 5557.53, 6942.75, 7062.94, 7123.78, 11921.51]",amount_not_seen_in_6_months
BANK000767,smith,8333.36,bank,2024-08-10 00:00:00,142,"[981.66, 1475.88, 1502.68, 1683.57, 2182.3, 2254.69, 2682.11, 2710.48, 2996.11, 3100.0]",amount_not_seen_in_6_months
BANK000849,software house,26253.47,bank,2024-08-10 00:00:00,34,"[418.55, 1227.0, 1716.03, 2671.68, 5219.64, 5557.53, 6942.75, 7062.94, 7123.78, 11921.51]",amount_not_seen_in_6_months
GL000510,abc,20865.41,gl,2024-08-10 00:00:00,156,"[1692.86, 1865.79, 1945.49, 2618.67, 2671.39, 2686.89, 2958.7, 3141.78, 3546.74, 3553.49]",amount_not_seen_in_6_months
BANK000349,xyz,7452.7,bank,2024-08-11 00:00:00,126,"[388.0, 502.32, 839.89, 915.68, 1005.8, 1101.89, 1700.92, 2469.18, 2691.94, 3493.03]",amount_not_seen_in_6_months
BANK000375,audit solutions,39987.19,bank,2024-08-11 00:00:00,37,"[508.05, 2506.93, 3207.06, 4193.7, 6180.23, 7004.87, 9179.96, 12486.12, 13045.37, 16621.62]",amount_not_seen_in_6_months
GL000064,tech sol,8065.0,gl,2024-08-11 00:00:00,13,"[231.07, 8945.82, 11106.0, 13628.32, 14294.17, 18364.05, 19058.62, 19959.55, 25300.89, 25614.11]",amount_not_seen_in_6_months
GL000252,global services,24689.59,gl,2024-08-11 00:00:00,124,"[440.82, 941.92, 1496.57, 1838.45, 2451.33, 2512.42, 2846.39, 4793.34, 5099.86, 5339.09]",amount_not_seen_in_6_months
GL000902,ts,25821.0,gl,2024-08-11 00:00:00,20,"[651.92, 2465.51, 8214.48, 11651.17, 13595.68, 15191.41, 18862.79, 23303.27, 28110.34, 30174.64]",amount_not_seen_in_6_months
GL000970,smith,22311.42,gl,2024-08-11 00:00:00,143,"[981.66, 1475.88, 1502.68, 1683.57, 2182.3, 2254.69, 2682.11, 2710.48, 2996.11, 3100.0]",amount_not_seen_in_6_months
BANK000180,xyz,46067.51,bank,2024-08-12 00:00:00,123,"[388.0, 502.32, 915.68, 1005.8, 1101.89, 1700.92, 2469.18, 2691.94, 3493.03, 4195.33]",amount_not_seen_in_6_months
BANK000194,digital agency,46390.87,bank,2024-08-12 00:00:00,22,"[1728.73, 2035.25, 5099.88, 5976.27, 7840.56, 12694.28, 13151.5, 13341.84, 14593.59, 16157.92]",amount_not_seen_in_6_months
BANK000325,consulting group,12462.41,bank,2024-08-12 00:00:00,34,"[359.24, 429.22, 1393.08, 2381.35, 4043.06, 6801.86, 7100.8, 7703.88, 9138.68, 13866.48]",amount_not_seen_in_6_months
BANK000960,audit solutions,38287.18,bank,2024-08-12 00:00:00,38,"[508.05, 2506.93, 3207.06, 4193.7, 6180.23, 7004.87, 9179.96, 12486.12, 13045.37, 16621.62]",amount_not_seen_in_6_months
GL000038,abc,33352.87,gl,2024-08-12 00:00:00,156,"[1692.86, 1865.79, 1945.49, 2618.67, 2671.39, 2686.89, 2958.7, 3141.78, 3546.74, 3553.49]",amount_not_seen_in_6_months
GL000393,tech solutions,2628.44,gl,2024-08-12 00:00:00,108,"[290.4, 394.21, 628.33, 1317.04, 2638.88, 2758.2, 2792.87, 3229.76, 3651.87, 3671.57]",amount_not_seen_in_6_months
GL000786,abc,9618.04,gl,2024-08-12 00:00:00,156,"[1692.86, 1865.79, 1945.49, 2618.67, 2671.39, 2686.89, 2958.7, 3141.78, 3546.74, 3553.49]",amount_not_seen_in_6_months
GL000936,tech solutions,7822.74,gl,2024-08-12 00:00:00,108,"[290.4, 394.21, 628.33, 1317.04, 2638.88, 2758.2, 2792.87, 3229.76, 3651.87, 3671.57]",amount_not_seen_in_6_months
BANK000316,xyz,15875.33,bank,2024-08-13 00:00:00,122,"[388.0, 502.32, 915.68, 1005.8, 1101.89, 1700.92, 2469.18, 2691.94, 3493.03, 4195.33]",amount_not_seen_in_6_months
BANK000443,finance partners,9620.14,bank,2024-08-13 00:00:00,38,"[3305.02, 4494.18, 7798.42, 11603.85, 11801.23, 12218.64, 13714.57, 13736.19, 13841.39, 14086.98]",amount_not_seen_in_6_months
BANK000624,data systems,38024.21,bank,2024-08-13 00:00:00,51,"[1637.88, 2236.14, 2612.5, 2807.98, 3389.0, 3653.67, 5020.47, 5440.12, 6721.72, 8787.14]",amount_not_seen_in_6_months
BANK000880,abc,44390.94,bank,2024-08-13 00:00:00,158,"[1692.86, 1865.79, 1945.49, 2618.67, 2671.39, 2686.89, 2958.7, 3141.78, 3546.74, 3553.49]",amount_not_seen_in_6_months
GL000129,global services,11277.23,gl,2024-08-13 00:00:00,124,"[440.82, 941.92, 1496.57, 1838.45, 2451.33, 2512.42, 2846.39, 4793.34, 5099.86, 5339.09]",amount_not_seen_in_6_months
GL000362,global services,40003.98,gl,2024-08-13 00:00:00,124,"[440.82, 941.92, 1496.57, 1838.45, 2451.33, 2512.42, 2846.39, 4793.34, 5099.86, 5339.09]",amount_not_seen_in_6_months
GL000662,abc,7788.38,gl,2024-08-13 00:00:00,158,"[1692.86, 1865.79, 1945.49, 2618.67, 2671.39, 2686.89, 2958.7, 3141.78, 3546.74, 3553.49]",amount_not_seen_in_6_months
BANK000112,cloud services,29813.07,bank,2024-08-14 00:00:00,37,"[3071.84, 5113.21, 7317.63, 7769.8, 8379.55, 9072.81, 13843.17, 14581.58, 15210.74, 15994.65]",amount_not_seen_in_6_months
BANK000293,software house,4170.92,bank,2024-08-14 00:00:00,36,"[418.55, 1227.0, 1716.03, 2671.68, 5219.64, 5557.53, 6942.75, 7062.94, 7123.78, 11921.51]",amount_not_seen_in_6_months
BANK000658,global services,30842.19,bank,2024-08-14 00:00:00,126,"[440.82, 941.92, 1496.57, 1838.45, 2451.33, 2512.42, 2846.39, 4793.34, 5099.86, 5339.09]",amount_not_seen_in_6_months
BANK000799,business tools,6805.84,bank,2024-08-14 00:00:00,45,"[1071.89, 2386.64, 2725.18, 2924.58, 6938.12, 7791.75, 7831.76, 8757.6, 10437.19, 11320.87]",amount_not_seen_in_6_months
GL000333,abc,7594.48,gl,2024-08-14 00:00:00,159,"[1692.86, 1865.79, 1945.49, 2618.67, 2671.39, 2686.89, 2958.7, 3141.78, 3546.74, 3553.49]",amount_not_seen_in_6_months
GL000686,smith,24696.43,gl,2024-08-14 00:00:00,139,"[981.66, 1475.88, 1502.68, 1683.57, 2182.3, 2254.69, 2682.11, 2710.48, 2996.11, 3100.0]",amount_not_seen_in_6_months
GL000723,xyz,44940.7,gl,2024-08-14 00:00:00,123,"[388.0, 502.32, 915.68, 1005.8, 1101.89, 1700.92, 2469.18, 2691.94, 3493.03, 4195.33]",amount_not_seen_in_6_months
BANK000721,business tools,45134.55,bank,2024-08-15 00:00:00,45,"[1071.89, 2386.64, 2725.18, 2924.58, 6805.84, 6938.12, 7791.75, 7831.76, 8757.6, 10437.19]",amount_not_seen_in_6_months
GL000300,xyz,12787.69,gl,2024-08-15 00:00:00,124,"[388.0, 502.32, 915.68, 1005.8, 1101.89, 1700.92, 2469.18, 2691.94, 3493.03, 4195.33]",amount_not_seen_in_6_months
GL000923,xyz,31221.16,gl,2024-08-15 00:00:00,124,"[388.0, 502.32, 915.68, 1005.8, 1101.89, 1700.92, 2469.18, 2691.94, 3493.03, 4195.33]",amount_not_seen_in_6_months
BANK000204,data systems,43276.5,bank,2024-08-16 00:00:00,51,"[1637.88, 2236.14, 2612.5, 2807.98, 3389.0, 3653.67, 5020.47, 5440.12, 6721.72, 8787.14]",amount_not_seen_in_6_months
BANK000725,smith,13821.59,bank,2024-08-16 00:00:00,138,"[981.66, 1475.88, 1502.68, 1683.57, 2182.3, 2254.69, 2682.11, 2710.48, 2996.11, 3100.0]",amount_not_seen_in_6_months
GL000384,ts,13808.19,gl,2024-08-16 00:00:00,21,"[651.92, 2465.51, 8214.48, 11651.17, 13595.68, 15191.41, 18862.79, 23303.27, 25821.0, 28110.34]",amount_not_seen_in_6_months
GL000512,ts,38892.96,gl,2024-08-16 00:00:00,21,"[651.92, 2465.51, 8214.48, 11651.17, 13595.68, 15191.41, 18862.79, 23303.27, 25821.0, 28110.34]",amount_not_seen_in_6_months
GL000823,tech sol,39400.1,gl,2024-08-16 00:00:00,14,"[231.07, 8065.0, 8945.82, 11106.0, 13628.32, 14294.17, 18364.05, 19058.62, 19959.55, 25300.89]",amount_not_seen_in_6_months
GL001111,xyz,31270.45,gl,2024-08-16 00:00:00,125,"[388.0, 502.32, 915.68, 1005.8, 1101.89, 1700.92, 2469.18, 2691.94, 3493.03, 4195.33]",amount_not_seen_in_6_months
GL001147,x y z,7936.33,gl,2024-08-16 00:00:00,18,"[6864.57, 8998.95, 9592.05, 10738.87, 12342.19, 13638.0, 14474.45, 20512.0, 22967.33, 24200.8]",amount_not_seen_in_6_months
BANK000314,software house,38017.87,bank,2024-08-17 00:00:00,36,"[418.55, 1227.0, 1716.03, 2671.68, 4170.92, 5219.64, 5557.53, 6942.75, 7062.94, 7123.78]",amount_not_seen_in_6_months
BANK000784,smith,7457.64,bank,2024-08-17 00:00:00,139,"[981.66, 1475.88, 1502.68, 1683.57, 2182.3, 2254.69, 2682.11, 2710.48, 2996.11, 3100.0]",amount_not_seen_in_6_months
GL001115,global services,27352.24,gl,2024-08-17 00:00:00,124,"[440.82, 941.92, 1496.57, 1838.45, 2451.33, 2512.42, 2846.39, 4793.34, 5099.86, 5339.09]",amount_not_seen_in_6_months
BANK000174,digital agency,233.52,bank,2024-08-18 00:00:00,23,"[1728.73, 2035.25, 5099.88, 5976.27, 7840.56, 12694.28, 13151.5, 13341.84, 14593.59, 16157.92]",amount_not_seen_in_6_months
BANK000323,xyz,47890.35,bank,2024-08-18 00:00:00,125,"[388.0, 502.32, 915.68, 1005.8, 1101.89, 1700.92, 2469.18, 2691.94, 3493.03, 4624.3]",amount_not_seen_in_6_months
BANK000559,consulting group,13739.02,bank,2024-08-18 00:00:00,34,"[359.24, 429.22, 1393.08, 2381.35, 4043.06, 6801.86, 7100.8, 7703.88, 12462.41, 13866.48]",amount_not_seen_in_6_months
BANK000973,finance partners,15957.52,bank,2024-08-18 00:00:00,37,"[3305.02, 4494.18, 7798.42, 9620.14, 11603.85, 11801.23, 12218.64, 13714.57, 13736.19, 13841.39]",amount_not_seen_in_6_months
GL000149,abc,44157.36,gl,2024-08-18 00:00:00,157,"[1692.86, 1865.79, 1945.49, 2618.67, 2671.39, 2686.89, 2958.7, 3141.78, 3546.74, 3553.49]",amount_not_seen_in_6_months
GL000210,xyz,45651.5,gl,2024-08-18 00:00:00,125,"[388.0, 502.32, 915.68, 1005.8, 1101.89, 1700.92, 2469.18, 2691.94, 3493.03, 4624.3]",amount_not_seen_in_6_months
GL000878,abc,45876.02,gl,2024-08-18 00:00:00,157,"[1692.86, 1865.79, 1945.49, 2618.67, 2671.39, 2686.89, 2958.7, 3141.78, 3546.74, 3553.49]",amount_not_seen_in_6_months
GL000944,tech solutions,27951.41,gl,2024-08-18 00:00:00,105,"[394.21, 628.33, 1317.04, 2628.44, 2638.88, 2758.2, 2792.87, 3229.76, 3651.87, 3734.56]",amount_not_seen_in_6_months
BANK000040,xyz,44990.74,bank,2024-08-19 00:00:00,127,"[388.0, 502.32, 915.68, 1005.8, 1101.89, 1700.92, 2469.18, 2691.94, 3493.03, 4624.3]",amount_not_seen_in_6_months
BANK000265,data systems,29723.93,bank,2024-08-19 00:00:00,49,"[1637.88, 2236.14, 2612.5, 2807.98, 3653.67, 5020.47, 6721.72, 8787.14, 8867.17, 10861.17]",amount_not_seen_in_6_months
BANK000636,xyz,20769.83,bank,2024-08-19 00:00:00,127,"[388.0, 502.32, 915.68, 1005.8, 1101.89, 1700.92, 2469.18, 2691.94, 3493.03, 4624.3]",amount_not_seen_in_6_months
GL000138,x y z,6775.77,gl,2024-08-19 00:00:00,19,"[6864.57, 7936.33, 8998.95, 9592.05, 10738.87, 12342.19, 13638.0, 14474.45, 20512.0, 22967.33]",amount_not_seen_in_6_months
GL000325,abc,8294.85,gl,2024-08-19 00:00:00,158,"[1692.86, 1865.79, 1945.49, 2618.67, 2671.39, 2686.89, 2958.7, 3141.78, 3546.74, 3553.49]",amount_not_seen_in_6_months
GL000389,global services,16503.43,gl,2024-08-19 00:00:00,122,"[440.82, 941.92, 1496.57, 1838.45, 2451.33, 2512.42, 2846.39, 4793.34, 5099.86, 5339.09]",amount_not_seen_in_6_months
BANK000290,finance partners,18872.1,bank,2024-08-20 00:00:00,38,"[3305.02, 4494.18, 7798.42, 9620.14, 11603.85, 11801.23, 12218.64, 13714.57, 13736.19, 13841.39]",amount_not_seen_in_6_months
BANK000488,smith,40453.73,bank,2024-08-20 00:00:00,135,"[981.66, 1475.88, 1502.68, 1683.57, 2182.3, 2254.69, 2682.11, 2710.48, 2996.11, 3100.0]",amount_not_seen_in_6_months
BANK000992,abc,19465.85,bank,2024-08-20 00:00:00,158,"[1692.86, 1865.79, 1945.49, 2618.67, 2671.39, 2686.89, 2958.7, 3141.78, 3546.74, 3553.49]",amount_not_seen_in_6_months
GL000575,xyz,18358.42,gl,2024-08-20 00:00:00,129,"[388.0, 502.32, 915.68, 1005.8, 1101.89, 1700.92, 2469.18, 2691.94, 3493.03, 4624.3]",amount_not_seen_in_6_months
BANK000226,tech solutions,34546.64,bank,2024-08-21 00:00:00,103,"[394.21, 628.33, 1317.04, 2628.44, 2758.2, 2792.87, 3229.76, 3651.87, 3734.56, 4688.48]",amount_not_seen_in_6_months
BANK000694,abc,4410.64,bank,2024-08-21 00:00:00,159,"[1692.86, 1865.79, 1945.49, 2618.67, 2671.39, 2686.89, 2958.7, 3141.78, 3546.74, 3553.49]",amount_not_seen_in_6_months
GL000059,xyz,19249.38,gl,2024-08-21 00:00:00,129,"[388.0, 502.32, 915.68, 1005.8, 1101.89, 1700.92, 2469.18, 2691.94, 3493.03, 4624.3]",amount_not_seen_in_6_months
GL000374,abc,10485.84,gl,2024-08-21 00:00:00,159,"[1692.86, 1865.79, 1945.49, 2618.67, 2671.39, 2686.89, 2958.7, 3141.78, 3546.74, 3553.49]",amount_not_seen_in_6_months
BANK000639,software house,36573.5,bank,2024-08-22 00:00:00,36,"[418.55, 1227.0, 1716.03, 2671.68, 4170.92, 5219.64, 5557.53, 6942.75, 7123.78, 11921.51]",amount_not_seen_in_6_months
BANK000838,smith,44652.97,bank,2024-08-22 00:00:00,135,"[981.66, 1475.88, 1502.68, 1683.57, 2182.3, 2254.69, 2682.11, 2710.48, 2996.11, 3100.0]",amount_not_seen_in_6_months
GL000437,x y z,48786.53,gl,2024-08-22 00:00:00,19,"[6775.77, 6864.57, 7936.33, 8998.95, 9592.05, 10738.87, 12342.19, 13638.0, 14474.45, 20512.0]",amount_not_seen_in_6_months
GL000521,tech solutions,39769.69,gl,2024-08-22 00:00:00,104,"[394.21, 628.33, 1317.04, 2628.44, 2758.2, 2792.87, 3229.76, 3651.87, 3734.56, 4688.48]",amount_not_seen_in_6_months
BANK000143,digital agency,31815.7,bank,2024-08-23 00:00:00,22,"[233.52, 1728.73, 2035.25, 5099.88, 5976.27, 7840.56, 12694.28, 13151.5, 13341.84, 14593.59]",amount_not_seen_in_6_months
BANK000223,tech solutions,31931.44,bank,2024-08-23 00:00:00,105,"[394.21, 628.33, 1317.04, 2628.44, 2758.2, 2792.87, 3229.76, 3651.87, 3734.56, 4688.48]",amount_not_seen_in_6_months
BANK000447,data systems,47838.61,bank,2024-08-23 00:00:00,49,"[1637.88, 2236.14, 2612.5, 2807.98, 3653.67, 5020.47, 6721.72, 8787.14, 8867.17, 10861.17]",amount_not_seen_in_6_months
BANK000644,abc,5068.78,bank,2024-08-23 00:00:00,159,"[1692.86, 1945.49, 2618.67, 2671.39, 2686.89, 2958.7, 3141.78, 3546.74, 3553.49, 3890.58]",amount_not_seen_in_6_months
GL000134,smith,49723.41,gl,2024-08-23 00:00:00,136,"[981.66, 1475.88, 1502.68, 1683.57, 2182.3, 2254.69, 2682.11, 2710.48, 2996.11, 3100.0]",amount_not_seen_in_6_months
GL000305,xyz,7382.88,gl,2024-08-23 00:00:00,129,"[388.0, 502.32, 915.68, 1005.8, 1101.89, 1700.92, 2469.18, 2691.94, 3493.03, 4624.3]",amount_not_seen_in_6_months
GL001195,xyz,33613.15,gl,2024-08-23 00:00:00,129,"[388.0, 502.32, 915.68, 1005.8, 1101.89, 1700.92, 2469.18, 2691.94, 3493.03, 4624.3]",amount_not_seen_in_6_months
BANK000127,smith,21487.78,bank,2024-08-24 00:00:00,136,"[981.66, 1475.88, 1502.68, 1683.57, 2182.3, 2254.69, 2682.11, 2710.48, 2996.11, 3100.0]",amount_not_seen_in_6_months
BANK000344,business tools,49223.55,bank,2024-08-24 00:00:00,43,"[1071.89, 2386.64, 2725.18, 2924.58, 6805.84, 6938.12, 7791.75, 7831.76, 8757.6, 10437.19]",amount_not_seen_in_6_months
BANK000582,digital agency,1443.11,bank,2024-08-24 00:00:00,22,"[233.52, 1728.73, 2035.25, 5099.88, 5976.27, 7840.56, 12694.28, 13151.5, 13341.84, 14593.59]",amount_not_seen_in_6_months
BANK000722,abc,6214.13,bank,2024-08-24 00:00:00,160,"[1692.86, 1945.49, 2618.67, 2671.39, 2686.89, 2958.7, 3141.78, 3546.74, 3553.49, 3890.58]",amount_not_seen_in_6_months
GL000231,global services,31374.73,gl,2024-08-24 00:00:00,121,"[440.82, 941.92, 1496.57, 1838.45, 2451.33, 2512.42, 2846.39, 4793.34, 5099.86, 5339.09]",amount_not_seen_in_6_months
GL000789,smith,37326.25,gl,2024-08-24 00:00:00,136,"[981.66, 1475.88, 1502.68, 1683.57, 2182.3, 2254.69, 2682.11, 2710.48, 2996.11, 3100.0]",amount_not_seen_in_6_months
BANK000111,software house,22877.45,bank,2024-08-25 00:00:00,36,"[418.55, 1227.0, 1716.03, 2671.68, 4170.92, 5219.64, 5557.53, 6942.75, 7123.78, 11921.51]",amount_not_seen_in_6_months
BANK000147,cloud services,12268.79,bank,2024-08-25 00:00:00,35,"[3071.84, 5113.21, 7317.63, 7769.8, 8379.55, 9072.81, 13843.17, 14581.58, 15210.74, 15994.65]",amount_not_seen_in_6_months
GL000894,global services,7158.45,gl,2024-08-25 00:00:00,121,"[440.82, 941.92, 1496.57, 1838.45, 2451.33, 2512.42, 2846.39, 4793.34, 5099.86, 5339.09]",amount_not_seen_in_6_months
GL000987,global services,48072.4,gl,2024-08-25 00:00:00,121,"[440.82, 941.92, 1496.57, 1838.45, 2451.33, 2512.42, 2846.39, 4793.34, 5099.86, 5339.09]",amount_not_seen_in_6_months
GL001059,global services,8778.14,gl,2024-08-25 00:00:00,121,"[440.82, 941.92, 1496.57, 1838.45, 2451.33, 2512.42, 2846.39, 4793.34, 5099.86, 5339.09]",amount_not_seen_in_6_months
BANK000134,digital agency,47393.08,bank,2024-08-26 00:00:00,23,"[233.52, 1443.11, 1728.73, 2035.25, 5099.88, 5976.27, 7840.56, 12694.28, 13151.5, 13341.84]",amount_not_seen_in_6_months
BANK000145,audit solutions,38754.61,bank,2024-08-26 00:00:00,35,"[2506.93, 3207.06, 4193.7, 6180.23, 7004.87, 9179.96, 12486.12, 13045.37, 16621.62, 17074.76]",amount_not_seen_in_6_months
BANK000934,digital agency,381.69,bank,2024-08-26 00:00:00,23,"[233.52, 1443.11, 1728.73, 2035.25, 5099.88, 5976.27, 7840.56, 12694.28, 13151.5, 13341.84]",amount_not_seen_in_6_months
GL000365,global svcs,38742.14,gl,2024-08-26 00:00:00,22,"[2652.17, 3471.66, 5916.22, 7800.91, 10773.69, 11991.22, 14816.48, 17394.18, 19792.85, 20802.17]",amount_not_seen_in_6_months
GL000439,xyz,21035.96,gl,2024-08-26 00:00:00,130,"[388.0, 502.32, 915.68, 1005.8, 1101.89, 1700.92, 2469.18, 2691.94, 3493.03, 4624.3]",amount_not_seen_in_6_months
GL001060,abc,1974.47,gl,2024-08-26 00:00:00,158,"[1692.86, 1945.49, 2618.67, 2671.39, 2686.89, 2958.7, 3141.78, 3546.74, 3553.49, 3890.58]",amount_not_seen_in_6_months
GL001146,global services,19676.99,gl,2024-08-26 00:00:00,123,"[440.82, 941.92, 1496.57, 1838.45, 2451.33, 2512.42, 2846.39, 4793.34, 5099.86, 5339.09]",amount_not_seen_in_6_months
GL000422,global services,36944.97,gl,2024-08-27 00:00:00,124,"[440.82, 941.92, 1496.57, 1838.45, 2451.33, 2512.42, 2846.39, 4793.34, 5099.86, 5339.09]",amount_not_seen_in_6_months
GL000981,global services,40266.61,gl,2024-08-27 00:00:00,124,"[440.82, 941.92, 1496.57, 1838.45, 2451.33, 2512.42, 2846.39, 4793.34, 5099.86, 5339.09]",amount_not_seen_in_6_months
GL001034,global serv,32897.66,gl,2024-08-27 00:00:00,18,"[1569.37, 2350.01, 2823.72, 5548.64, 10297.71, 10669.81, 15665.43, 16388.95, 22973.22, 24895.0]",amount_not_seen_in_6_months
GL001072,global services,10893.72,gl,2024-08-27 00:00:00,124,"[440.82, 941.92, 1496.57, 1838.45, 2451.33, 2512.42, 2846.39, 4793.34, 5099.86, 5339.09]",amount_not_seen_in_6_months
BANK000187,finance partners,48455.86,bank,2024-08-28 00:00:00,36,"[3305.02, 4494.18, 7798.42, 9620.14, 11603.85, 11801.23, 12218.64, 13736.19, 13841.39, 14086.98]",amount_not_seen_in_6_months
BANK000525,business tools,49067.79,bank,2024-08-28 00:00:00,42,"[1071.89, 2386.64, 2725.18, 2924.58, 6805.84, 6938.12, 7791.75, 7831.76, 8757.6, 10437.19]",amount_not_seen_in_6_months
GL000917,tech solutions,16907.18,gl,2024-08-28 00:00:00,103,"[394.21, 628.33, 1317.04, 2628.44, 2758.2, 2792.87, 3229.76, 3651.87, 3734.56, 4688.48]",amount_not_seen_in_6_months
BANK000354,digital agency,45878.07,bank,2024-08-29 00:00:00,25,"[233.52, 381.69, 1443.11, 1728.73, 2035.25, 5099.88, 5976.27, 7840.56, 12694.28, 13151.5]",amount_not_seen_in_6_months
BANK000733,data systems,3023.7,bank,2024-08-29 00:00:00,50,"[1637.88, 2236.14, 2612.5, 2807.98, 3653.67, 5020.47, 6721.72, 8787.14, 8867.17, 10861.17]",amount_not_seen_in_6_months
GL000133,global serv,38373.56,gl,2024-08-29 00:00:00,18,"[1569.37, 2350.01, 2823.72, 5548.64, 10297.71, 10669.81, 15665.43, 16388.95, 22973.22, 24895.0]",amount_not_seen_in_6_months
GL000161,xyz,1500.2,gl,2024-08-29 00:00:00,131,"[388.0, 502.32, 915.68, 1005.8, 1101.89, 1700.92, 2469.18, 2691.94, 3493.03, 4624.3]",amount_not_seen_in_6_months
GL000269,tech solutions,44299.0,gl,2024-08-29 00:00:00,104,"[394.21, 628.33, 1317.04, 2628.44, 2758.2, 2792.87, 3229.76, 3651.87, 3734.56, 4688.48]",amount_not_seen_in_6_months
GL000444,smith,40223.12,gl,2024-08-29 00:00:00,136,"[981.66, 1475.88, 1502.68, 1683.57, 2182.3, 2254.69, 2682.11, 2710.48, 2996.11, 3100.0]",amount_not_seen_in_6_months
GL000556,tech solutions,14881.56,gl,2024-08-29 00:00:00,104,"[394.21, 628.33, 1317.04, 2628.44, 2758.2, 2792.87, 3229.76, 3651.87, 3734.56, 4688.48]",amount_not_seen_in_6_months
GL000658,global services,40096.18,gl,2024-08-29 00:00:00,125,"[440.82, 941.92, 1496.57, 1838.45, 2451.33, 2512.42, 2846.39, 4793.34, 5099.86, 5339.09]",amount_not_seen_in_6_months
GL000905,smith,43914.41,gl,2024-08-29 00:00:00,136,"[981.66, 1475.88, 1502.68, 1683.57, 2182.3, 2254.69, 2682.11, 2710.48, 2996.11, 3100.0]",amount_not_seen_in_6_months
BANK000439,tech solutions,1429.69,bank,2024-08-30 00:00:00,104,"[394.21, 628.33, 1317.04, 2628.44, 2758.2, 2792.87, 3229.76, 3651.87, 3734.56, 4688.48]",amount_not_seen_in_6_months
BANK000512,global services,37745.36,bank,2024-08-30 00:00:00,126,"[440.82, 941.92, 1496.57, 1838.45, 2451.33, 2512.42, 2846.39, 4793.34, 5099.86, 5339.09]",amount_not_seen_in_6_months
BANK000857,digital agency,27409.39,bank,2024-08-30 00:00:00,26,"[233.52, 381.69, 1443.11, 1728.73, 2035.25, 5099.88, 5976.27, 7840.56, 12694.28, 13151.5]",amount_not_seen_in_6_months
GL000148,xyz,8311.41,gl,2024-08-30 00:00:00,132,"[388.0, 502.32, 915.68, 1005.8, 1101.89, 1500.2, 1700.92, 2469.18, 2691.94, 3493.03]",amount_not_seen_in_6_months
GL000207,xyz,41140.11,gl,2024-08-30 00:00:00,132,"[388.0, 502.32, 915.68, 1005.8, 1101.89, 1500.2, 1700.92, 2469.18, 2691.94, 3493.03]",amount_not_seen_in_6_months
GL000511,global serv,39003.08,gl,2024-08-30 00:00:00,19,"[1569.37, 2350.01, 2823.72, 5548.64, 10297.71, 10669.81, 15665.43, 16388.95, 22973.22, 24895.0]",amount_not_seen_in_6_months
BANK000037,data systems,6506.73,bank,2024-08-31 00:00:00,50,"[1637.88, 2236.14, 2612.5, 2807.98, 3023.7, 3653.67, 5020.47, 6721.72, 8787.14, 8867.17]",amount_not_seen_in_6_months
BANK000264,consulting group,37308.7,bank,2024-08-31 00:00:00,30,"[359.24, 429.22, 1393.08, 2381.35, 4043.06, 6801.86, 7100.8, 7703.88, 12462.41, 13739.02]",amount_not_seen_in_6_months
BANK000461,consulting group,20404.68,bank,2024-08-31 00:00:00,30,"[359.24, 429.22, 1393.08, 2381.35, 4043.06, 6801.86, 7100.8, 7703.88, 12462.41, 13739.02]",amount_not_seen_in_6_months
BANK000598,xyz,24198.01,bank,2024-08-31 00:00:00,133,"[388.0, 502.32, 915.68, 1005.8, 1101.89, 1500.2, 1700.92, 2469.18, 2691.94, 3493.03]",amount_not_seen_in_6_months
GL000246,x y z,22093.03,gl,2024-08-31 00:00:00,20,"[6775.77, 6864.57, 7936.33, 8998.95, 9592.05, 10738.87, 12342.19, 13638.0, 14474.45, 20512.0]",amount_not_seen_in_6_months
GL000978,smith,1536.1,gl,2024-08-31 00:00:00,137,"[981.66, 1475.88, 1502.68, 1683.57, 2182.3, 2254.69, 2682.11, 2710.48, 2996.11, 3100.0]",amount_not_seen_in_6_months
GL001045,xyz,22768.82,gl,2024-08-31 00:00:00,133,"[388.0, 502.32, 915.68, 1005.8, 1101.89, 1500.2, 1700.92, 2469.18, 2691.94, 3493.03]",amount_not_seen_in_6_months
GL001163,smith,33861.47,gl,2024-08-31 00:00:00,137,"[981.66, 1475.88, 1502.68, 1683.57, 2182.3, 2254.69, 2682.11, 2710.48, 2996.11, 3100.0]",amount_not_seen_in_6_months
BANK000165,xyz,12698.67,bank,2024-09-01 00:00:00,134,"[388.0, 502.32, 915.68, 1005.8, 1101.89, 1500.2, 1700.92, 2469.18, 2691.94, 3493.03]",amount_not_seen_in_6_months
BANK000480,smith,47872.29,bank,2024-09-01 00:00:00,137,"[981.66, 1502.68, 1536.1, 1683.57, 2182.3, 2254.69, 2682.11, 2710.48, 2996.11, 3100.0]",amount_not_seen_in_6_months
BANK000653,xyz,34732.15,bank,2024-09-01 00:00:00,134,"[388.0, 502.32, 915.68, 1005.8, 1101.89, 1500.2, 1700.92, 2469.18, 2691.94, 3493.03]",amount_not_seen_in_6_months
GL000757,abc,31146.88,gl,2024-09-01 00:00:00,153,"[1692.86, 1945.49, 1974.47, 2618.67, 2671.39, 2686.89, 2958.7, 3141.78, 3546.74, 3553.49]",amount_not_seen_in_6_months
BANK000164,consulting group,14288.53,bank,2024-09-02 00:00:00,31,"[359.24, 429.22, 1393.08, 2381.35, 4043.06, 6801.86, 7100.8, 12462.41, 13739.02, 15486.83]",amount_not_seen_in_6_months
BANK000519,global services,27986.64,bank,2024-09-02 00:00:00,125,"[440.82, 941.92, 1496.57, 1838.45, 2451.33, 2512.42, 2846.39, 4793.34, 5099.86, 5339.09]",amount_not_seen_in_6_months
BANK000521,global services,37369.27,bank,2024-09-02 00:00:00,125,"[440.82, 941.92, 1496.57, 1838.45, 2451.33, 2512.42, 2846.39, 4793.34, 5099.86, 5339.09]",amount_not_seen_in_6_months
BANK000586,cloud services,49535.96,bank,2024-09-02 00:00:00,35,"[3071.84, 7317.63, 7769.8, 8379.55, 9072.81, 12268.79, 13843.17, 14581.58, 15210.74, 15994.65]",amount_not_seen_in_6_months
BANK000727,abc,44150.65,bank,2024-09-02 00:00:00,153,"[1692.86, 1945.49, 1974.47, 2618.67, 2671.39, 2686.89, 2958.7, 3141.78, 3546.74, 3553.49]",amount_not_seen_in_6_months
GL000504,smith,4392.51,gl,2024-09-02 00:00:00,137,"[981.66, 1502.68, 1536.1, 1683.57, 2182.3, 2254.69, 2682.11, 2710.48, 2996.11, 3100.0]",amount_not_seen_in_6_months
GL000980,global services,25928.87,gl,2024-09-02 00:00:00,125,"[440.82, 941.92, 1496.57, 1838.45, 2451.33, 2512.42, 2846.39, 4793.34, 5099.86, 5339.09]",amount_not_seen_in_6_months
GL000989,smith,8468.41,gl,2024-09-02 00:00:00,137,"[981.66, 1502.68, 1536.1, 1683.57, 2182.3, 2254.69, 2682.11, 2710.48, 2996.11, 3100.0]",amount_not_seen_in_6_months
BANK000864,finance partners,34441.38,bank,2024-09-03 00:00:00,37,"[3305.02, 4494.18, 7798.42, 9620.14, 11603.85, 11801.23, 12218.64, 13736.19, 13841.39, 14086.98]",amount_not_seen_in_6_months
GL000180,smith,4245.27,gl,2024-09-03 00:00:00,139,"[981.66, 1502.68, 1536.1, 1683.57, 2182.3, 2254.69, 2682.11, 2710.48, 2996.11, 3100.0]",amount_not_seen_in_6_months
GL000391,smith,43066.53,gl,2024-09-03 00:00:00,139,"[981.66, 1502.68, 1536.1, 1683.57, 2182.3, 2254.69, 2682.11, 2710.48, 2996.11, 3100.0]",amount_not_seen_in_6_months
GL000475,global serv,47150.54,gl,2024-09-03 00:00:00,20,"[1569.37, 2350.01, 2823.72, 5548.64, 10297.71, 10669.81, 15665.43, 16388.95, 22973.22, 24895.0]",amount_not_seen_in_6_months
GL001105,smith,22025.62,gl,2024-09-03 00:00:00,139,"[981.66, 1502.68, 1536.1, 1683.57, 2182.3, 2254.69, 2682.11, 2710.48, 2996.11, 3100.0]",amount_not_seen_in_6_months
BANK000199,consulting group,20832.97,bank,2024-09-04 00:00:00,31,"[359.24, 429.22, 1393.08, 2381.35, 4043.06, 6801.86, 7100.8, 12462.41, 13739.02, 14288.53]",amount_not_seen_in_6_months
BANK000989,finance partners,36822.4,bank,2024-09-04 00:00:00,38,"[3305.02, 4494.18, 7798.42, 9620.14, 11603.85, 11801.23, 12218.64, 13736.19, 13841.39, 14086.98]",amount_not_seen_in_6_months
GL000102,smith,24798.21,gl,2024-09-04 00:00:00,141,"[981.66, 1502.68, 1536.1, 1683.57, 2182.3, 2254.69, 2682.11, 2710.48, 2996.11, 3100.0]",amount_not_seen_in_6_months
GL000751,smith,28059.3,gl,2024-09-04 00:00:00,141,"[981.66, 1502.68, 1536.1, 1683.57, 2182.3, 2254.69, 2682.11, 2710.48, 2996.11, 3100.0]",amount_not_seen_in_6_months
GL000758,tech sol,22018.42,gl,2024-09-04 00:00:00,11,"[231.07, 8065.0, 8945.82, 11106.0, 13628.32, 14294.17, 19058.62, 19959.55, 25300.89, 25614.11]",amount_not_seen_in_6_months
GL000892,abc,21396.4,gl,2024-09-04 00:00:00,153,"[1692.86, 1945.49, 1974.47, 2618.67, 2671.39, 2686.89, 2958.7, 3141.78, 3546.74, 3553.49]",amount_not_seen_in_6_months
GL001036,xyz,39758.77,gl,2024-09-04 00:00:00,133,"[388.0, 502.32, 915.68, 1005.8, 1101.89, 1500.2, 1700.92, 2469.18, 2691.94, 3493.03]",amount_not_seen_in_6_months
BANK000336,global services,17152.44,bank,2024-09-05 00:00:00,126,"[440.82, 941.92, 1496.57, 1838.45, 2451.33, 2512.42, 2846.39, 4793.34, 5099.86, 5339.09]",amount_not_seen_in_6_months
BANK000617,smith,47596.91,bank,2024-09-05 00:00:00,142,"[981.66, 1502.68, 1536.1, 1683.57, 2182.3, 2254.69, 2682.11, 2710.48, 3100.0, 3733.19]",amount_not_seen_in_6_months
GL000540,global services,23086.0,gl,2024-09-05 00:00:00,126,"[440.82, 941.92, 1496.57, 1838.45, 2451.33, 2512.42, 2846.39, 4793.34, 5099.86, 5339.09]",amount_not_seen_in_6_months
GL001176,a b c,40111.68,gl,2024-09-05 00:00:00,16,"[147.68, 3949.0, 8274.66, 13900.37, 15300.33, 21619.5, 22755.35, 24146.83, 27006.7, 28196.76]",amount_not_seen_in_6_months
GL001196,tech solutions,24473.99,gl,2024-09-05 00:00:00,104,"[394.21, 628.33, 1317.04, 1429.69, 2628.44, 2758.2, 2792.87, 3229.76, 3651.87, 3734.56]",amount_not_seen_in_6_months
BANK000215,data systems,35964.0,bank,2024-09-06 00:00:00,51,"[1637.88, 2236.14, 2612.5, 2807.98, 3023.7, 3653.67, 5020.47, 6506.73, 6721.72, 8787.14]",amount_not_seen_in_6_months
BANK000638,finance partners,22789.31,bank,2024-09-06 00:00:00,39,"[3305.02, 4494.18, 7798.42, 9620.14, 11603.85, 11801.23, 12218.64, 13736.19, 13841.39, 14086.98]",amount_not_seen_in_6_months
BANK000748,software house,39612.94,bank,2024-09-06 00:00:00,33,"[418.55, 1227.0, 1716.03, 2671.68, 4170.92, 5219.64, 5557.53, 7123.78, 11921.51, 12819.0]",amount_not_seen_in_6_months
BANK000839,finance partners,38969.16,bank,2024-09-06 00:00:00,39,"[3305.02, 4494.18, 7798.42, 9620.14, 11603.85, 11801.23, 12218.64, 13736.19, 13841.39, 14086.98]",amount_not_seen_in_6_months
BANK000971,finance partners,36306.9,bank,2024-09-06 00:00:00,39,"[3305.02, 4494.18, 7798.42, 9620.14, 11603.85, 11801.23, 12218.64, 13736.19, 13841.39, 14086.98]",amount_not_seen_in_6_months
BANK000978,data systems,38760.87,bank,2024-09-06 00:00:00,51,"[1637.88, 2236.14, 2612.5, 2807.98, 3023.7, 3653.67, 5020.47, 6506.73, 6721.72, 8787.14]",amount_not_seen_in_6_months
GL000019,ts,48194.27,gl,2024-09-06 00:00:00,20,"[651.92, 2465.51, 8214.48, 11651.17, 13595.68, 13808.19, 15191.41, 18862.79, 23303.27, 25821.0]",amount_not_seen_in_6_months
GL000493,abc,17946.36,gl,2024-09-06 00:00:00,153,"[1692.86, 1945.49, 1974.47, 2618.67, 2671.39, 2686.89, 2958.7, 3141.78, 3546.74, 3553.49]",amount_not_seen_in_6_months
BANK000142,xyz,21060.93,bank,2024-09-07 00:00:00,128,"[388.0, 502.32, 915.68, 1005.8, 1101.89, 1500.2, 1700.92, 2691.94, 3493.03, 4624.3]",amount_not_seen_in_6_months
BANK000451,finance partners,34542.97,bank,2024-09-07 00:00:00,42,"[3305.02, 4494.18, 7798.42, 9620.14, 11603.85, 11801.23, 12218.64, 13736.19, 13841.39, 14086.98]",amount_not_seen_in_6_months
BANK000487,xyz,35874.21,bank,2024-09-07 00:00:00,128,"[388.0, 502.32, 915.68, 1005.8, 1101.89, 1500.2, 1700.92, 2691.94, 3493.03, 4624.3]",amount_not_seen_in_6_months
BANK000850,finance partners,49807.33,bank,2024-09-07 00:00:00,42,"[3305.02, 4494.18, 7798.42, 9620.14, 11603.85, 11801.23, 12218.64, 13736.19, 13841.39, 14086.98]",amount_not_seen_in_6_months
GL000474,a b c,1203.49,gl,2024-09-07 00:00:00,17,"[147.68, 3949.0, 8274.66, 13900.37, 15300.33, 21619.5, 22755.35, 24146.83, 27006.7, 28196.76]",amount_not_seen_in_6_months
GL000971,smith,8772.25,gl,2024-09-07 00:00:00,142,"[981.66, 1502.68, 1536.1, 1683.57, 2182.3, 2254.69, 2682.11, 2710.48, 3100.0, 3733.19]",amount_not_seen_in_6_months
GL001192,abc,17299.37,gl,2024-09-07 00:00:00,153,"[1692.86, 1945.49, 1974.47, 2618.67, 2671.39, 2686.89, 2958.7, 3141.78, 3546.74, 3553.49]",amount_not_seen_in_6_months
BANK000163,xyz,31929.7,bank,2024-09-08 00:00:00,130,"[388.0, 502.32, 915.68, 1005.8, 1101.89, 1500.2, 1700.92, 2691.94, 3493.03, 4624.3]",amount_not_seen_in_6_months
BANK000268,digital agency,34336.27,bank,2024-09-08 00:00:00,26,"[233.52, 381.69, 1443.11, 1728.73, 2035.25, 5099.88, 5976.27, 7840.56, 12694.28, 13151.5]",amount_not_seen_in_6_months
BANK000391,global services,14350.29,bank,2024-09-08 00:00:00,127,"[440.82, 941.92, 1496.57, 1838.45, 2451.33, 2512.42, 2846.39, 4793.34, 5099.86, 5339.09]",amount_not_seen_in_6_months
BANK000798,digital agency,15616.37,bank,2024-09-08 00:00:00,26,"[233.52, 381.69, 1443.11, 1728.73, 2035.25, 5099.88, 5976.27, 7840.56, 12694.28, 13151.5]",amount_not_seen_in_6_months
BANK000888,finance partners,3835.78,bank,2024-09-08 00:00:00,44,"[3305.02, 4494.18, 7798.42, 9620.14, 11603.85, 11801.23, 12218.64, 13736.19, 13841.39, 14086.98]",amount_not_seen_in_6_months
GL000257,smith,15437.37,gl,2024-09-08 00:00:00,143,"[981.66, 1502.68, 1536.1, 1683.57, 2182.3, 2254.69, 2682.11, 2710.48, 3100.0, 3733.19]",amount_not_seen_in_6_months
GL000712,global services,38242.77,gl,2024-09-08 00:00:00,127,"[440.82, 941.92, 1496.57, 1838.45, 2451.33, 2512.42, 2846.39, 4793.34, 5099.86, 5339.09]",amount_not_seen_in_6_months
BANK000248,xyz,1956.89,bank,2024-09-09 00:00:00,130,"[388.0, 502.32, 915.68, 1005.8, 1101.89, 1500.2, 1700.92, 2691.94, 3493.03, 4624.3]",amount_not_seen_in_6_months
BANK000468,smith,27210.69,bank,2024-09-09 00:00:00,143,"[981.66, 1502.68, 1536.1, 1683.57, 2182.3, 2254.69, 2682.11, 2710.48, 3100.0, 3733.19]",amount_not_seen_in_6_months
BANK000696,business tools,18476.85,bank,2024-09-09 00:00:00,40,"[1071.89, 2386.64, 2725.18, 2924.58, 6805.84, 6938.12, 7791.75, 7831.76, 8757.6, 10437.19]",amount_not_seen_in_6_months
GL000580,smith,10034.78,gl,2024-09-09 00:00:00,143,"[981.66, 1502.68, 1536.1, 1683.57, 2182.3, 2254.69, 2682.11, 2710.48, 3100.0, 3733.19]",amount_not_seen_in_6_months
GL001173,tech solutions,28803.98,gl,2024-09-09 00:00:00,101,"[394.21, 628.33, 1317.04, 1429.69, 2628.44, 2758.2, 2792.87, 3229.76, 3651.87, 3734.56]",amount_not_seen_in_6_months
BANK000148,finance partners,16886.19,bank,2024-09-10 00:00:00,44,"[3305.02, 3835.78, 4494.18, 7798.42, 9620.14, 11603.85, 11801.23, 12218.64, 13736.19, 13841.39]",amount_not_seen_in_6_months
BANK000209,abc,49042.83,bank,2024-09-10 00:00:00,150,"[1692.86, 1945.49, 1974.47, 2618.67, 2671.39, 2686.89, 2958.7, 3141.78, 3546.74, 3553.49]",amount_not_seen_in_6_months
BANK000573,cloud services,36072.88,bank,2024-09-10 00:00:00,34,"[3071.84, 7317.63, 7769.8, 8379.55, 9072.81, 12268.79, 13843.17, 14581.58, 15210.74, 15994.65]",amount_not_seen_in_6_months
BANK000622,data systems,37151.66,bank,2024-09-10 00:00:00,53,"[1637.88, 2236.14, 2612.5, 2807.98, 3023.7, 3653.67, 5020.47, 6506.73, 6721.72, 8787.14]",amount_not_seen_in_6_months
BANK000641,tech solutions,41259.9,bank,2024-09-10 00:00:00,102,"[394.21, 628.33, 1317.04, 1429.69, 2628.44, 2758.2, 2792.87, 3229.76, 3651.87, 3734.56]",amount_not_seen_in_6_months
GL000285,tech solutions,36845.79,gl,2024-09-10 00:00:00,102,"[394.21, 628.33, 1317.04, 1429.69, 2628.44, 2758.2, 2792.87, 3229.76, 3651.87, 3734.56]",amount_not_seen_in_6_months
GL000382,global serv,42764.22,gl,2024-09-10 00:00:00,19,"[2350.01, 2823.72, 5548.64, 10297.71, 10669.81, 15665.43, 16388.95, 22973.22, 24895.0, 32711.28]",amount_not_seen_in_6_months
GL000456,xyz,38612.38,gl,2024-09-10 00:00:00,129,"[388.0, 502.32, 915.68, 1005.8, 1101.89, 1500.2, 1700.92, 1956.89, 2691.94, 3493.03]",amount_not_seen_in_6_months
GL000585,a b c,24677.16,gl,2024-09-10 00:00:00,18,"[147.68, 1203.49, 3949.0, 8274.66, 13900.37, 15300.33, 21619.5, 22755.35, 24146.83, 27006.7]",amount_not_seen_in_6_months
GL000945,tech solutions,46152.14,gl,2024-09-10 00:00:00,102,"[394.21, 628.33, 1317.04, 1429.69, 2628.44, 2758.2, 2792.87, 3229.76, 3651.87, 3734.56]",amount_not_seen_in_6_months
GL001124,abc,48569.94,gl,2024-09-10 00:00:00,150,"[1692.86, 1945.49, 1974.47, 2618.67, 2671.39, 2686.89, 2958.7, 3141.78, 3546.74, 3553.49]",amount_not_seen_in_6_months
BANK000222,cloud services,34188.42,bank,2024-09-11 00:00:00,34,"[3071.84, 7317.63, 7769.8, 8379.55, 9072.81, 12268.79, 14581.58, 15210.74, 15994.65, 17605.69]",amount_not_seen_in_6_months
BANK000524,consulting group,18046.27,bank,2024-09-11 00:00:00,31,"[359.24, 1393.08, 2381.35, 4043.06, 6801.86, 7100.8, 12462.41, 13739.02, 14288.53, 15486.83]",amount_not_seen_in_6_months
GL000399,abc,33812.23,gl,2024-09-11 00:00:00,152,"[1692.86, 1945.49, 1974.47, 2618.67, 2671.39, 2686.89, 2958.7, 3141.78, 3546.74, 3553.49]",amount_not_seen_in_6_months
GL000943,xyz,17270.47,gl,2024-09-11 00:00:00,130,"[388.0, 502.32, 915.68, 1005.8, 1101.89, 1500.2, 1700.92, 1956.89, 2691.94, 3493.03]",amount_not_seen_in_6_months
BANK000198,digital agency,41623.94,bank,2024-09-12 00:00:00,27,"[233.52, 381.69, 1443.11, 1728.73, 2035.25, 5099.88, 5976.27, 7840.56, 12694.28, 13151.5]",amount_not_seen_in_6_months
BANK000891,consulting group,22460.12,bank,2024-09-12 00:00:00,32,"[359.24, 1393.08, 2381.35, 4043.06, 6801.86, 7100.8, 12462.41, 13739.02, 14288.53, 15486.83]",amount_not_seen_in_6_months
GL000367,smith,36268.99,gl,2024-09-12 00:00:00,139,"[981.66, 1502.68, 1536.1, 1683.57, 2182.3, 2682.11, 2710.48, 3100.0, 3733.19, 4151.25]",amount_not_seen_in_6_months
GL000588,global serv,19088.73,gl,2024-09-12 00:00:00,20,"[2350.01, 2823.72, 5548.64, 10297.71, 10669.81, 15665.43, 16388.95, 22973.22, 24895.0, 32711.28]",amount_not_seen_in_6_months
GL000809,xyz,2147.86,gl,2024-09-12 00:00:00,130,"[388.0, 502.32, 915.68, 1005.8, 1101.89, 1500.2, 1700.92, 1956.89, 2691.94, 3493.03]",amount_not_seen_in_6_months
GL000826,smith,1081.06,gl,2024-09-12 00:00:00,139,"[981.66, 1502.68, 1536.1, 1683.57, 2182.3, 2682.11, 2710.48, 3100.0, 3733.19, 4151.25]",amount_not_seen_in_6_months
GL000967,global svcs,31053.48,gl,2024-09-12 00:00:00,18,"[2652.17, 5916.22, 7800.91, 10773.69, 14816.48, 17394.18, 20802.17, 20953.11, 26753.3, 31852.82]",amount_not_seen_in_6_months
GL001051,global svcs,4603.13,gl,2024-09-12 00:00:00,18,"[2652.17, 5916.22, 7800.91, 10773.69, 14816.48, 17394.18, 20802.17, 20953.11, 26753.3, 31852.82]",amount_not_seen_in_6_months
BANK000432,abc,25505.21,bank,2024-09-13 00:00:00,152,"[1692.86, 1945.49, 1974.47, 2618.67, 2671.39, 2686.89, 2958.7, 3141.78, 3546.74, 3553.49]",amount_not_seen_in_6_months
BANK000985,data systems,6780.67,bank,2024-09-13 00:00:00,54,"[1637.88, 2236.14, 2612.5, 2807.98, 3023.7, 3653.67, 5020.47, 6506.73, 6721.72, 8787.14]",amount_not_seen_in_6_months
GL000046,abc,35486.1,gl,2024-09-13 00:00:00,152,"[1692.86, 1945.49, 1974.47, 2618.67, 2671.39, 2686.89, 2958.7, 3141.78, 3546.74, 3553.49]",amount_not_seen_in_6_months
GL000065,x y z,44348.9,gl,2024-09-13 00:00:00,20,"[6775.77, 6864.57, 7936.33, 9592.05, 10738.87, 12342.19, 13638.0, 14474.45, 20512.0, 22093.03]",amount_not_seen_in_6_months
GL000785,xyz,12359.2,gl,2024-09-13 00:00:00,131,"[388.0, 502.32, 915.68, 1005.8, 1101.89, 1500.2, 1700.92, 1956.89, 2147.86, 2691.94]",amount_not_seen_in_6_months
GL000014,abc,30701.13,gl,2024-09-14 00:00:00,154,"[1692.86, 1945.49, 1974.47, 2618.67, 2671.39, 2686.89, 2958.7, 3141.78, 3546.74, 3553.49]",amount_not_seen_in_6_months
GL000123,global services,37902.68,gl,2024-09-14 00:00:00,125,"[440.82, 941.92, 1496.57, 1838.45, 2451.33, 2512.42, 2846.39, 4793.34, 5099.86, 5339.09]",amount_not_seen_in_6_months
GL000506,xyz,4586.64,gl,2024-09-14 00:00:00,130,"[388.0, 502.32, 915.68, 1005.8, 1101.89, 1500.2, 1700.92, 1956.89, 2147.86, 2691.94]",amount_not_seen_in_6_months
GL000620,smith,27371.02,gl,2024-09-14 00:00:00,137,"[981.66, 1081.06, 1502.68, 1536.1, 1683.57, 2182.3, 2682.11, 2710.48, 3100.0, 3733.19]",amount_not_seen_in_6_months
GL000841,abc,10752.01,gl,2024-09-14 00:00:00,154,"[1692.86, 1945.49, 1974.47, 2618.67, 2671.39, 2686.89, 2958.7, 3141.78, 3546.74, 3553.49]",amount_not_seen_in_6_months
GL000921,xyz,48964.67,gl,2024-09-14 00:00:00,130,"[388.0, 502.32, 915.68, 1005.8, 1101.89, 1500.2, 1700.92, 1956.89, 2147.86, 2691.94]",amount_not_seen_in_6_months
GL000949,global services,12106.4,gl,2024-09-14 00:00:00,125,"[440.82, 941.92, 1496.57, 1838.45, 2451.33, 2512.42, 2846.39, 4793.34, 5099.86, 5339.09]",amount_not_seen_in_6_months
BANK000004,cloud services,11010.03,bank,2024-09-15 00:00:00,34,"[7317.63, 7769.8, 8379.55, 9072.81, 12268.79, 14581.58, 15210.74, 15994.65, 17605.69, 19049.56]",amount_not_seen_in_6_months
BANK000428,consulting group,3769.23,bank,2024-09-15 00:00:00,33,"[359.24, 1393.08, 2381.35, 4043.06, 6801.86, 7100.8, 12462.41, 13739.02, 14288.53, 15486.83]",amount_not_seen_in_6_months
BANK000485,global services,27427.7,bank,2024-09-15 00:00:00,127,"[440.82, 941.92, 1496.57, 1838.45, 2451.33, 2512.42, 2846.39, 4793.34, 5099.86, 5339.09]",amount_not_seen_in_6_months
BANK000536,consulting group,556.16,bank,2024-09-15 00:00:00,33,"[359.24, 1393.08, 2381.35, 4043.06, 6801.86, 7100.8, 12462.41, 13739.02, 14288.53, 15486.83]",amount_not_seen_in_6_months
BANK000618,software house,48195.07,bank,2024-09-15 00:00:00,31,"[1227.0, 1716.03, 2671.68, 4170.92, 5219.64, 5557.53, 7123.78, 12819.0, 14779.47, 16825.89]",amount_not_seen_in_6_months
BANK000887,consulting group,46725.13,bank,2024-09-15 00:00:00,33,"[359.24, 1393.08, 2381.35, 4043.06, 6801.86, 7100.8, 12462.41, 13739.02, 14288.53, 15486.83]",amount_not_seen_in_6_months
GL000112,global svcs,44561.9,gl,2024-09-15 00:00:00,19,"[2652.17, 4603.13, 5916.22, 7800.91, 10773.69, 14816.48, 17394.18, 20802.17, 20953.11, 26753.3]",amount_not_seen_in_6_months
GL000543,global services,13390.43,gl,2024-09-15 00:00:00,127,"[440.82, 941.92, 1496.57, 1838.45, 2451.33, 2512.42, 2846.39, 4793.34, 5099.86, 5339.09]",amount_not_seen_in_6_months
GL000736,abc,2956.08,gl,2024-09-15 00:00:00,156,"[1692.86, 1945.49, 1974.47, 2618.67, 2671.39, 2686.89, 2958.7, 3141.78, 3546.74, 3553.49]",amount_not_seen_in_6_months
GL001015,smith,49918.23,gl,2024-09-15 00:00:00,137,"[981.66, 1081.06, 1502.68, 1536.1, 1683.57, 2182.3, 2682.11, 2710.48, 3100.0, 3733.19]",amount_not_seen_in_6_months
GL001174,ts,49253.96,gl,2024-09-15 00:00:00,21,"[651.92, 2465.51, 8214.48, 11651.17, 13595.68, 13808.19, 15191.41, 18862.79, 23303.27, 25821.0]",amount_not_seen_in_6_months
BANK000067,tech solutions,26927.96,bank,2024-09-16 00:00:00,103,"[394.21, 628.33, 1317.04, 1429.69, 2628.44, 2758.2, 3229.76, 3651.87, 3734.56, 4688.48]",amount_not_seen_in_6_months
BANK000202,tech solutions,17059.77,bank,2024-09-16 00:00:00,103,"[394.21, 628.33, 1317.04, 1429.69, 2628.44, 2758.2, 3229.76, 3651.87, 3734.56, 4688.48]",amount_not_seen_in_6_months
BANK000320,audit solutions,30788.92,bank,2024-09-16 00:00:00,31,"[3207.06, 6180.23, 7004.87, 12486.12, 13045.37, 16621.62, 17074.76, 17349.79, 19145.29, 21609.45]",amount_not_seen_in_6_months
BANK000436,data systems,29726.86,bank,2024-09-16 00:00:00,53,"[1637.88, 2236.14, 2612.5, 2807.98, 3023.7, 3653.67, 5020.47, 6506.73, 6721.72, 6780.67]",amount_not_seen_in_6_months
BANK000803,audit solutions,15625.04,bank,2024-09-16 00:00:00,31,"[3207.06, 6180.23, 7004.87, 12486.12, 13045.37, 16621.62, 17074.76, 17349.79, 19145.29, 21609.45]",amount_not_seen_in_6_months
GL000181,smith,27758.33,gl,2024-09-16 00:00:00,138,"[981.66, 1081.06, 1502.68, 1536.1, 1683.57, 2182.3, 2682.11, 2710.48, 3100.0, 3733.19]",amount_not_seen_in_6_months
GL000262,smith and,14596.17,gl,2024-09-16 00:00:00,14,"[1447.0, 4578.24, 11790.62, 15599.75, 19488.96, 27541.69, 32784.5, 35515.88, 38751.34, 39397.09]",amount_not_seen_in_6_months
GL000618,global services,1750.91,gl,2024-09-16 00:00:00,128,"[440.82, 941.92, 1496.57, 1838.45, 2451.33, 2512.42, 2846.39, 4793.34, 5099.86, 5339.09]",amount_not_seen_in_6_months
GL000655,smith,19283.92,gl,2024-09-16 00:00:00,138,"[981.66, 1081.06, 1502.68, 1536.1, 1683.57, 2182.3, 2682.11, 2710.48, 3100.0, 3733.19]",amount_not_seen_in_6_months
GL000844,tech solutions,24868.31,gl,2024-09-16 00:00:00,103,"[394.21, 628.33, 1317.04, 1429.69, 2628.44, 2758.2, 3229.76, 3651.87, 3734.56, 4688.48]",amount_not_seen_in_6_months
GL001047,smith,27538.76,gl,2024-09-16 00:00:00,138,"[981.66, 1081.06, 1502.68, 1536.1, 1683.57, 2182.3, 2682.11, 2710.48, 3100.0, 3733.19]",amount_not_seen_in_6_months
GL001184,global svcs,28590.85,gl,2024-09-16 00:00:00,20,"[2652.17, 4603.13, 5916.22, 7800.91, 10773.69, 14816.48, 17394.18, 20802.17, 20953.11, 26753.3]",amount_not_seen_in_6_months
BANK000089,audit solutions,17622.19,bank,2024-09-17 00:00:00,33,"[3207.06, 6180.23, 7004.87, 12486.12, 13045.37, 15625.04, 16621.62, 17074.76, 17349.79, 19145.29]",amount_not_seen_in_6_months
BANK000894,data systems,31913.15,bank,2024-09-17 00:00:00,53,"[1637.88, 2236.14, 2612.5, 2807.98, 3023.7, 3653.67, 5020.47, 6506.73, 6721.72, 6780.67]",amount_not_seen_in_6_months
BANK000907,business tools,24198.3,bank,2024-09-17 00:00:00,37,"[1071.89, 2386.64, 2725.18, 2924.58, 6805.84, 6938.12, 7791.75, 7831.76, 11320.87, 14367.81]",amount_not_seen_in_6_months
GL000234,smith,36935.55,gl,2024-09-17 00:00:00,141,"[981.66, 1081.06, 1502.68, 1536.1, 1683.57, 2182.3, 2682.11, 2710.48, 3100.0, 3733.19]",amount_not_seen_in_6_months
GL000903,ts,15339.0,gl,2024-09-17 00:00:00,22,"[651.92, 2465.51, 8214.48, 11651.17, 13595.68, 13808.19, 15191.41, 18862.79, 23303.27, 25821.0]",amount_not_seen_in_6_months
GL000994,xyz,6564.0,gl,2024-09-17 00:00:00,131,"[388.0, 502.32, 915.68, 1005.8, 1101.89, 1500.2, 1700.92, 1956.89, 2147.86, 2691.94]",amount_not_seen_in_6_months
GL001167,ts,34817.4,gl,2024-09-17 00:00:00,22,"[651.92, 2465.51, 8214.48, 11651.17, 13595.68, 13808.19, 15191.41, 18862.79, 23303.27, 25821.0]",amount_not_seen_in_6_months
BANK000866,xyz,47477.36,bank,2024-09-18 00:00:00,132,"[388.0, 502.32, 915.68, 1005.8, 1101.89, 1500.2, 1700.92, 1956.89, 2147.86, 2691.94]",amount_not_seen_in_6_months
GL000201,ts,35071.76,gl,2024-09-18 00:00:00,24,"[651.92, 2465.51, 8214.48, 11651.17, 13595.68, 13808.19, 15191.41, 15339.0, 18862.79, 23303.27]",amount_not_seen_in_6_months
GL000533,tech solutions,7032.77,gl,2024-09-18 00:00:00,101,"[394.21, 628.33, 1317.04, 1429.69, 2628.44, 2758.2, 3229.76, 3651.87, 3734.56, 4688.48]",amount_not_seen_in_6_months
GL000677,x y z,4902.2,gl,2024-09-18 00:00:00,20,"[6775.77, 6864.57, 7936.33, 9592.05, 10738.87, 12342.19, 13638.0, 14474.45, 22093.03, 22967.33]",amount_not_seen_in_6_months
GL000377,abc,38881.81,gl,2024-09-19 00:00:00,153,"[1692.86, 1945.49, 1974.47, 2618.67, 2671.39, 2686.89, 2956.08, 3141.78, 3546.74, 3553.49]",amount_not_seen_in_6_months
GL000515,smith and,26183.53,gl,2024-09-19 00:00:00,13,"[1447.0, 4578.24, 11790.62, 14596.17, 15599.75, 19488.96, 32784.5, 35515.88, 38751.34, 41221.43]",amount_not_seen_in_6_months
GL001109,xyz,13600.0,gl,2024-09-19 00:00:00,131,"[388.0, 502.32, 915.68, 1005.8, 1101.89, 1500.2, 1700.92, 1956.89, 2147.86, 2691.94]",amount_not_seen_in_6_months
BANK000421,consulting group,24963.45,bank,2024-09-20 00:00:00,35,"[359.24, 556.16, 1393.08, 2381.35, 3769.23, 4043.06, 6801.86, 7100.8, 12462.41, 13739.02]",amount_not_seen_in_6_months
BANK000434,smith,7532.14,bank,2024-09-20 00:00:00,140,"[981.66, 1081.06, 1502.68, 1536.1, 1683.57, 2182.3, 2682.11, 2710.48, 3100.0, 3733.19]",amount_not_seen_in_6_months
BANK000932,xyz,48127.51,bank,2024-09-20 00:00:00,132,"[388.0, 502.32, 915.68, 1005.8, 1101.89, 1500.2, 1700.92, 1956.89, 2147.86, 2691.94]",amount_not_seen_in_6_months
BANK000987,smith,34239.67,bank,2024-09-20 00:00:00,140,"[981.66, 1081.06, 1502.68, 1536.1, 1683.57, 2182.3, 2682.11, 2710.48, 3100.0, 3733.19]",amount_not_seen_in_6_months
GL000026,abc,41668.64,gl,2024-09-20 00:00:00,153,"[1692.86, 1945.49, 1974.47, 2618.67, 2671.39, 2686.89, 2956.08, 3141.78, 3546.74, 3553.49]",amount_not_seen_in_6_months
GL001006,x y z,10295.93,gl,2024-09-20 00:00:00,21,"[4902.2, 6775.77, 6864.57, 7936.33, 9592.05, 10738.87, 12342.19, 13638.0, 14474.45, 22093.03]",amount_not_seen_in_6_months
GL001067,a b c,44780.2,gl,2024-09-20 00:00:00,19,"[147.68, 1203.49, 3949.0, 8274.66, 13900.37, 15300.33, 21619.5, 22755.35, 24146.83, 24677.16]",amount_not_seen_in_6_months
BANK000692,abc,9049.28,bank,2024-09-21 00:00:00,154,"[1692.86, 1945.49, 1974.47, 2618.67, 2671.39, 2686.89, 2956.08, 3141.78, 3546.74, 3553.49]",amount_not_seen_in_6_months
BANK000783,business tools,25154.86,bank,2024-09-21 00:00:00,37,"[1071.89, 2386.64, 2924.58, 6805.84, 6938.12, 7791.75, 7831.76, 11320.87, 14367.81, 14482.07]",amount_not_seen_in_6_months
GL000021,x y z,9952.39,gl,2024-09-21 00:00:00,22,"[4902.2, 6775.77, 6864.57, 7936.33, 9592.05, 10295.93, 10738.87, 12342.19, 13638.0, 14474.45]",amount_not_seen_in_6_months
BANK000377,tech solutions,46223.09,bank,2024-09-22 00:00:00,101,"[394.21, 628.33, 1317.04, 1429.69, 2628.44, 2758.2, 3229.76, 3651.87, 3734.56, 4688.48]",amount_not_seen_in_6_months
BANK000403,smith,41586.4,bank,2024-09-22 00:00:00,141,"[981.66, 1081.06, 1502.68, 1536.1, 1683.57, 2182.3, 2682.11, 2710.48, 3100.0, 3733.19]",amount_not_seen_in_6_months
BANK000883,data systems,43669.86,bank,2024-09-22 00:00:00,53,"[2236.14, 2612.5, 2807.98, 3023.7, 3653.67, 5020.47, 6506.73, 6721.72, 6780.67, 8787.14]",amount_not_seen_in_6_months
GL000162,global services,12481.7,gl,2024-09-22 00:00:00,124,"[440.82, 941.92, 1496.57, 1750.91, 1838.45, 2451.33, 2512.42, 2846.39, 4793.34, 5099.86]",amount_not_seen_in_6_months
GL000337,abc,46548.41,gl,2024-09-22 00:00:00,154,"[1692.86, 1945.49, 1974.47, 2618.67, 2671.39, 2686.89, 2956.08, 3141.78, 3546.74, 3553.49]",amount_not_seen_in_6_months
GL000843,xyz,25359.54,gl,2024-09-22 00:00:00,132,"[388.0, 502.32, 915.68, 1005.8, 1101.89, 1500.2, 1700.92, 1956.89, 2147.86, 2691.94]",amount_not_seen_in_6_months
BANK000486,consulting group,8310.4,bank,2024-09-23 00:00:00,36,"[359.24, 556.16, 1393.08, 2381.35, 3769.23, 4043.06, 6801.86, 7100.8, 12462.41, 13739.02]",amount_not_seen_in_6_months
BANK000702,audit solutions,46071.59,bank,2024-09-23 00:00:00,34,"[3207.06, 6180.23, 7004.87, 12486.12, 13045.37, 15625.04, 16621.62, 17074.76, 17349.79, 17622.19]",amount_not_seen_in_6_months
GL000069,smith,30585.19,gl,2024-09-23 00:00:00,142,"[981.66, 1081.06, 1502.68, 1536.1, 1683.57, 2182.3, 2682.11, 2710.48, 3100.0, 3733.19]",amount_not_seen_in_6_months
GL000195,abc,3392.44,gl,2024-09-23 00:00:00,155,"[1692.86, 1945.49, 1974.47, 2618.67, 2671.39, 2686.89, 2956.08, 3141.78, 3546.74, 3553.49]",amount_not_seen_in_6_months
GL000266,xyz,2553.51,gl,2024-09-23 00:00:00,133,"[388.0, 502.32, 915.68, 1005.8, 1101.89, 1500.2, 1700.92, 1956.89, 2147.86, 2691.94]",amount_not_seen_in_6_months
GL000910,tech solutions,29258.68,gl,2024-09-23 00:00:00,102,"[394.21, 628.33, 1317.04, 1429.69, 2628.44, 2758.2, 3229.76, 3651.87, 3734.56, 4688.48]",amount_not_seen_in_6_months
BANK000862,global services,38920.15,bank,2024-09-24 00:00:00,125,"[440.82, 941.92, 1496.57, 1750.91, 1838.45, 2451.33, 2512.42, 2846.39, 4793.34, 5099.86]",amount_not_seen_in_6_months
GL000319,tech solutions,46376.42,gl,2024-09-25 00:00:00,103,"[394.21, 628.33, 1317.04, 1429.69, 2628.44, 2758.2, 3229.76, 3651.87, 3734.56, 4688.48]",amount_not_seen_in_6_months
GL000335,xyz,41345.97,gl,2024-09-25 00:00:00,134,"[388.0, 502.32, 915.68, 1005.8, 1101.89, 1500.2, 1700.92, 1956.89, 2147.86, 2553.51]",amount_not_seen_in_6_months
GL000387,global svcs,33835.86,gl,2024-09-25 00:00:00,21,"[2652.17, 4603.13, 5916.22, 7800.91, 10773.69, 14816.48, 17394.18, 20802.17, 20953.11, 26753.3]",amount_not_seen_in_6_months
GL000473,smith,12599.17,gl,2024-09-25 00:00:00,141,"[981.66, 1081.06, 1502.68, 1536.1, 1683.57, 2182.3, 2682.11, 2710.48, 3100.0, 3733.19]",amount_not_seen_in_6_months
GL000596,ts,20990.11,gl,2024-09-25 00:00:00,24,"[651.92, 2465.51, 11651.17, 13595.68, 13808.19, 15191.41, 15339.0, 18862.79, 23303.27, 25821.0]",amount_not_seen_in_6_months
GL000692,global services,19683.29,gl,2024-09-25 00:00:00,126,"[440.82, 941.92, 1496.57, 1750.91, 1838.45, 2451.33, 2512.42, 2846.39, 4793.34, 5099.86]",amount_not_seen_in_6_months
BANK000338,abc,41772.48,bank,2024-09-26 00:00:00,154,"[1692.86, 1945.49, 1974.47, 2618.67, 2671.39, 2686.89, 2956.08, 3141.78, 3392.44, 3546.74]",amount_not_seen_in_6_months
BANK000363,data systems,3477.2,bank,2024-09-26 00:00:00,53,"[2236.14, 2612.5, 2807.98, 3023.7, 3653.67, 5020.47, 6506.73, 6721.72, 6780.67, 8787.14]",amount_not_seen_in_6_months
BANK000745,finance partners,38740.89,bank,2024-09-26 00:00:00,41,"[3305.02, 3835.78, 4494.18, 7798.42, 9620.14, 11603.85, 11801.23, 12218.64, 13736.19, 13841.39]",amount_not_seen_in_6_months
GL000355,abc,18326.92,gl,2024-09-26 00:00:00,154,"[1692.86, 1945.49, 1974.47, 2618.67, 2671.39, 2686.89, 2956.08, 3141.78, 3392.44, 3546.74]",amount_not_seen_in_6_months
GL000721,abc,25906.69,gl,2024-09-26 00:00:00,154,"[1692.86, 1945.49, 1974.47, 2618.67, 2671.39, 2686.89, 2956.08, 3141.78, 3392.44, 3546.74]",amount_not_seen_in_6_months
GL001022,smith,38054.42,gl,2024-09-26 00:00:00,142,"[981.66, 1081.06, 1502.68, 1536.1, 1683.57, 2182.3, 2682.11, 2710.48, 3100.0, 3733.19]",amount_not_seen_in_6_months
GL000116,abc,44135.98,gl,2024-09-27 00:00:00,155,"[1692.86, 1945.49, 1974.47, 2618.67, 2671.39, 2686.89, 2956.08, 3141.78, 3392.44, 3546.74]",amount_not_seen_in_6_months
GL000273,global svcs,20015.74,gl,2024-09-27 00:00:00,22,"[2652.17, 4603.13, 5916.22, 7800.91, 10773.69, 14816.48, 17394.18, 20802.17, 20953.11, 26753.3]",amount_not_seen_in_6_months
GL001001,ts,28978.39,gl,2024-09-27 00:00:00,25,"[651.92, 2465.51, 11651.17, 13595.68, 13808.19, 15191.41, 15339.0, 18862.79, 20990.11, 23303.27]",amount_not_seen_in_6_months
GL001079,abc,37641.98,gl,2024-09-27 00:00:00,155,"[1692.86, 1945.49, 1974.47, 2618.67, 2671.39, 2686.89, 2956.08, 3141.78, 3392.44, 3546.74]",amount_not_seen_in_6_months
BANK000033,abc,47679.64,bank,2024-09-28 00:00:00,155,"[1692.86, 1945.49, 1974.47, 2618.67, 2671.39, 2686.89, 2956.08, 3141.78, 3392.44, 3546.74]",amount_not_seen_in_6_months
BANK000059,smith,23891.75,bank,2024-09-28 00:00:00,141,"[981.66, 1081.06, 1502.68, 1536.1, 1683.57, 2182.3, 2682.11, 2710.48, 3100.0, 3733.19]",amount_not_seen_in_6_months
BANK000220,audit solutions,7363.93,bank,2024-09-28 00:00:00,33,"[3207.06, 6180.23, 7004.87, 12486.12, 13045.37, 15625.04, 16621.62, 17074.76, 17349.79, 17622.19]",amount_not_seen_in_6_months
BANK000458,global services,2633.19,bank,2024-09-28 00:00:00,126,"[440.82, 941.92, 1496.57, 1750.91, 1838.45, 2451.33, 2512.42, 2846.39, 4793.34, 5099.86]",amount_not_seen_in_6_months
BANK000700,global services,5287.06,bank,2024-09-28 00:00:00,126,"[440.82, 941.92, 1496.57, 1750.91, 1838.45, 2451.33, 2512.42, 2846.39, 4793.34, 5099.86]",amount_not_seen_in_6_months
GL000356,global services,10129.19,gl,2024-09-28 00:00:00,126,"[440.82, 941.92, 1496.57, 1750.91, 1838.45, 2451.33, 2512.42, 2846.39, 4793.34, 5099.86]",amount_not_seen_in_6_months
GL000478,xyz,46599.42,gl,2024-09-28 00:00:00,132,"[388.0, 502.32, 915.68, 1005.8, 1101.89, 1500.2, 1700.92, 1956.89, 2147.86, 2553.51]",amount_not_seen_in_6_months
GL000877,tech sol,42430.21,gl,2024-09-28 00:00:00,12,"[231.07, 8065.0, 8945.82, 11106.0, 13628.32, 14294.17, 19058.62, 19959.55, 22018.42, 25300.89]",amount_not_seen_in_6_months
GL000361,xyz,8035.37,gl,2024-09-29 00:00:00,133,"[388.0, 502.32, 915.68, 1005.8, 1101.89, 1500.2, 1700.92, 1956.89, 2147.86, 2553.51]",amount_not_seen_in_6_months
GL000385,smith,4599.99,gl,2024-09-29 00:00:00,142,"[981.66, 1081.06, 1502.68, 1536.1, 1683.57, 2182.3, 2682.11, 2710.48, 3100.0, 3733.19]",amount_not_seen_in_6_months
GL000524,global services,22014.13,gl,2024-09-29 00:00:00,128,"[440.82, 941.92, 1496.57, 1750.91, 1838.45, 2451.33, 2512.42, 2633.19, 2846.39, 4793.34]",amount_not_seen_in_6_months
GL000525,tech solutions,9540.92,gl,2024-09-29 00:00:00,103,"[394.21, 628.33, 1317.04, 1429.69, 2628.44, 2758.2, 3229.76, 3651.87, 3734.56, 4688.48]",amount_not_seen_in_6_months
GL000745,global services,1758.71,gl,2024-09-29 00:00:00,128,"[440.82, 941.92, 1496.57, 1750.91, 1838.45, 2451.33, 2512.42, 2633.19, 2846.39, 4793.34]",amount_not_seen_in_6_months
BANK000016,digital agency,31785.42,bank,2024-09-30 00:00:00,26,"[233.52, 381.69, 1443.11, 1728.73, 2035.25, 5099.88, 5976.27, 7840.56, 12694.28, 13151.5]",amount_not_seen_in_6_months
BANK000214,audit solutions,42631.83,bank,2024-09-30 00:00:00,34,"[3207.06, 6180.23, 7004.87, 7363.93, 12486.12, 13045.37, 15625.04, 16621.62, 17074.76, 17349.79]",amount_not_seen_in_6_months
BANK000523,software house,19095.02,bank,2024-09-30 00:00:00,29,"[1227.0, 2671.68, 4170.92, 5219.64, 5557.53, 7123.78, 16825.89, 17535.21, 22060.96, 22558.48]",amount_not_seen_in_6_months
BANK000640,audit solutions,42520.3,bank,2024-09-30 00:00:00,34,"[3207.06, 6180.23, 7004.87, 7363.93, 12486.12, 13045.37, 15625.04, 16621.62, 17074.76, 17349.79]",amount_not_seen_in_6_months
GL000388,abc,22004.0,gl,2024-09-30 00:00:00,155,"[1692.86, 1945.49, 1974.47, 2618.67, 2671.39, 2686.89, 2956.08, 3141.78, 3392.44, 3546.74]",amount_not_seen_in_6_months
GL000599,global serv,25186.51,gl,2024-09-30 00:00:00,20,"[2350.01, 2823.72, 5548.64, 10669.81, 15665.43, 16388.95, 19088.73, 22973.22, 24895.0, 32711.28]",amount_not_seen_in_6_months
GL000898,tech solutions,12862.93,gl,2024-09-30 00:00:00,104,"[394.21, 628.33, 1317.04, 1429.69, 2628.44, 2758.2, 3229.76, 3651.87, 3734.56, 4688.48]",amount_not_seen_in_6_months
GL001085,abc,33678.0,gl,2024-09-30 00:00:00,155,"[1692.86, 1945.49, 1974.47, 2618.67, 2671.39, 2686.89, 2956.08, 3141.78, 3392.44, 3546.74]",amount_not_seen_in_6_months
GL001088,smith and,16134.32,gl,2024-09-30 00:00:00,13,"[1447.0, 4578.24, 11790.62, 14596.17, 15599.75, 19488.96, 26183.53, 32784.5, 35515.88, 38751.34]",amount_not_seen_in_6_months
BANK000028,business tools,34117.35,bank,2024-10-01 00:00:00,36,"[1071.89, 2386.64, 2924.58, 6805.84, 6938.12, 7791.75, 7831.76, 11320.87, 14367.81, 14482.07]",amount_not_seen_in_6_months
BANK000588,cloud services,35111.55,bank,2024-10-01 00:00:00,30,"[7317.63, 7769.8, 8379.55, 9072.81, 11010.03, 12268.79, 14581.58, 15210.74, 15994.65, 17605.69]",amount_not_seen_in_6_months
BANK000606,smith,28909.66,bank,2024-10-01 00:00:00,142,"[981.66, 1081.06, 1502.68, 1536.1, 1683.57, 2182.3, 2682.11, 2710.48, 3100.0, 3733.19]",amount_not_seen_in_6_months
GL000190,smith,13664.26,gl,2024-10-01 00:00:00,142,"[981.66, 1081.06, 1502.68, 1536.1, 1683.57, 2182.3, 2682.11, 2710.48, 3100.0, 3733.19]",amount_not_seen_in_6_months
GL000838,ts,22168.89,gl,2024-10-01 00:00:00,24,"[651.92, 11651.17, 13595.68, 13808.19, 15339.0, 18862.79, 20990.11, 23303.27, 25821.0, 28110.34]",amount_not_seen_in_6_months
GL000888,abc,14317.84,gl,2024-10-01 00:00:00,157,"[1692.86, 1945.49, 1974.47, 2618.67, 2671.39, 2686.89, 2956.08, 3141.78, 3392.44, 3546.74]",amount_not_seen_in_6_months
GL000931,global svcs,49209.69,gl,2024-10-01 00:00:00,23,"[2652.17, 4603.13, 5916.22, 7800.91, 10773.69, 14816.48, 17394.18, 20015.74, 20802.17, 20953.11]",amount_not_seen_in_6_months
BANK000094,software house,184.39,bank,2024-10-02 00:00:00,30,"[1227.0, 2671.68, 4170.92, 5219.64, 5557.53, 7123.78, 16825.89, 17535.21, 19095.02, 22060.96]",amount_not_seen_in_6_months
BANK000456,tech solutions,10183.19,bank,2024-10-02 00:00:00,104,"[394.21, 628.33, 1317.04, 1429.69, 2628.44, 2758.2, 3229.76, 3651.87, 3734.56, 4688.48]",amount_not_seen_in_6_months
BANK000497,audit solutions,6019.8,bank,2024-10-02 00:00:00,36,"[3207.06, 6180.23, 7004.87, 7363.93, 12486.12, 13045.37, 15625.04, 16621.62, 17074.76, 17349.79]",amount_not_seen_in_6_months
GL000039,smith and,13618.39,gl,2024-10-02 00:00:00,14,"[1447.0, 4578.24, 11790.62, 14596.17, 15599.75, 16134.32, 19488.96, 26183.53, 32784.5, 35515.88]",amount_not_seen_in_6_months
GL000743,smith and,37038.28,gl,2024-10-02 00:00:00,14,"[1447.0, 4578.24, 11790.62, 14596.17, 15599.75, 16134.32, 19488.96, 26183.53, 32784.5, 35515.88]",amount_not_seen_in_6_months
BANK000130,abc,1067.23,bank,2024-10-03 00:00:00,156,"[1692.86, 1945.49, 1974.47, 2618.67, 2671.39, 2686.89, 2956.08, 3141.78, 3392.44, 3546.74]",amount_not_seen_in_6_months
BANK000496,smith,48210.8,bank,2024-10-03 00:00:00,143,"[981.66, 1081.06, 1502.68, 1536.1, 1683.57, 2182.3, 2682.11, 2710.48, 3100.0, 3733.19]",amount_not_seen_in_6_months
BANK000945,digital agency,19355.21,bank,2024-10-03 00:00:00,27,"[233.52, 381.69, 1443.11, 1728.73, 2035.25, 5099.88, 5976.27, 7840.56, 12694.28, 13151.5]",amount_not_seen_in_6_months
BANK000983,consulting group,13104.75,bank,2024-10-03 00:00:00,33,"[359.24, 556.16, 2381.35, 3769.23, 4043.06, 6801.86, 7100.8, 8310.4, 12462.41, 13739.02]",amount_not_seen_in_6_months
GL000366,tech solutions,34403.27,gl,2024-10-03 00:00:00,104,"[394.21, 628.33, 1317.04, 1429.69, 2628.44, 2758.2, 3229.76, 3651.87, 3734.56, 4688.48]",amount_not_seen_in_6_months
GL000527,tech sol,15063.31,gl,2024-10-03 00:00:00,13,"[231.07, 8065.0, 8945.82, 11106.0, 13628.32, 14294.17, 19058.62, 19959.55, 22018.42, 25300.89]",amount_not_seen_in_6_months
GL000572,xyz,42097.81,gl,2024-10-03 00:00:00,132,"[388.0, 502.32, 915.68, 1005.8, 1101.89, 1500.2, 1700.92, 1956.89, 2147.86, 2553.51]",amount_not_seen_in_6_months
GL000790,smith,33120.11,gl,2024-10-03 00:00:00,143,"[981.66, 1081.06, 1502.68, 1536.1, 1683.57, 2182.3, 2682.11, 2710.48, 3100.0, 3733.19]",amount_not_seen_in_6_months
BANK000533,software house,24466.98,bank,2024-10-04 00:00:00,30,"[184.39, 1227.0, 2671.68, 4170.92, 5219.64, 5557.53, 7123.78, 16825.89, 17535.21, 19095.02]",amount_not_seen_in_6_months
BANK000779,audit solutions,33440.24,bank,2024-10-04 00:00:00,37,"[3207.06, 6019.8, 6180.23, 7004.87, 7363.93, 12486.12, 13045.37, 15625.04, 16621.62, 17074.76]",amount_not_seen_in_6_months
BANK000923,abc,10279.65,bank,2024-10-04 00:00:00,155,"[1067.23, 1692.86, 1945.49, 1974.47, 2618.67, 2671.39, 2956.08, 3141.78, 3392.44, 3546.74]",amount_not_seen_in_6_months
GL000318,abc,3043.81,gl,2024-10-04 00:00:00,155,"[1067.23, 1692.86, 1945.49, 1974.47, 2618.67, 2671.39, 2956.08, 3141.78, 3392.44, 3546.74]",amount_not_seen_in_6_months
BANK000205,audit solutions,27640.68,bank,2024-10-05 00:00:00,37,"[3207.06, 6019.8, 6180.23, 7004.87, 7363.93, 12486.12, 13045.37, 15625.04, 17074.76, 17349.79]",amount_not_seen_in_6_months
BANK000254,software house,34315.45,bank,2024-10-05 00:00:00,31,"[184.39, 1227.0, 2671.68, 4170.92, 5219.64, 5557.53, 7123.78, 16825.89, 17535.21, 19095.02]",amount_not_seen_in_6_months
BANK000623,finance partners,5798.91,bank,2024-10-05 00:00:00,40,"[3305.02, 3835.78, 4494.18, 7798.42, 9620.14, 11603.85, 11801.23, 12218.64, 13736.19, 13841.39]",amount_not_seen_in_6_months
BANK000729,business tools,12532.47,bank,2024-10-05 00:00:00,36,"[1071.89, 2386.64, 2924.58, 6805.84, 6938.12, 7791.75, 7831.76, 11320.87, 14367.81, 14482.07]",amount_not_seen_in_6_months
GL000118,global services,27918.05,gl,2024-10-05 00:00:00,129,"[440.82, 941.92, 1496.57, 1750.91, 1758.71, 1838.45, 2451.33, 2512.42, 2633.19, 2846.39]",amount_not_seen_in_6_months
GL000453,smith,38778.39,gl,2024-10-05 00:00:00,144,"[981.66, 1081.06, 1502.68, 1536.1, 1683.57, 2182.3, 2682.11, 2710.48, 3100.0, 3733.19]",amount_not_seen_in_6_months
GL000767,global svcs,16641.34,gl,2024-10-05 00:00:00,22,"[2652.17, 4603.13, 5916.22, 7800.91, 17394.18, 20015.74, 20802.17, 20953.11, 26753.3, 28590.85]",amount_not_seen_in_6_months
GL001018,smith,19895.32,gl,2024-10-05 00:00:00,144,"[981.66, 1081.06, 1502.68, 1536.1, 1683.57, 2182.3, 2682.11, 2710.48, 3100.0, 3733.19]",amount_not_seen_in_6_months
BANK000122,business tools,26957.21,bank,2024-10-06 00:00:00,37,"[1071.89, 2386.64, 2924.58, 6805.84, 6938.12, 7791.75, 7831.76, 11320.87, 12532.47, 14367.81]",amount_not_seen_in_6_months
BANK000368,finance partners,2312.35,bank,2024-10-06 00:00:00,40,"[3305.02, 3835.78, 4494.18, 5798.91, 7798.42, 9620.14, 11801.23, 12218.64, 13736.19, 13841.39]",amount_not_seen_in_6_months
BANK000581,smith,10070.02,bank,2024-10-06 00:00:00,142,"[981.66, 1081.06, 1502.68, 1536.1, 1683.57, 2182.3, 2682.11, 2710.48, 3100.0, 3733.19]",amount_not_seen_in_6_months
BANK000668,software house,21101.09,bank,2024-10-06 00:00:00,32,"[184.39, 1227.0, 2671.68, 4170.92, 5219.64, 5557.53, 7123.78, 16825.89, 17535.21, 19095.02]",amount_not_seen_in_6_months
BANK000930,digital agency,37779.87,bank,2024-10-06 00:00:00,27,"[233.52, 381.69, 1443.11, 1728.73, 2035.25, 5099.88, 5976.27, 12694.28, 13151.5, 14593.59]",amount_not_seen_in_6_months
BANK000962,tech solutions,39858.84,bank,2024-10-06 00:00:00,103,"[394.21, 628.33, 1317.04, 1429.69, 2628.44, 2758.2, 3229.76, 3651.87, 3734.56, 4688.48]",amount_not_seen_in_6_months
GL000279,global services,36882.28,gl,2024-10-06 00:00:00,128,"[440.82, 941.92, 1496.57, 1750.91, 1758.71, 1838.45, 2451.33, 2512.42, 2633.19, 2846.39]",amount_not_seen_in_6_months
GL000539,xyz,5261.67,gl,2024-10-06 00:00:00,130,"[388.0, 502.32, 915.68, 1005.8, 1101.89, 1500.2, 1700.92, 1956.89, 2147.86, 2553.51]",amount_not_seen_in_6_months
GL000581,tech solutions,21776.0,gl,2024-10-06 00:00:00,103,"[394.21, 628.33, 1317.04, 1429.69, 2628.44, 2758.2, 3229.76, 3651.87, 3734.56, 4688.48]",amount_not_seen_in_6_months
BANK000113,consulting group,21394.36,bank,2024-10-07 00:00:00,34,"[359.24, 556.16, 2381.35, 3769.23, 4043.06, 6801.86, 7100.8, 8310.4, 12462.41, 13104.75]",amount_not_seen_in_6_months
GL000544,abc,34188.48,gl,2024-10-07 00:00:00,155,"[1067.23, 1692.86, 1945.49, 1974.47, 2618.67, 2671.39, 2956.08, 3043.81, 3141.78, 3392.44]",amount_not_seen_in_6_months
GL000770,xyz,1729.62,gl,2024-10-07 00:00:00,130,"[388.0, 502.32, 915.68, 1005.8, 1101.89, 1500.2, 1700.92, 1956.89, 2147.86, 2553.51]",amount_not_seen_in_6_months
BANK000716,global services,27842.09,bank,2024-10-08 00:00:00,129,"[440.82, 941.92, 1496.57, 1750.91, 1758.71, 1838.45, 2451.33, 2512.42, 2633.19, 2846.39]",amount_not_seen_in_6_months
BANK000770,consulting group,19705.82,bank,2024-10-08 00:00:00,35,"[359.24, 556.16, 2381.35, 3769.23, 4043.06, 6801.86, 7100.8, 8310.4, 12462.41, 13104.75]",amount_not_seen_in_6_months
BANK000969,consulting group,42627.33,bank,2024-10-08 00:00:00,35,"[359.24, 556.16, 2381.35, 3769.23, 4043.06, 6801.86, 7100.8, 8310.4, 12462.41, 13104.75]",amount_not_seen_in_6_months
GL000062,ts,43702.98,gl,2024-10-08 00:00:00,24,"[651.92, 11651.17, 13595.68, 13808.19, 15339.0, 18862.79, 20990.11, 22168.89, 23303.27, 25821.0]",amount_not_seen_in_6_months
GL000376,global services,48745.76,gl,2024-10-08 00:00:00,129,"[440.82, 941.92, 1496.57, 1750.91, 1758.71, 1838.45, 2451.33, 2512.42, 2633.19, 2846.39]",amount_not_seen_in_6_months
GL000879,x y z,35267.24,gl,2024-10-08 00:00:00,23,"[4902.2, 6775.77, 6864.57, 7936.33, 9592.05, 9952.39, 10295.93, 10738.87, 12342.19, 13638.0]",amount_not_seen_in_6_months
BANK000273,digital agency,32580.74,bank,2024-10-09 00:00:00,28,"[233.52, 381.69, 1443.11, 1728.73, 2035.25, 5099.88, 5976.27, 12694.28, 13151.5, 14593.59]",amount_not_seen_in_6_months
BANK000538,audit solutions,429.96,bank,2024-10-09 00:00:00,36,"[3207.06, 6019.8, 6180.23, 7004.87, 7363.93, 12486.12, 13045.37, 15625.04, 17074.76, 17349.79]",amount_not_seen_in_6_months
BANK000927,abc,15701.43,bank,2024-10-09 00:00:00,155,"[1067.23, 1692.86, 1945.49, 1974.47, 2618.67, 2671.39, 2956.08, 3043.81, 3141.78, 3392.44]",amount_not_seen_in_6_months
GL000007,smith,33626.9,gl,2024-10-09 00:00:00,143,"[981.66, 1081.06, 1502.68, 1536.1, 1683.57, 2182.3, 2682.11, 2710.48, 3100.0, 3733.19]",amount_not_seen_in_6_months
GL000143,abc,45464.5,gl,2024-10-09 00:00:00,155,"[1067.23, 1692.86, 1945.49, 1974.47, 2618.67, 2671.39, 2956.08, 3043.81, 3141.78, 3392.44]",amount_not_seen_in_6_months
GL000959,abc,47782.72,gl,2024-10-09 00:00:00,155,"[1067.23, 1692.86, 1945.49, 1974.47, 2618.67, 2671.39, 2956.08, 3043.81, 3141.78, 3392.44]",amount_not_seen_in_6_months
GL001068,xyz,3587.4,gl,2024-10-09 00:00:00,131,"[388.0, 502.32, 915.68, 1005.8, 1101.89, 1500.2, 1700.92, 1729.62, 1956.89, 2147.86]",amount_not_seen_in_6_months
GL001122,global services,40115.0,gl,2024-10-09 00:00:00,131,"[440.82, 941.92, 1496.57, 1750.91, 1758.71, 1838.45, 2451.33, 2512.42, 2633.19, 2846.39]",amount_not_seen_in_6_months
BANK000027,abc,26502.81,bank,2024-10-10 00:00:00,158,"[1067.23, 1692.86, 1945.49, 1974.47, 2618.67, 2671.39, 2956.08, 3043.81, 3141.78, 3392.44]",amount_not_seen_in_6_months
BANK000162,tech solutions,48717.32,bank,2024-10-10 00:00:00,101,"[394.21, 628.33, 1317.04, 1429.69, 2628.44, 2758.2, 3651.87, 3734.56, 4757.67, 7032.77]",amount_not_seen_in_6_months
BANK000258,global services,3523.65,bank,2024-10-10 00:00:00,129,"[440.82, 941.92, 1496.57, 1750.91, 1758.71, 1838.45, 2451.33, 2512.42, 2633.19, 2846.39]",amount_not_seen_in_6_months
GL000235,smith,49159.88,gl,2024-10-10 00:00:00,144,"[981.66, 1081.06, 1502.68, 1536.1, 1683.57, 2182.3, 2682.11, 2710.48, 3100.0, 3733.19]",amount_not_seen_in_6_months
GL000935,smith and,24178.01,gl,2024-10-10 00:00:00,16,"[1447.0, 4578.24, 11790.62, 13618.39, 14596.17, 15599.75, 16134.32, 19488.96, 26183.53, 32784.5]",amount_not_seen_in_6_months
GL001016,ts,10005.19,gl,2024-10-10 00:00:00,25,"[651.92, 11651.17, 13595.68, 13808.19, 15339.0, 18862.79, 20990.11, 22168.89, 23303.27, 25821.0]",amount_not_seen_in_6_months
GL001133,smith,19607.96,gl,2024-10-10 00:00:00,144,"[981.66, 1081.06, 1502.68, 1536.1, 1683.57, 2182.3, 2682.11, 2710.48, 3100.0, 3733.19]",amount_not_seen_in_6_months
GL001142,smith,17084.62,gl,2024-10-10 00:00:00,144,"[981.66, 1081.06, 1502.68, 1536.1, 1683.57, 2182.3, 2682.11, 2710.48, 3100.0, 3733.19]",amount_not_seen_in_6_months
BANK000056,software house,21208.07,bank,2024-10-11 00:00:00,33,"[184.39, 1227.0, 2671.68, 4170.92, 5219.64, 5557.53, 7123.78, 16825.89, 17535.21, 19095.02]",amount_not_seen_in_6_months
BANK000278,abc,40607.29,bank,2024-10-11 00:00:00,158,"[1067.23, 1692.86, 1974.47, 2618.67, 2671.39, 2956.08, 3043.81, 3141.78, 3392.44, 3546.74]",amount_not_seen_in_6_months
BANK000283,finance partners,17570.69,bank,2024-10-11 00:00:00,40,"[2312.35, 3305.02, 3835.78, 4494.18, 5798.91, 7798.42, 9620.14, 11801.23, 12218.64, 13736.19]",amount_not_seen_in_6_months
BANK000788,audit solutions,4442.67,bank,2024-10-11 00:00:00,37,"[429.96, 3207.06, 6019.8, 6180.23, 7004.87, 7363.93, 12486.12, 13045.37, 15625.04, 17074.76]",amount_not_seen_in_6_months
BANK000964,smith,27720.86,bank,2024-10-11 00:00:00,147,"[981.66, 1081.06, 1502.68, 1536.1, 1683.57, 2182.3, 2682.11, 2710.48, 3100.0, 3733.19]",amount_not_seen_in_6_months
GL000314,global svcs,21207.37,gl,2024-10-11 00:00:00,23,"[2652.17, 4603.13, 5916.22, 7800.91, 16641.34, 17394.18, 20015.74, 20802.17, 20953.11, 26753.3]",amount_not_seen_in_6_months
BANK000110,global services,23281.04,bank,2024-10-12 00:00:00,130,"[440.82, 941.92, 1496.57, 1750.91, 1758.71, 1838.45, 2451.33, 2512.42, 2633.19, 2846.39]",amount_not_seen_in_6_months
BANK000168,business tools,12484.73,bank,2024-10-12 00:00:00,38,"[1071.89, 2386.64, 2924.58, 6805.84, 6938.12, 7791.75, 7831.76, 11320.87, 12532.47, 14367.81]",amount_not_seen_in_6_months
BANK000241,finance partners,48366.76,bank,2024-10-12 00:00:00,40,"[2312.35, 3305.02, 3835.78, 4494.18, 5798.91, 7798.42, 9620.14, 11801.23, 13736.19, 13841.39]",amount_not_seen_in_6_months
GL000037,global serv,10200.43,gl,2024-10-12 00:00:00,21,"[2350.01, 2823.72, 5548.64, 10669.81, 15665.43, 16388.95, 19088.73, 22973.22, 24895.0, 25186.51]",amount_not_seen_in_6_months
GL000179,ts,26764.36,gl,2024-10-12 00:00:00,26,"[651.92, 10005.19, 11651.17, 13595.68, 13808.19, 15339.0, 18862.79, 20990.11, 22168.89, 23303.27]",amount_not_seen_in_6_months
GL000323,global services,27428.52,gl,2024-10-12 00:00:00,130,"[440.82, 941.92, 1496.57, 1750.91, 1758.71, 1838.45, 2451.33, 2512.42, 2633.19, 2846.39]",amount_not_seen_in_6_months
GL000626,xyz,40516.83,gl,2024-10-12 00:00:00,131,"[388.0, 502.32, 915.68, 1005.8, 1101.89, 1500.2, 1700.92, 1729.62, 1956.89, 2147.86]",amount_not_seen_in_6_months
GL000734,tech solutions,20107.25,gl,2024-10-12 00:00:00,101,"[394.21, 628.33, 1317.04, 1429.69, 2628.44, 2758.2, 3651.87, 3734.56, 4757.67, 7032.77]",amount_not_seen_in_6_months
GL001135,x y z,48498.87,gl,2024-10-12 00:00:00,23,"[4902.2, 6775.77, 6864.57, 7936.33, 9592.05, 9952.39, 10295.93, 10738.87, 12342.19, 13638.0]",amount_not_seen_in_6_months
BANK000489,consulting group,28239.17,bank,2024-10-13 00:00:00,37,"[359.24, 556.16, 2381.35, 3769.23, 4043.06, 6801.86, 7100.8, 8310.4, 12462.41, 13104.75]",amount_not_seen_in_6_months
BANK000569,global services,36269.71,bank,2024-10-13 00:00:00,131,"[440.82, 941.92, 1496.57, 1750.91, 1758.71, 1838.45, 2451.33, 2512.42, 2633.19, 2846.39]",amount_not_seen_in_6_months
BANK000830,business tools,36286.81,bank,2024-10-13 00:00:00,39,"[1071.89, 2386.64, 2924.58, 6805.84, 6938.12, 7791.75, 7831.76, 11320.87, 12484.73, 12532.47]",amount_not_seen_in_6_months
GL000714,x y z,47392.6,gl,2024-10-13 00:00:00,24,"[4902.2, 6775.77, 6864.57, 7936.33, 9592.05, 9952.39, 10295.93, 10738.87, 12342.19, 13638.0]",amount_not_seen_in_6_months
GL001038,xyz,48238.56,gl,2024-10-13 00:00:00,131,"[388.0, 502.32, 915.68, 1005.8, 1101.89, 1500.2, 1700.92, 1729.62, 1956.89, 2147.86]",amount_not_seen_in_6_months
BANK000022,data systems,12406.71,bank,2024-10-14 00:00:00,48,"[2612.5, 2807.98, 3023.7, 3477.2, 5020.47, 6506.73, 6721.72, 6780.67, 8787.14, 8867.17]",amount_not_seen_in_6_months
BANK000245,finance partners,31015.39,bank,2024-10-14 00:00:00,41,"[2312.35, 3305.02, 3835.78, 4494.18, 5798.91, 7798.42, 9620.14, 11801.23, 13736.19, 13841.39]",amount_not_seen_in_6_months
BANK000427,global services,2652.77,bank,2024-10-14 00:00:00,132,"[440.82, 941.92, 1496.57, 1750.91, 1758.71, 1838.45, 2451.33, 2512.42, 2633.19, 2846.39]",amount_not_seen_in_6_months
BANK000925,audit solutions,37146.4,bank,2024-10-14 00:00:00,38,"[429.96, 3207.06, 4442.67, 6019.8, 6180.23, 7004.87, 7363.93, 12486.12, 13045.37, 15625.04]",amount_not_seen_in_6_months
GL000570,global svcs,14924.05,gl,2024-10-14 00:00:00,24,"[2652.17, 4603.13, 5916.22, 7800.91, 16641.34, 17394.18, 20015.74, 20802.17, 20953.11, 21207.37]",amount_not_seen_in_6_months
BANK000167,tech solutions,7544.96,bank,2024-10-15 00:00:00,102,"[394.21, 628.33, 1317.04, 1429.69, 2628.44, 2758.2, 3651.87, 3734.56, 4757.67, 7032.77]",amount_not_seen_in_6_months
BANK000409,abc,42142.25,bank,2024-10-15 00:00:00,156,"[1067.23, 1692.86, 1974.47, 2618.67, 2671.39, 2956.08, 3043.81, 3141.78, 3392.44, 3546.74]",amount_not_seen_in_6_months
BANK000484,xyz,3997.33,bank,2024-10-15 00:00:00,131,"[388.0, 502.32, 915.68, 1005.8, 1101.89, 1500.2, 1700.92, 1729.62, 1956.89, 2147.86]",amount_not_seen_in_6_months
BANK000656,abc,3513.74,bank,2024-10-15 00:00:00,156,"[1067.23, 1692.86, 1974.47, 2618.67, 2671.39, 2956.08, 3043.81, 3141.78, 3392.44, 3546.74]",amount_not_seen_in_6_months
BANK000739,global services,28223.96,bank,2024-10-15 00:00:00,132,"[440.82, 941.92, 1496.57, 1750.91, 1758.71, 1838.45, 2451.33, 2512.42, 2633.19, 2652.77]",amount_not_seen_in_6_months
BANK000792,business tools,46253.92,bank,2024-10-15 00:00:00,40,"[1071.89, 2386.64, 2924.58, 6805.84, 6938.12, 7791.75, 7831.76, 11320.87, 12484.73, 12532.47]",amount_not_seen_in_6_months
GL000225,global svcs,47594.18,gl,2024-10-15 00:00:00,25,"[2652.17, 4603.13, 5916.22, 7800.91, 14924.05, 16641.34, 17394.18, 20015.74, 20802.17, 20953.11]",amount_not_seen_in_6_months
GL000586,global services,44609.37,gl,2024-10-15 00:00:00,132,"[440.82, 941.92, 1496.57, 1750.91, 1758.71, 1838.45, 2451.33, 2512.42, 2633.19, 2652.77]",amount_not_seen_in_6_months
BANK000063,data systems,32902.92,bank,2024-10-16 00:00:00,49,"[2612.5, 2807.98, 3023.7, 3477.2, 5020.47, 6506.73, 6721.72, 6780.67, 8787.14, 8867.17]",amount_not_seen_in_6_months
BANK000288,software house,43506.15,bank,2024-10-16 00:00:00,32,"[184.39, 1227.0, 2671.68, 4170.92, 5219.64, 5557.53, 7123.78, 16825.89, 17535.21, 19095.02]",amount_not_seen_in_6_months
BANK000731,data systems,17267.3,bank,2024-10-16 00:00:00,49,"[2612.5, 2807.98, 3023.7, 3477.2, 5020.47, 6506.73, 6721.72, 6780.67, 8787.14, 8867.17]",amount_not_seen_in_6_months
BANK000988,software house,28361.23,bank,2024-10-16 00:00:00,32,"[184.39, 1227.0, 2671.68, 4170.92, 5219.64, 5557.53, 7123.78, 16825.89, 17535.21, 19095.02]",amount_not_seen_in_6_months
GL000460,abc,49097.84,gl,2024-10-16 00:00:00,157,"[1067.23, 1692.86, 1974.47, 2618.67, 2671.39, 2956.08, 3043.81, 3141.78, 3392.44, 3513.74]",amount_not_seen_in_6_months
GL000463,global services,40485.28,gl,2024-10-16 00:00:00,134,"[440.82, 941.92, 1496.57, 1750.91, 1758.71, 1838.45, 2451.33, 2512.42, 2633.19, 2652.77]",amount_not_seen_in_6_months
GL000813,smith,11422.15,gl,2024-10-16 00:00:00,147,"[981.66, 1081.06, 1502.68, 1536.1, 1683.57, 2182.3, 2682.11, 2710.48, 3100.0, 3733.19]",amount_not_seen_in_6_months
GL001055,global services,27413.2,gl,2024-10-16 00:00:00,134,"[440.82, 941.92, 1496.57, 1750.91, 1758.71, 1838.45, 2451.33, 2512.42, 2633.19, 2652.77]",amount_not_seen_in_6_months
BANK000035,xyz,12119.49,bank,2024-10-17 00:00:00,131,"[388.0, 502.32, 915.68, 1005.8, 1101.89, 1500.2, 1700.92, 1729.62, 1956.89, 2147.86]",amount_not_seen_in_6_months
BANK000291,cloud services,36107.64,bank,2024-10-17 00:00:00,30,"[7769.8, 8379.55, 9072.81, 11010.03, 12268.79, 14581.58, 15210.74, 15994.65, 17605.69, 19049.56]",amount_not_seen_in_6_months
BANK000752,abc,42552.77,bank,2024-10-17 00:00:00,158,"[1067.23, 1692.86, 1974.47, 2618.67, 2671.39, 2956.08, 3043.81, 3141.78, 3392.44, 3513.74]",amount_not_seen_in_6_months
GL000347,smith,44525.5,gl,2024-10-17 00:00:00,147,"[981.66, 1081.06, 1502.68, 1536.1, 1683.57, 2182.3, 2682.11, 2710.48, 3100.0, 3733.19]",amount_not_seen_in_6_months
GL000405,smith,29890.04,gl,2024-10-17 00:00:00,147,"[981.66, 1081.06, 1502.68, 1536.1, 1683.57, 2182.3, 2682.11, 2710.48, 3100.0, 3733.19]",amount_not_seen_in_6_months
GL001116,tech solutions,32284.04,gl,2024-10-17 00:00:00,103,"[394.21, 628.33, 1317.04, 1429.69, 2628.44, 2758.2, 3651.87, 3734.56, 4757.67, 7032.77]",amount_not_seen_in_6_months
BANK000529,global services,11577.93,bank,2024-10-18 00:00:00,136,"[440.82, 941.92, 1496.57, 1750.91, 1758.71, 1838.45, 2451.33, 2512.42, 2633.19, 2652.77]",amount_not_seen_in_6_months
BANK000877,software house,24185.48,bank,2024-10-18 00:00:00,32,"[184.39, 1227.0, 2671.68, 4170.92, 5219.64, 5557.53, 7123.78, 16825.89, 19095.02, 21101.09]",amount_not_seen_in_6_months
GL000085,smith,43351.78,gl,2024-10-18 00:00:00,149,"[981.66, 1081.06, 1502.68, 1536.1, 1683.57, 2182.3, 2682.11, 2710.48, 3100.0, 3733.19]",amount_not_seen_in_6_months
GL000183,tech solutions,42246.49,gl,2024-10-18 00:00:00,104,"[394.21, 628.33, 1317.04, 1429.69, 2628.44, 2758.2, 3651.87, 3734.56, 4757.67, 7032.77]",amount_not_seen_in_6_months
GL000890,global serv,19973.88,gl,2024-10-18 00:00:00,22,"[2350.01, 2823.72, 5548.64, 10200.43, 10669.81, 15665.43, 16388.95, 19088.73, 22973.22, 24895.0]",amount_not_seen_in_6_months
GL000998,xyz,47719.98,gl,2024-10-18 00:00:00,132,"[388.0, 502.32, 915.68, 1005.8, 1101.89, 1500.2, 1700.92, 1729.62, 1956.89, 2147.86]",amount_not_seen_in_6_months
GL001004,global svcs,36196.84,gl,2024-10-18 00:00:00,26,"[2652.17, 4603.13, 5916.22, 7800.91, 14924.05, 16641.34, 17394.18, 20015.74, 20802.17, 20953.11]",amount_not_seen_in_6_months
BANK000045,cloud services,36195.29,bank,2024-10-19 00:00:00,31,"[7769.8, 8379.55, 9072.81, 11010.03, 12268.79, 14581.58, 15210.74, 15994.65, 17605.69, 19049.56]",amount_not_seen_in_6_months
BANK000411,audit solutions,10619.34,bank,2024-10-19 00:00:00,39,"[429.96, 3207.06, 4442.67, 6019.8, 6180.23, 7004.87, 7363.93, 12486.12, 13045.37, 15625.04]",amount_not_seen_in_6_months
BANK000811,business tools,2577.59,bank,2024-10-19 00:00:00,39,"[1071.89, 2386.64, 2924.58, 6805.84, 6938.12, 7791.75, 7831.76, 11320.87, 12484.73, 12532.47]",amount_not_seen_in_6_months
BANK000826,global services,29192.88,bank,2024-10-19 00:00:00,137,"[440.82, 941.92, 1496.57, 1750.91, 1758.71, 1838.45, 2451.33, 2512.42, 2633.19, 2652.77]",amount_not_seen_in_6_months
GL000373,xyz,41885.33,gl,2024-10-19 00:00:00,133,"[388.0, 502.32, 915.68, 1005.8, 1101.89, 1500.2, 1700.92, 1729.62, 1956.89, 2147.86]",amount_not_seen_in_6_months
GL000033,global svcs,31296.18,gl,2024-10-20 00:00:00,26,"[2652.17, 4603.13, 5916.22, 7800.91, 14924.05, 16641.34, 17394.18, 20015.74, 20802.17, 20953.11]",amount_not_seen_in_6_months
BANK000360,global services,31634.55,bank,2024-10-21 00:00:00,137,"[440.82, 941.92, 1496.57, 1750.91, 1758.71, 1838.45, 2451.33, 2512.42, 2633.19, 2652.77]",amount_not_seen_in_6_months
BANK000579,business tools,24601.26,bank,2024-10-21 00:00:00,40,"[1071.89, 2386.64, 2577.59, 2924.58, 6805.84, 6938.12, 7791.75, 7831.76, 11320.87, 12484.73]",amount_not_seen_in_6_months
BANK000593,global services,29067.86,bank,2024-10-21 00:00:00,137,"[440.82, 941.92, 1496.57, 1750.91, 1758.71, 1838.45, 2451.33, 2512.42, 2633.19, 2652.77]",amount_not_seen_in_6_months
GL000163,tech solutions,25242.0,gl,2024-10-21 00:00:00,103,"[394.21, 628.33, 1317.04, 1429.69, 2628.44, 2758.2, 3651.87, 3734.56, 4757.67, 7032.77]",amount_not_seen_in_6_months
GL000275,smith and,44745.09,gl,2024-10-21 00:00:00,16,"[4578.24, 11790.62, 13618.39, 14596.17, 15599.75, 16134.32, 19488.96, 24178.01, 26183.53, 32784.5]",amount_not_seen_in_6_months
GL000291,smith,23809.09,gl,2024-10-21 00:00:00,148,"[981.66, 1081.06, 1502.68, 1536.1, 1683.57, 2182.3, 2682.11, 2710.48, 3100.0, 3733.19]",amount_not_seen_in_6_months
GL000992,global svcs,1858.54,gl,2024-10-21 00:00:00,26,"[2652.17, 4603.13, 5916.22, 7800.91, 14924.05, 16641.34, 17394.18, 20015.74, 20802.17, 20953.11]",amount_not_seen_in_6_months
GL001190,global services,45276.13,gl,2024-10-21 00:00:00,137,"[440.82, 941.92, 1496.57, 1750.91, 1758.71, 1838.45, 2451.33, 2512.42, 2633.19, 2652.77]",amount_not_seen_in_6_months
BANK000093,global services,5870.72,bank,2024-10-22 00:00:00,140,"[440.82, 941.92, 1496.57, 1750.91, 1758.71, 1838.45, 2451.33, 2512.42, 2633.19, 2652.77]",amount_not_seen_in_6_months
BANK000166,software house,24638.15,bank,2024-10-22 00:00:00,33,"[184.39, 1227.0, 2671.68, 4170.92, 5219.64, 5557.53, 7123.78, 16825.89, 19095.02, 21101.09]",amount_not_seen_in_6_months
BANK000420,digital agency,40692.54,bank,2024-10-22 00:00:00,29,"[233.52, 381.69, 1443.11, 1728.73, 2035.25, 5099.88, 5976.27, 12694.28, 13151.5, 14593.59]",amount_not_seen_in_6_months
BANK000642,smith,16953.98,bank,2024-10-22 00:00:00,149,"[981.66, 1081.06, 1502.68, 1536.1, 1683.57, 2182.3, 2682.11, 2710.48, 3100.0, 3733.19]",amount_not_seen_in_6_months
BANK000683,software house,35644.93,bank,2024-10-22 00:00:00,33,"[184.39, 1227.0, 2671.68, 4170.92, 5219.64, 5557.53, 7123.78, 16825.89, 19095.02, 21101.09]",amount_not_seen_in_6_months
BANK000761,software house,39457.63,bank,2024-10-22 00:00:00,33,"[184.39, 1227.0, 2671.68, 4170.92, 5219.64, 5557.53, 7123.78, 16825.89, 19095.02, 21101.09]",amount_not_seen_in_6_months
BANK000882,digital agency,38399.68,bank,2024-10-22 00:00:00,29,"[233.52, 381.69, 1443.11, 1728.73, 2035.25, 5099.88, 5976.27, 12694.28, 13151.5, 14593.59]",amount_not_seen_in_6_months
GL000455,xyz,25907.39,gl,2024-10-22 00:00:00,134,"[388.0, 502.32, 915.68, 1005.8, 1101.89, 1500.2, 1700.92, 1729.62, 1956.89, 2147.86]",amount_not_seen_in_6_months
GL000762,tech sol,22591.84,gl,2024-10-22 00:00:00,13,"[231.07, 8065.0, 8945.82, 11106.0, 13628.32, 14294.17, 15063.31, 19959.55, 22018.42, 25300.89]",amount_not_seen_in_6_months
GL000004,abc,9173.8,gl,2024-10-23 00:00:00,154,"[1067.23, 1692.86, 1974.47, 2618.67, 2671.39, 2956.08, 3043.81, 3141.78, 3392.44, 3513.74]",amount_not_seen_in_6_months
BANK000367,digital agency,5272.83,bank,2024-10-24 00:00:00,31,"[233.52, 381.69, 1443.11, 1728.73, 2035.25, 5099.88, 5976.27, 12694.28, 13151.5, 14593.59]",amount_not_seen_in_6_months
GL000346,smith,3574.06,gl,2024-10-24 00:00:00,149,"[981.66, 1081.06, 1502.68, 1536.1, 1683.57, 2182.3, 2682.11, 2710.48, 3100.0, 3733.19]",amount_not_seen_in_6_months
GL001125,global services,42503.0,gl,2024-10-24 00:00:00,139,"[440.82, 941.92, 1750.91, 1758.71, 1838.45, 2451.33, 2512.42, 2633.19, 2652.77, 2846.39]",amount_not_seen_in_6_months
BANK000023,audit solutions,21478.85,bank,2024-10-25 00:00:00,39,"[429.96, 3207.06, 4442.67, 6019.8, 6180.23, 7004.87, 7363.93, 10619.34, 12486.12, 13045.37]",amount_not_seen_in_6_months
BANK000438,tech solutions,48996.91,bank,2024-10-25 00:00:00,103,"[394.21, 628.33, 1317.04, 1429.69, 2628.44, 2758.2, 3651.87, 3734.56, 4757.67, 7032.77]",amount_not_seen_in_6_months
BANK000791,business tools,28373.04,bank,2024-10-25 00:00:00,38,"[1071.89, 2577.59, 2924.58, 6805.84, 6938.12, 7791.75, 7831.76, 11320.87, 12484.73, 12532.47]",amount_not_seen_in_6_months
GL000672,global svcs,20052.92,gl,2024-10-25 00:00:00,25,"[1858.54, 2652.17, 4603.13, 5916.22, 7800.91, 14924.05, 16641.34, 17394.18, 20015.74, 20953.11]",amount_not_seen_in_6_months
GL000854,smith,2985.5,gl,2024-10-25 00:00:00,148,"[981.66, 1081.06, 1502.68, 1536.1, 1683.57, 2182.3, 2682.11, 2710.48, 3100.0, 3574.06]",amount_not_seen_in_6_months
GL000918,xyz,41278.44,gl,2024-10-25 00:00:00,134,"[388.0, 502.32, 915.68, 1005.8, 1101.89, 1500.2, 1700.92, 1729.62, 1956.89, 2147.86]",amount_not_seen_in_6_months
BANK000708,xyz,10215.36,bank,2024-10-26 00:00:00,133,"[388.0, 502.32, 915.68, 1005.8, 1101.89, 1500.2, 1700.92, 1729.62, 1956.89, 2147.86]",amount_not_seen_in_6_months
BANK000833,tech solutions,18646.95,bank,2024-10-26 00:00:00,104,"[394.21, 628.33, 1317.04, 1429.69, 2628.44, 2758.2, 3651.87, 3734.56, 4757.67, 7032.77]",amount_not_seen_in_6_months
GL000005,abc,5241.73,gl,2024-10-26 00:00:00,154,"[1067.23, 1692.86, 1974.47, 2618.67, 2671.39, 2956.08, 3043.81, 3141.78, 3392.44, 3513.74]",amount_not_seen_in_6_months
GL000175,smith,48523.74,gl,2024-10-26 00:00:00,149,"[981.66, 1081.06, 1502.68, 1536.1, 1683.57, 2182.3, 2682.11, 2710.48, 2985.5, 3100.0]",amount_not_seen_in_6_months
GL000865,global services,39859.19,gl,2024-10-26 00:00:00,139,"[440.82, 941.92, 1750.91, 1758.71, 1838.45, 2451.33, 2512.42, 2633.19, 2652.77, 2846.39]",amount_not_seen_in_6_months
BANK000203,cloud services,36329.94,bank,2024-10-27 00:00:00,31,"[7769.8, 8379.55, 9072.81, 11010.03, 12268.79, 14581.58, 15210.74, 15994.65, 17605.69, 19049.56]",amount_not_seen_in_6_months
BANK000225,tech solutions,47267.26,bank,2024-10-27 00:00:00,104,"[394.21, 628.33, 1317.04, 1429.69, 2628.44, 2758.2, 3734.56, 4757.67, 7032.77, 7243.84]",amount_not_seen_in_6_months
GL000172,tech sol,36519.32,gl,2024-10-27 00:00:00,14,"[231.07, 8065.0, 8945.82, 11106.0, 13628.32, 14294.17, 15063.31, 19959.55, 22018.42, 22591.84]",amount_not_seen_in_6_months
GL000576,global services,8453.86,gl,2024-10-27 00:00:00,139,"[440.82, 941.92, 1750.91, 1758.71, 1838.45, 2451.33, 2512.42, 2633.19, 2652.77, 2846.39]",amount_not_seen_in_6_months
GL001120,smith,39023.42,gl,2024-10-27 00:00:00,150,"[981.66, 1081.06, 1502.68, 1536.1, 1683.57, 2182.3, 2682.11, 2710.48, 2985.5, 3100.0]",amount_not_seen_in_6_months
GL001187,abc,11587.15,gl,2024-10-27 00:00:00,154,"[1067.23, 1692.86, 1974.47, 2618.67, 2671.39, 2956.08, 3043.81, 3141.78, 3392.44, 3513.74]",amount_not_seen_in_6_months
BANK000041,data systems,16970.47,bank,2024-10-28 00:00:00,44,"[2807.98, 3023.7, 3477.2, 6506.73, 6780.67, 8787.14, 8867.17, 12406.71, 15848.23, 17267.3]",amount_not_seen_in_6_months
BANK000159,business tools,13897.33,bank,2024-10-28 00:00:00,39,"[1071.89, 2577.59, 2924.58, 6805.84, 6938.12, 7791.75, 7831.76, 11320.87, 12484.73, 12532.47]",amount_not_seen_in_6_months
BANK000307,audit solutions,12241.49,bank,2024-10-28 00:00:00,38,"[429.96, 3207.06, 4442.67, 6019.8, 6180.23, 7363.93, 10619.34, 12486.12, 13045.37, 15625.04]",amount_not_seen_in_6_months
BANK000904,xyz,41889.57,bank,2024-10-28 00:00:00,132,"[388.0, 502.32, 915.68, 1005.8, 1101.89, 1500.2, 1700.92, 1729.62, 1956.89, 2147.86]",amount_not_seen_in_6_months
BANK000905,data systems,22923.66,bank,2024-10-28 00:00:00,44,"[2807.98, 3023.7, 3477.2, 6506.73, 6780.67, 8787.14, 8867.17, 12406.71, 15848.23, 17267.3]",amount_not_seen_in_6_months
GL000241,smith and,29352.24,gl,2024-10-28 00:00:00,17,"[4578.24, 11790.62, 13618.39, 14596.17, 15599.75, 16134.32, 19488.96, 24178.01, 26183.53, 32784.5]",amount_not_seen_in_6_months
GL000461,abc,7653.67,gl,2024-10-28 00:00:00,155,"[1067.23, 1692.86, 1974.47, 2618.67, 2671.39, 2956.08, 3043.81, 3141.78, 3392.44, 3513.74]",amount_not_seen_in_6_months
BANK000982,global services,20316.21,bank,2024-10-29 00:00:00,139,"[440.82, 941.92, 1750.91, 1758.71, 1838.45, 2451.33, 2512.42, 2633.19, 2652.77, 2846.39]",amount_not_seen_in_6_months
GL000120,tech solutions,26637.27,gl,2024-10-29 00:00:00,104,"[394.21, 628.33, 1317.04, 1429.69, 2628.44, 2758.2, 3734.56, 4757.67, 7032.77, 7243.84]",amount_not_seen_in_6_months
GL000308,tech solutions,21169.25,gl,2024-10-29 00:00:00,104,"[394.21, 628.33, 1317.04, 1429.69, 2628.44, 2758.2, 3734.56, 4757.67, 7032.77, 7243.84]",amount_not_seen_in_6_months
GL000516,abc,24708.0,gl,2024-10-29 00:00:00,156,"[1067.23, 1692.86, 1974.47, 2618.67, 2671.39, 2956.08, 3043.81, 3141.78, 3392.44, 3513.74]",amount_not_seen_in_6_months
GL000564,abc,5932.64,gl,2024-10-29 00:00:00,156,"[1067.23, 1692.86, 1974.47, 2618.67, 2671.39, 2956.08, 3043.81, 3141.78, 3392.44, 3513.74]",amount_not_seen_in_6_months
BANK000737,finance partners,8887.41,bank,2024-10-30 00:00:00,41,"[2312.35, 3305.02, 3835.78, 4494.18, 5798.91, 7798.42, 9620.14, 11801.23, 13736.19, 13841.39]",amount_not_seen_in_6_months
GL000450,abc,8280.0,gl,2024-10-30 00:00:00,157,"[1067.23, 1692.86, 1974.47, 2618.67, 2671.39, 2956.08, 3043.81, 3141.78, 3392.44, 3513.74]",amount_not_seen_in_6_months
GL000494,global services,32038.05,gl,2024-10-30 00:00:00,140,"[440.82, 941.92, 1750.91, 1758.71, 1838.45, 2451.33, 2512.42, 2633.19, 2652.77, 2846.39]",amount_not_seen_in_6_months
BANK000062,abc,12386.15,bank,2024-10-31 00:00:00,158,"[1067.23, 1692.86, 1974.47, 2618.67, 2671.39, 2956.08, 3043.81, 3141.78, 3392.44, 3513.74]",amount_not_seen_in_6_months
BANK000666,xyz,25029.17,bank,2024-10-31 00:00:00,132,"[388.0, 502.32, 915.68, 1005.8, 1101.89, 1500.2, 1700.92, 1729.62, 1956.89, 2147.86]",amount_not_seen_in_6_months
BANK000787,tech solutions,7479.12,bank,2024-10-31 00:00:00,104,"[394.21, 628.33, 1317.04, 1429.69, 2628.44, 2758.2, 3734.56, 4757.67, 7032.77, 7243.84]",amount_not_seen_in_6_months
BANK000808,consulting group,18686.09,bank,2024-10-31 00:00:00,34,"[359.24, 556.16, 2381.35, 3769.23, 4043.06, 6801.86, 7100.8, 8310.4, 12462.41, 13104.75]",amount_not_seen_in_6_months
BANK000819,cloud services,28116.71,bank,2024-10-31 00:00:00,31,"[7769.8, 8379.55, 9072.81, 11010.03, 12268.79, 14581.58, 15210.74, 15994.65, 17605.69, 19049.56]",amount_not_seen_in_6_months
GL000591,xyz,10435.55,gl,2024-10-31 00:00:00,132,"[388.0, 502.32, 915.68, 1005.8, 1101.89, 1500.2, 1700.92, 1729.62, 1956.89, 2147.86]",amount_not_seen_in_6_months
GL000724,tech solutions,34625.27,gl,2024-10-31 00:00:00,104,"[394.21, 628.33, 1317.04, 1429.69, 2628.44, 2758.2, 3734.56, 4757.67, 7032.77, 7243.84]",amount_not_seen_in_6_months
BANK000271,data systems,19107.13,bank,2024-11-01 00:00:00,44,"[2807.98, 3023.7, 3477.2, 6506.73, 6780.67, 8787.14, 8867.17, 12406.71, 15848.23, 16970.47]",amount_not_seen_in_6_months
BANK000613,smith,19484.32,bank,2024-11-01 00:00:00,147,"[981.66, 1081.06, 1502.68, 1536.1, 1683.57, 2182.3, 2682.11, 2710.48, 2985.5, 3100.0]",amount_not_seen_in_6_months
GL000222,global services,4726.17,gl,2024-11-01 00:00:00,140,"[440.82, 941.92, 1750.91, 1758.71, 1838.45, 2451.33, 2512.42, 2633.19, 2652.77, 2846.39]",amount_not_seen_in_6_months
GL000247,abc,12575.79,gl,2024-11-01 00:00:00,158,"[1067.23, 1692.86, 1974.47, 2618.67, 2671.39, 2956.08, 3043.81, 3141.78, 3392.44, 3513.74]",amount_not_seen_in_6_months
GL000675,x y z,27664.49,gl,2024-11-01 00:00:00,23,"[4902.2, 6775.77, 6864.57, 7936.33, 9592.05, 9952.39, 10295.93, 12342.19, 13638.0, 14474.45]",amount_not_seen_in_6_months
BANK000297,abc,19823.64,bank,2024-11-02 00:00:00,159,"[1067.23, 1692.86, 1974.47, 2618.67, 2671.39, 2956.08, 3043.81, 3141.78, 3392.44, 3513.74]",amount_not_seen_in_6_months
BANK000506,business tools,16013.29,bank,2024-11-02 00:00:00,39,"[1071.89, 2577.59, 2924.58, 6805.84, 6938.12, 7791.75, 7831.76, 11320.87, 12484.73, 12532.47]",amount_not_seen_in_6_months
GL000649,abc,33257.93,gl,2024-11-02 00:00:00,159,"[1067.23, 1692.86, 1974.47, 2618.67, 2671.39, 2956.08, 3043.81, 3141.78, 3392.44, 3513.74]",amount_not_seen_in_6_months
BANK000139,business tools,42529.63,bank,2024-11-03 00:00:00,40,"[1071.89, 2577.59, 2924.58, 6805.84, 6938.12, 7791.75, 7831.76, 11320.87, 12484.73, 12532.47]",amount_not_seen_in_6_months
BANK000814,business tools,32403.84,bank,2024-11-03 00:00:00,40,"[1071.89, 2577.59, 2924.58, 6805.84, 6938.12, 7791.75, 7831.76, 11320.87, 12484.73, 12532.47]",amount_not_seen_in_6_months
BANK000823,audit solutions,40290.95,bank,2024-11-03 00:00:00,38,"[429.96, 3207.06, 4442.67, 6019.8, 7363.93, 10619.34, 12241.49, 12486.12, 13045.37, 15625.04]",amount_not_seen_in_6_months
BANK000909,cloud services,19431.54,bank,2024-11-03 00:00:00,32,"[7769.8, 8379.55, 9072.81, 11010.03, 12268.79, 14581.58, 15210.74, 15994.65, 17605.69, 19049.56]",amount_not_seen_in_6_months
GL000392,xyz,33458.57,gl,2024-11-03 00:00:00,131,"[388.0, 502.32, 915.68, 1005.8, 1101.89, 1500.2, 1700.92, 1729.62, 1956.89, 2147.86]",amount_not_seen_in_6_months
GL000613,abc,1536.31,gl,2024-11-03 00:00:00,160,"[1067.23, 1692.86, 1974.47, 2618.67, 2671.39, 2956.08, 3043.81, 3141.78, 3392.44, 3513.74]",amount_not_seen_in_6_months
GL001025,smith,28938.99,gl,2024-11-03 00:00:00,144,"[981.66, 1081.06, 1502.68, 1536.1, 1683.57, 2682.11, 2710.48, 2985.5, 3100.0, 3574.06]",amount_not_seen_in_6_months
GL001063,smith,6370.79,gl,2024-11-03 00:00:00,144,"[981.66, 1081.06, 1502.68, 1536.1, 1683.57, 2682.11, 2710.48, 2985.5, 3100.0, 3574.06]",amount_not_seen_in_6_months
BANK000378,smith,4038.46,bank,2024-11-04 00:00:00,146,"[981.66, 1081.06, 1502.68, 1536.1, 1683.57, 2682.11, 2710.48, 2985.5, 3100.0, 3574.06]",amount_not_seen_in_6_months
BANK000741,global services,2902.78,bank,2024-11-04 00:00:00,136,"[440.82, 941.92, 1750.91, 1758.71, 1838.45, 2451.33, 2512.42, 2633.19, 2652.77, 2846.39]",amount_not_seen_in_6_months
BANK000912,digital agency,6995.18,bank,2024-11-04 00:00:00,31,"[233.52, 381.69, 1443.11, 1728.73, 2035.25, 5099.88, 5272.83, 5976.27, 12694.28, 13151.5]",amount_not_seen_in_6_months
GL000553,global svcs,32528.05,gl,2024-11-04 00:00:00,23,"[1858.54, 2652.17, 4603.13, 5916.22, 7800.91, 14924.05, 16641.34, 17394.18, 20015.74, 20052.92]",amount_not_seen_in_6_months
BANK000800,software house,36467.09,bank,2024-11-05 00:00:00,31,"[184.39, 1227.0, 2671.68, 4170.92, 5219.64, 19095.02, 21101.09, 21208.07, 22877.45, 22931.77]",amount_not_seen_in_6_months
GL000289,xyz,44685.76,gl,2024-11-05 00:00:00,130,"[388.0, 502.32, 915.68, 1005.8, 1101.89, 1500.2, 1700.92, 1729.62, 1956.89, 2147.86]",amount_not_seen_in_6_months
GL000625,smith and,37342.09,gl,2024-11-05 00:00:00,18,"[4578.24, 11790.62, 13618.39, 14596.17, 15599.75, 16134.32, 19488.96, 24178.01, 26183.53, 29352.24]",amount_not_seen_in_6_months
GL000958,abc,8801.88,gl,2024-11-05 00:00:00,157,"[1067.23, 1536.31, 1692.86, 1974.47, 2618.67, 2671.39, 2956.08, 3043.81, 3141.78, 3392.44]",amount_not_seen_in_6_months
GL001127,smith,8776.2,gl,2024-11-05 00:00:00,147,"[981.66, 1081.06, 1502.68, 1536.1, 1683.57, 2682.11, 2710.48, 2985.5, 3100.0, 3574.06]",amount_not_seen_in_6_months
BANK000101,software house,39309.37,bank,2024-11-06 00:00:00,32,"[184.39, 1227.0, 2671.68, 4170.92, 5219.64, 19095.02, 21101.09, 21208.07, 22877.45, 22931.77]",amount_not_seen_in_6_months
BANK000135,digital agency,8472.68,bank,2024-11-06 00:00:00,32,"[233.52, 381.69, 1443.11, 1728.73, 2035.25, 5099.88, 5272.83, 5976.27, 6995.18, 12694.28]",amount_not_seen_in_6_months
BANK000415,smith,10280.75,bank,2024-11-06 00:00:00,148,"[981.66, 1081.06, 1502.68, 1536.1, 1683.57, 2682.11, 2710.48, 2985.5, 3100.0, 3574.06]",amount_not_seen_in_6_months
GL000174,xyz,3493.97,gl,2024-11-06 00:00:00,131,"[388.0, 502.32, 915.68, 1005.8, 1101.89, 1500.2, 1700.92, 1729.62, 1956.89, 2147.86]",amount_not_seen_in_6_months
GL000256,tech solutions,16079.66,gl,2024-11-06 00:00:00,103,"[394.21, 628.33, 1317.04, 1429.69, 2628.44, 2758.2, 3734.56, 4757.67, 7032.77, 7243.84]",amount_not_seen_in_6_months
BANK000195,business tools,48660.03,bank,2024-11-07 00:00:00,41,"[1071.89, 2577.59, 2924.58, 6805.84, 6938.12, 7791.75, 7831.76, 11320.87, 12484.73, 12532.47]",amount_not_seen_in_6_months
BANK000794,consulting group,24330.68,bank,2024-11-07 00:00:00,35,"[359.24, 556.16, 2381.35, 3769.23, 4043.06, 6801.86, 7100.8, 8310.4, 12462.41, 13104.75]",amount_not_seen_in_6_months
GL000135,smith,24095.57,gl,2024-11-07 00:00:00,148,"[981.66, 1081.06, 1502.68, 1536.1, 1683.57, 2682.11, 2710.48, 2985.5, 3100.0, 3574.06]",amount_not_seen_in_6_months
GL000212,smith,3256.64,gl,2024-11-07 00:00:00,148,"[981.66, 1081.06, 1502.68, 1536.1, 1683.57, 2682.11, 2710.48, 2985.5, 3100.0, 3574.06]",amount_not_seen_in_6_months
GL000659,tech solutions,25514.84,gl,2024-11-07 00:00:00,102,"[394.21, 628.33, 1317.04, 1429.69, 2628.44, 3734.56, 4757.67, 7032.77, 7243.84, 7479.12]",amount_not_seen_in_6_months
GL000919,abc,25697.1,gl,2024-11-07 00:00:00,157,"[1067.23, 1536.31, 1974.47, 2618.67, 2671.39, 2956.08, 3043.81, 3141.78, 3392.44, 3513.74]",amount_not_seen_in_6_months
GL001108,x y z,9823.97,gl,2024-11-07 00:00:00,22,"[4902.2, 6775.77, 6864.57, 7936.33, 9592.05, 9952.39, 10295.93, 13638.0, 14474.45, 22093.03]",amount_not_seen_in_6_months
GL000070,global svcs,12511.24,gl,2024-11-08 00:00:00,24,"[1858.54, 2652.17, 4603.13, 5916.22, 7800.91, 14924.05, 16641.34, 17394.18, 20015.74, 20052.92]",amount_not_seen_in_6_months
GL000176,abc,36654.92,gl,2024-11-08 00:00:00,156,"[1067.23, 1536.31, 1974.47, 2618.67, 2671.39, 2956.08, 3043.81, 3141.78, 3392.44, 3513.74]",amount_not_seen_in_6_months
GL000229,smith,2326.98,gl,2024-11-08 00:00:00,150,"[981.66, 1081.06, 1502.68, 1536.1, 1683.57, 2682.11, 2710.48, 2985.5, 3100.0, 3256.64]",amount_not_seen_in_6_months
GL000315,smith and,34015.22,gl,2024-11-08 00:00:00,19,"[4578.24, 11790.62, 13618.39, 14596.17, 15599.75, 16134.32, 19488.96, 24178.01, 26183.53, 29352.24]",amount_not_seen_in_6_months
GL000469,xyz,14723.59,gl,2024-11-08 00:00:00,130,"[388.0, 502.32, 915.68, 1005.8, 1101.89, 1500.2, 1700.92, 1729.62, 1956.89, 2147.86]",amount_not_seen_in_6_months
GL000592,abc,28982.9,gl,2024-11-08 00:00:00,156,"[1067.23, 1536.31, 1974.47, 2618.67, 2671.39, 2956.08, 3043.81, 3141.78, 3392.44, 3513.74]",amount_not_seen_in_6_months
BANK000677,cloud services,5887.73,bank,2024-11-09 00:00:00,33,"[7769.8, 8379.55, 9072.81, 11010.03, 12268.79, 14581.58, 15210.74, 15994.65, 17605.69, 19049.56]",amount_not_seen_in_6_months
BANK000753,global services,46059.81,bank,2024-11-09 00:00:00,135,"[440.82, 941.92, 1750.91, 1758.71, 1838.45, 2451.33, 2512.42, 2633.19, 2652.77, 2846.39]",amount_not_seen_in_6_months
BANK000886,abc,44613.89,bank,2024-11-09 00:00:00,157,"[1067.23, 1536.31, 1974.47, 2618.67, 2671.39, 2956.08, 3043.81, 3141.78, 3392.44, 3513.74]",amount_not_seen_in_6_months
GL000508,abc,31571.72,gl,2024-11-09 00:00:00,157,"[1067.23, 1536.31, 1974.47, 2618.67, 2671.39, 2956.08, 3043.81, 3141.78, 3392.44, 3513.74]",amount_not_seen_in_6_months
GL000598,x y z,16376.59,gl,2024-11-09 00:00:00,22,"[4902.2, 6775.77, 7936.33, 9592.05, 9823.97, 9952.39, 10295.93, 13638.0, 14474.45, 22093.03]",amount_not_seen_in_6_months
BANK000361,finance partners,21519.02,bank,2024-11-10 00:00:00,38,"[2312.35, 3305.02, 3835.78, 5798.91, 7798.42, 8887.41, 9620.14, 11801.23, 13736.19, 13841.39]",amount_not_seen_in_6_months
BANK000604,global services,1556.69,bank,2024-11-10 00:00:00,136,"[440.82, 941.92, 1750.91, 1758.71, 1838.45, 2451.33, 2512.42, 2633.19, 2652.77, 2846.39]",amount_not_seen_in_6_months
BANK000749,business tools,34708.66,bank,2024-11-10 00:00:00,42,"[1071.89, 2577.59, 2924.58, 6805.84, 6938.12, 7791.75, 7831.76, 11320.87, 12484.73, 12532.47]",amount_not_seen_in_6_months
GL000218,xyz,25519.92,gl,2024-11-10 00:00:00,130,"[388.0, 502.32, 915.68, 1005.8, 1500.2, 1700.92, 1729.62, 1956.89, 2147.86, 2553.51]",amount_not_seen_in_6_months
GL000579,global services,22348.89,gl,2024-11-10 00:00:00,136,"[440.82, 941.92, 1750.91, 1758.71, 1838.45, 2451.33, 2512.42, 2633.19, 2652.77, 2846.39]",amount_not_seen_in_6_months
GL000732,xyz,6333.65,gl,2024-11-10 00:00:00,130,"[388.0, 502.32, 915.68, 1005.8, 1500.2, 1700.92, 1729.62, 1956.89, 2147.86, 2553.51]",amount_not_seen_in_6_months
GL000738,global services,5746.86,gl,2024-11-10 00:00:00,136,"[440.82, 941.92, 1750.91, 1758.71, 1838.45, 2451.33, 2512.42, 2633.19, 2652.77, 2846.39]",amount_not_seen_in_6_months
GL000973,xyz,48244.29,gl,2024-11-10 00:00:00,130,"[388.0, 502.32, 915.68, 1005.8, 1500.2, 1700.92, 1729.62, 1956.89, 2147.86, 2553.51]",amount_not_seen_in_6_months
BANK000457,digital agency,6949.92,bank,2024-11-11 00:00:00,32,"[233.52, 381.69, 1443.11, 1728.73, 2035.25, 5099.88, 5272.83, 6995.18, 8472.68, 12694.28]",amount_not_seen_in_6_months
BANK000537,consulting group,31922.66,bank,2024-11-11 00:00:00,35,"[359.24, 556.16, 2381.35, 3769.23, 4043.06, 6801.86, 7100.8, 8310.4, 12462.41, 13104.75]",amount_not_seen_in_6_months
BANK000936,software house,46625.86,bank,2024-11-11 00:00:00,32,"[184.39, 1227.0, 2671.68, 4170.92, 5219.64, 19095.02, 21101.09, 21208.07, 22877.45, 24185.48]",amount_not_seen_in_6_months
GL000509,smith,41831.02,gl,2024-11-11 00:00:00,149,"[981.66, 1081.06, 1502.68, 1536.1, 1683.57, 2326.98, 2682.11, 2710.48, 2985.5, 3100.0]",amount_not_seen_in_6_months
GL000663,tech sol,41545.63,gl,2024-11-11 00:00:00,13,"[8065.0, 8945.82, 13628.32, 14294.17, 15063.31, 19959.55, 22018.42, 22591.84, 25300.89, 25614.11]",amount_not_seen_in_6_months
GL000788,xyz,21222.99,gl,2024-11-11 00:00:00,132,"[388.0, 502.32, 915.68, 1005.8, 1500.2, 1729.62, 1956.89, 2147.86, 2553.51, 2691.94]",amount_not_seen_in_6_months
GL000985,tech solutions,22805.9,gl,2024-11-11 00:00:00,98,"[394.21, 628.33, 1317.04, 1429.69, 2628.44, 3734.56, 4757.67, 7032.77, 7243.84, 7479.12]",amount_not_seen_in_6_months
GL001026,xyz,46638.46,gl,2024-11-11 00:00:00,132,"[388.0, 502.32, 915.68, 1005.8, 1500.2, 1729.62, 1956.89, 2147.86, 2553.51, 2691.94]",amount_not_seen_in_6_months
BANK000561,tech solutions,19065.63,bank,2024-11-12 00:00:00,99,"[394.21, 628.33, 1317.04, 1429.69, 2628.44, 3734.56, 4757.67, 7032.77, 7243.84, 7479.12]",amount_not_seen_in_6_months
BANK000941,data systems,14749.36,bank,2024-11-12 00:00:00,41,"[3023.7, 3477.2, 6506.73, 6780.67, 8787.14, 8867.17, 12406.71, 15848.23, 16970.47, 17267.3]",amount_not_seen_in_6_months
GL000272,global services,43212.52,gl,2024-11-12 00:00:00,133,"[440.82, 941.92, 1556.69, 1750.91, 1758.71, 2451.33, 2512.42, 2633.19, 2652.77, 2846.39]",amount_not_seen_in_6_months
GL000691,smith,26926.0,gl,2024-11-12 00:00:00,148,"[981.66, 1081.06, 1502.68, 1536.1, 1683.57, 2326.98, 2682.11, 2710.48, 2985.5, 3100.0]",amount_not_seen_in_6_months
BANK000232,tech solutions,31867.23,bank,2024-11-13 00:00:00,99,"[394.21, 628.33, 1317.04, 1429.69, 2628.44, 3734.56, 4757.67, 7032.77, 7243.84, 7479.12]",amount_not_seen_in_6_months
BANK000441,business tools,31488.36,bank,2024-11-13 00:00:00,41,"[1071.89, 2577.59, 6805.84, 6938.12, 7791.75, 7831.76, 11320.87, 12484.73, 12532.47, 13897.33]",amount_not_seen_in_6_months
BANK000928,business tools,12641.92,bank,2024-11-13 00:00:00,41,"[1071.89, 2577.59, 6805.84, 6938.12, 7791.75, 7831.76, 11320.87, 12484.73, 12532.47, 13897.33]",amount_not_seen_in_6_months
GL000520,a b c,49505.43,gl,2024-11-13 00:00:00,12,"[147.68, 1203.49, 3949.0, 13900.37, 15300.33, 24146.83, 24677.16, 27006.7, 29417.0, 40111.68]",amount_not_seen_in_6_months
GL000630,abc,10394.33,gl,2024-11-13 00:00:00,157,"[1067.23, 1536.31, 1974.47, 2618.67, 2671.39, 2956.08, 3043.81, 3141.78, 3392.44, 3513.74]",amount_not_seen_in_6_months
GL000901,global services,40381.59,gl,2024-11-13 00:00:00,132,"[440.82, 941.92, 1556.69, 1750.91, 1758.71, 2451.33, 2512.42, 2633.19, 2652.77, 2846.39]",amount_not_seen_in_6_months
GL001041,smith and,17596.52,gl,2024-11-13 00:00:00,20,"[4578.24, 11790.62, 13618.39, 14596.17, 15599.75, 16134.32, 19488.96, 24178.01, 26183.53, 29352.24]",amount_not_seen_in_6_months
GL001052,abc,16174.42,gl,2024-11-13 00:00:00,157,"[1067.23, 1536.31, 1974.47, 2618.67, 2671.39, 2956.08, 3043.81, 3141.78, 3392.44, 3513.74]",amount_not_seen_in_6_months
BANK000066,cloud services,564.84,bank,2024-11-14 00:00:00,33,"[5887.73, 7769.8, 8379.55, 9072.81, 11010.03, 12268.79, 14581.58, 15210.74, 15994.65, 17605.69]",amount_not_seen_in_6_months
BANK000859,cloud services,26063.43,bank,2024-11-14 00:00:00,33,"[5887.73, 7769.8, 8379.55, 9072.81, 11010.03, 12268.79, 14581.58, 15210.74, 15994.65, 17605.69]",amount_not_seen_in_6_months
BANK000872,tech solutions,44736.93,bank,2024-11-14 00:00:00,100,"[394.21, 628.33, 1317.04, 1429.69, 2628.44, 3734.56, 4757.67, 7032.77, 7243.84, 7479.12]",amount_not_seen_in_6_months
GL000856,smith and,16679.37,gl,2024-11-14 00:00:00,20,"[4578.24, 13618.39, 14596.17, 15599.75, 16134.32, 17596.52, 19488.96, 24178.01, 26183.53, 29352.24]",amount_not_seen_in_6_months
BANK000315,finance partners,32185.29,bank,2024-11-15 00:00:00,39,"[2312.35, 3305.02, 3835.78, 5798.91, 7798.42, 8887.41, 9620.14, 11801.23, 13736.19, 13841.39]",amount_not_seen_in_6_months
BANK000408,digital agency,8642.91,bank,2024-11-15 00:00:00,33,"[233.52, 381.69, 1443.11, 1728.73, 2035.25, 5099.88, 5272.83, 6949.92, 6995.18, 8472.68]",amount_not_seen_in_6_months
BANK000429,software house,41283.03,bank,2024-11-15 00:00:00,33,"[184.39, 1227.0, 2671.68, 4170.92, 5219.64, 19095.02, 21101.09, 21208.07, 22877.45, 24185.48]",amount_not_seen_in_6_months
GL000002,ts,25752.52,gl,2024-11-15 00:00:00,26,"[651.92, 10005.19, 11651.17, 13595.68, 13808.19, 15339.0, 18862.79, 20990.11, 22168.89, 23303.27]",amount_not_seen_in_6_months
GL000147,smith,17889.4,gl,2024-11-15 00:00:00,144,"[1081.06, 1502.68, 1536.1, 1683.57, 2326.98, 2682.11, 2710.48, 2985.5, 3100.0, 3256.64]",amount_not_seen_in_6_months
GL000372,global services,49187.11,gl,2024-11-15 00:00:00,133,"[440.82, 941.92, 1556.69, 1750.91, 1758.71, 2451.33, 2512.42, 2633.19, 2652.77, 2846.39]",amount_not_seen_in_6_months
GL000395,global services,32300.49,gl,2024-11-15 00:00:00,133,"[440.82, 941.92, 1556.69, 1750.91, 1758.71, 2451.33, 2512.42, 2633.19, 2652.77, 2846.39]",amount_not_seen_in_6_months
GL000656,smith and,5555.28,gl,2024-11-15 00:00:00,21,"[4578.24, 13618.39, 14596.17, 15599.75, 16134.32, 16679.37, 17596.52, 19488.96, 24178.01, 26183.53]",amount_not_seen_in_6_months
GL001180,abc,48894.63,gl,2024-11-15 00:00:00,159,"[1067.23, 1536.31, 1974.47, 2618.67, 2671.39, 2956.08, 3043.81, 3141.78, 3392.44, 3513.74]",amount_not_seen_in_6_months
BANK000031,tech solutions,45640.13,bank,2024-11-16 00:00:00,100,"[394.21, 628.33, 1317.04, 1429.69, 2628.44, 3734.56, 4757.67, 7032.77, 7243.84, 7479.12]",amount_not_seen_in_6_months
BANK000406,tech solutions,13795.11,bank,2024-11-16 00:00:00,100,"[394.21, 628.33, 1317.04, 1429.69, 2628.44, 3734.56, 4757.67, 7032.77, 7243.84, 7479.12]",amount_not_seen_in_6_months
BANK000949,xyz,26706.97,bank,2024-11-16 00:00:00,129,"[388.0, 502.32, 915.68, 1005.8, 1500.2, 1729.62, 1956.89, 2147.86, 2553.51, 2691.94]",amount_not_seen_in_6_months
BANK000980,xyz,13235.41,bank,2024-11-16 00:00:00,129,"[388.0, 502.32, 915.68, 1005.8, 1500.2, 1729.62, 1956.89, 2147.86, 2553.51, 2691.94]",amount_not_seen_in_6_months
GL000097,smith,12604.56,gl,2024-11-16 00:00:00,144,"[1081.06, 1502.68, 1536.1, 1683.57, 2326.98, 2682.11, 2710.48, 2985.5, 3100.0, 3256.64]",amount_not_seen_in_6_months
GL000105,global services,4121.58,gl,2024-11-16 00:00:00,133,"[440.82, 941.92, 1556.69, 1750.91, 1758.71, 2451.33, 2512.42, 2633.19, 2652.77, 2846.39]",amount_not_seen_in_6_months
GL000781,smith and,2346.36,gl,2024-11-16 00:00:00,22,"[4578.24, 5555.28, 13618.39, 14596.17, 15599.75, 16134.32, 16679.37, 17596.52, 19488.96, 24178.01]",amount_not_seen_in_6_months
GL001027,smith and,44655.34,gl,2024-11-16 00:00:00,22,"[4578.24, 5555.28, 13618.39, 14596.17, 15599.75, 16134.32, 16679.37, 17596.52, 19488.96, 24178.01]",amount_not_seen_in_6_months
BANK000025,smith,5571.49,bank,2024-11-17 00:00:00,144,"[1081.06, 1502.68, 1536.1, 1683.57, 2326.98, 2682.11, 2710.48, 2985.5, 3100.0, 3256.64]",amount_not_seen_in_6_months
BANK000313,consulting group,8939.59,bank,2024-11-17 00:00:00,36,"[359.24, 556.16, 2381.35, 3769.23, 4043.06, 6801.86, 7100.8, 8310.4, 12462.41, 13104.75]",amount_not_seen_in_6_months
BANK000412,data systems,24952.1,bank,2024-11-17 00:00:00,39,"[3023.7, 3477.2, 6506.73, 6780.67, 8787.14, 8867.17, 12406.71, 14749.36, 15848.23, 16970.47]",amount_not_seen_in_6_months
BANK000671,digital agency,25379.87,bank,2024-11-17 00:00:00,34,"[233.52, 381.69, 1443.11, 1728.73, 2035.25, 5099.88, 5272.83, 6949.92, 6995.18, 8472.68]",amount_not_seen_in_6_months
GL000081,xyz,24921.15,gl,2024-11-17 00:00:00,131,"[388.0, 502.32, 915.68, 1005.8, 1500.2, 1729.62, 1956.89, 2147.86, 2553.51, 2691.94]",amount_not_seen_in_6_months
GL000214,a b c,20445.34,gl,2024-11-17 00:00:00,13,"[147.68, 1203.49, 3949.0, 13900.37, 15300.33, 24146.83, 24677.16, 27006.7, 29417.0, 40111.68]",amount_not_seen_in_6_months
GL000421,xyz,31253.96,gl,2024-11-17 00:00:00,131,"[388.0, 502.32, 915.68, 1005.8, 1500.2, 1729.62, 1956.89, 2147.86, 2553.51, 2691.94]",amount_not_seen_in_6_months
BANK000719,software house,18674.76,bank,2024-11-18 00:00:00,33,"[184.39, 1227.0, 2671.68, 4170.92, 5219.64, 19095.02, 21101.09, 21208.07, 22877.45, 24185.48]",amount_not_seen_in_6_months
BANK000216,software house,3514.2,bank,2024-11-19 00:00:00,34,"[184.39, 1227.0, 2671.68, 4170.92, 5219.64, 18674.76, 19095.02, 21101.09, 21208.07, 22877.45]",amount_not_seen_in_6_months
BANK000981,abc,42494.4,bank,2024-11-19 00:00:00,153,"[1067.23, 1536.31, 1974.47, 2618.67, 2956.08, 3043.81, 3141.78, 3392.44, 3513.74, 3546.74]",amount_not_seen_in_6_months
GL000044,xyz,42946.0,gl,2024-11-19 00:00:00,131,"[388.0, 502.32, 915.68, 1005.8, 1500.2, 1729.62, 1956.89, 2147.86, 2553.51, 2691.94]",amount_not_seen_in_6_months
GL000075,xyz,41730.69,gl,2024-11-19 00:00:00,131,"[388.0, 502.32, 915.68, 1005.8, 1500.2, 1729.62, 1956.89, 2147.86, 2553.51, 2691.94]",amount_not_seen_in_6_months
GL001139,smith,21384.79,gl,2024-11-19 00:00:00,145,"[1081.06, 1502.68, 1536.1, 1683.57, 2326.98, 2682.11, 2710.48, 2985.5, 3100.0, 3256.64]",amount_not_seen_in_6_months
BANK000270,cloud services,13823.3,bank,2024-11-20 00:00:00,33,"[564.84, 5887.73, 7769.8, 8379.55, 9072.81, 11010.03, 12268.79, 14581.58, 15994.65, 19049.56]",amount_not_seen_in_6_months
BANK000309,xyz,3911.33,bank,2024-11-20 00:00:00,132,"[388.0, 502.32, 915.68, 1005.8, 1500.2, 1729.62, 1956.89, 2147.86, 2553.51, 2691.94]",amount_not_seen_in_6_months
BANK000584,tech solutions,25015.23,bank,2024-11-20 00:00:00,98,"[394.21, 628.33, 1317.04, 1429.69, 2628.44, 3734.56, 4757.67, 7032.77, 7243.84, 7479.12]",amount_not_seen_in_6_months
BANK000834,cloud services,23579.77,bank,2024-11-20 00:00:00,33,"[564.84, 5887.73, 7769.8, 8379.55, 9072.81, 11010.03, 12268.79, 14581.58, 15994.65, 19049.56]",amount_not_seen_in_6_months
BANK000899,business tools,17821.44,bank,2024-11-20 00:00:00,41,"[1071.89, 2577.59, 6805.84, 6938.12, 7791.75, 7831.76, 11320.87, 12484.73, 12532.47, 12641.92]",amount_not_seen_in_6_months
BANK000929,digital agency,41516.18,bank,2024-11-20 00:00:00,34,"[233.52, 381.69, 1443.11, 1728.73, 2035.25, 5099.88, 5272.83, 6949.92, 6995.18, 8472.68]",amount_not_seen_in_6_months
GL000446,smith,25396.39,gl,2024-11-20 00:00:00,144,"[1081.06, 1536.1, 1683.57, 2326.98, 2682.11, 2710.48, 2985.5, 3100.0, 3256.64, 3574.06]",amount_not_seen_in_6_months
GL000872,global services,8860.9,gl,2024-11-20 00:00:00,132,"[440.82, 941.92, 1556.69, 1750.91, 1758.71, 2451.33, 2512.42, 2633.19, 2652.77, 2846.39]",amount_not_seen_in_6_months
GL001186,tech solutions,34774.72,gl,2024-11-20 00:00:00,98,"[394.21, 628.33, 1317.04, 1429.69, 2628.44, 3734.56, 4757.67, 7032.77, 7243.84, 7479.12]",amount_not_seen_in_6_months
BANK000246,consulting group,32417.85,bank,2024-11-21 00:00:00,37,"[359.24, 556.16, 2381.35, 3769.23, 4043.06, 6801.86, 7100.8, 8310.4, 8939.59, 12462.41]",amount_not_seen_in_6_months
BANK000614,data systems,9369.11,bank,2024-11-21 00:00:00,39,"[3023.7, 3477.2, 6506.73, 6780.67, 8787.14, 8867.17, 12406.71, 14749.36, 15848.23, 16970.47]",amount_not_seen_in_6_months
GL000831,tech solutions,11743.94,gl,2024-11-21 00:00:00,99,"[394.21, 628.33, 1317.04, 1429.69, 2628.44, 3734.56, 4757.67, 7032.77, 7243.84, 7479.12]",amount_not_seen_in_6_months
BANK000076,tech solutions,38578.85,bank,2024-11-22 00:00:00,99,"[394.21, 628.33, 1317.04, 1429.69, 2628.44, 3734.56, 4757.67, 7032.77, 7243.84, 7479.12]",amount_not_seen_in_6_months
BANK000546,abc,23852.65,bank,2024-11-22 00:00:00,149,"[1067.23, 1536.31, 1974.47, 2618.67, 2956.08, 3043.81, 3141.78, 3392.44, 3513.74, 3546.74]",amount_not_seen_in_6_months
BANK000827,business tools,34347.27,bank,2024-11-22 00:00:00,41,"[1071.89, 2577.59, 6805.84, 6938.12, 7791.75, 7831.76, 11320.87, 12484.73, 12532.47, 12641.92]",amount_not_seen_in_6_months
GL000352,tech solutions,4327.88,gl,2024-11-22 00:00:00,99,"[394.21, 628.33, 1317.04, 1429.69, 2628.44, 3734.56, 4757.67, 7032.77, 7243.84, 7479.12]",amount_not_seen_in_6_months
GL000644,tech solutions,31556.73,gl,2024-11-22 00:00:00,99,"[394.21, 628.33, 1317.04, 1429.69, 2628.44, 3734.56, 4757.67, 7032.77, 7243.84, 7479.12]",amount_not_seen_in_6_months
GL001002,global services,33592.6,gl,2024-11-22 00:00:00,133,"[440.82, 941.92, 1556.69, 1750.91, 1758.71, 2451.33, 2512.42, 2633.19, 2652.77, 2846.39]",amount_not_seen_in_6_months
GL001017,smith and,44072.9,gl,2024-11-22 00:00:00,24,"[2346.36, 4578.24, 5555.28, 13618.39, 14596.17, 15599.75, 16134.32, 16679.37, 17596.52, 19488.96]",amount_not_seen_in_6_months
BANK000017,digital agency,19034.83,bank,2024-11-23 00:00:00,35,"[233.52, 381.69, 1443.11, 1728.73, 2035.25, 5099.88, 5272.83, 6949.92, 6995.18, 8472.68]",amount_not_seen_in_6_months
BANK000256,cloud services,10684.08,bank,2024-11-23 00:00:00,35,"[564.84, 5887.73, 7769.8, 8379.55, 9072.81, 11010.03, 12268.79, 13823.3, 14581.58, 15994.65]",amount_not_seen_in_6_months
GL000063,ts,14339.0,gl,2024-11-23 00:00:00,27,"[651.92, 10005.19, 11651.17, 13595.68, 13808.19, 15339.0, 18862.79, 20990.11, 22168.89, 23303.27]",amount_not_seen_in_6_months
GL000108,tech solutions,13451.31,gl,2024-11-23 00:00:00,101,"[394.21, 628.33, 1317.04, 1429.69, 2628.44, 3734.56, 4327.88, 4757.67, 7032.77, 7243.84]",amount_not_seen_in_6_months
GL000342,abc,47168.81,gl,2024-11-23 00:00:00,150,"[1067.23, 1536.31, 1974.47, 2618.67, 2956.08, 3043.81, 3141.78, 3392.44, 3513.74, 3546.74]",amount_not_seen_in_6_months
GL000406,tech solutions,494.35,gl,2024-11-23 00:00:00,101,"[394.21, 628.33, 1317.04, 1429.69, 2628.44, 3734.56, 4327.88, 4757.67, 7032.77, 7243.84]",amount_not_seen_in_6_months
GL000929,global services,10360.96,gl,2024-11-23 00:00:00,133,"[440.82, 941.92, 1556.69, 1750.91, 1758.71, 2451.33, 2512.42, 2633.19, 2652.77, 2846.39]",amount_not_seen_in_6_months
BANK000400,xyz,48621.75,bank,2024-11-24 00:00:00,130,"[388.0, 502.32, 915.68, 1500.2, 1729.62, 1956.89, 2147.86, 2553.51, 2691.94, 3493.03]",amount_not_seen_in_6_months
BANK000410,business tools,4153.02,bank,2024-11-24 00:00:00,42,"[1071.89, 2577.59, 6805.84, 6938.12, 7791.75, 7831.76, 11320.87, 12484.73, 12532.47, 12641.92]",amount_not_seen_in_6_months
BANK000531,digital agency,48328.76,bank,2024-11-24 00:00:00,34,"[233.52, 381.69, 1443.11, 2035.25, 5099.88, 5272.83, 6949.92, 6995.18, 8472.68, 8642.91]",amount_not_seen_in_6_months
BANK000775,data systems,13323.72,bank,2024-11-24 00:00:00,39,"[3023.7, 3477.2, 6506.73, 6780.67, 8787.14, 8867.17, 9369.11, 12406.71, 14749.36, 15848.23]",amount_not_seen_in_6_months
BANK000885,audit solutions,33219.16,bank,2024-11-24 00:00:00,36,"[429.96, 3207.06, 4442.67, 6019.8, 7363.93, 10619.34, 12241.49, 12486.12, 13045.37, 15625.04]",amount_not_seen_in_6_months
BANK000943,cloud services,22338.8,bank,2024-11-24 00:00:00,36,"[564.84, 5887.73, 7769.8, 8379.55, 9072.81, 10684.08, 11010.03, 12268.79, 13823.3, 14581.58]",amount_not_seen_in_6_months
BANK000957,digital agency,26788.24,bank,2024-11-24 00:00:00,34,"[233.52, 381.69, 1443.11, 2035.25, 5099.88, 5272.83, 6949.92, 6995.18, 8472.68, 8642.91]",amount_not_seen_in_6_months
BANK000976,audit solutions,35638.74,bank,2024-11-24 00:00:00,36,"[429.96, 3207.06, 4442.67, 6019.8, 7363.93, 10619.34, 12241.49, 12486.12, 13045.37, 15625.04]",amount_not_seen_in_6_months
GL000187,xyz,38529.86,gl,2024-11-24 00:00:00,130,"[388.0, 502.32, 915.68, 1500.2, 1729.62, 1956.89, 2147.86, 2553.51, 2691.94, 3493.03]",amount_not_seen_in_6_months
GL000617,ts,40270.95,gl,2024-11-24 00:00:00,28,"[651.92, 10005.19, 11651.17, 13595.68, 13808.19, 14339.0, 15339.0, 18862.79, 20990.11, 22168.89]",amount_not_seen_in_6_months
BANK000021,consulting group,44245.69,bank,2024-11-25 00:00:00,37,"[359.24, 556.16, 3769.23, 4043.06, 6801.86, 7100.8, 8310.4, 8939.59, 12462.41, 13104.75]",amount_not_seen_in_6_months
BANK000285,data systems,30717.31,bank,2024-11-25 00:00:00,40,"[3023.7, 3477.2, 6506.73, 6780.67, 8787.14, 8867.17, 9369.11, 12406.71, 13323.72, 14749.36]",amount_not_seen_in_6_months
BANK000867,global services,45248.49,bank,2024-11-25 00:00:00,132,"[440.82, 941.92, 1556.69, 1750.91, 1758.71, 2451.33, 2512.42, 2633.19, 2652.77, 2846.39]",amount_not_seen_in_6_months
GL000301,abc,6419.84,gl,2024-11-25 00:00:00,150,"[1067.23, 1536.31, 1974.47, 2618.67, 2956.08, 3043.81, 3141.78, 3392.44, 3513.74, 3546.74]",amount_not_seen_in_6_months
GL000624,global services,20342.78,gl,2024-11-25 00:00:00,132,"[440.82, 941.92, 1556.69, 1750.91, 1758.71, 2451.33, 2512.42, 2633.19, 2652.77, 2846.39]",amount_not_seen_in_6_months
GL000670,global svcs,23112.01,gl,2024-11-25 00:00:00,23,"[1858.54, 2652.17, 4603.13, 7800.91, 12511.24, 14924.05, 16641.34, 17394.18, 20015.74, 20052.92]",amount_not_seen_in_6_months
GL001032,tech solutions,19654.95,gl,2024-11-25 00:00:00,102,"[394.21, 494.35, 628.33, 1317.04, 1429.69, 2628.44, 3734.56, 4327.88, 4757.67, 7032.77]",amount_not_seen_in_6_months
GL001062,xyz,11821.66,gl,2024-11-25 00:00:00,131,"[388.0, 502.32, 915.68, 1500.2, 1729.62, 1956.89, 2147.86, 2553.51, 2691.94, 3493.03]",amount_not_seen_in_6_months
BANK000048,xyz,33700.89,bank,2024-11-26 00:00:00,131,"[388.0, 502.32, 915.68, 1500.2, 1729.62, 1956.89, 2147.86, 2553.51, 2691.94, 3493.03]",amount_not_seen_in_6_months
BANK000385,finance partners,3454.94,bank,2024-11-26 00:00:00,39,"[2312.35, 3305.02, 3835.78, 5798.91, 7798.42, 8887.41, 9620.14, 11801.23, 13736.19, 13841.39]",amount_not_seen_in_6_months
BANK000462,abc,16126.27,bank,2024-11-26 00:00:00,151,"[1067.23, 1536.31, 1974.47, 2618.67, 2956.08, 3043.81, 3141.78, 3392.44, 3513.74, 3546.74]",amount_not_seen_in_6_months
BANK000494,audit solutions,48918.83,bank,2024-11-26 00:00:00,38,"[429.96, 3207.06, 4442.67, 6019.8, 7363.93, 10619.34, 12241.49, 12486.12, 13045.37, 15625.04]",amount_not_seen_in_6_months
GL000071,abc,22606.88,gl,2024-11-26 00:00:00,151,"[1067.23, 1536.31, 1974.47, 2618.67, 2956.08, 3043.81, 3141.78, 3392.44, 3513.74, 3546.74]",amount_not_seen_in_6_months
GL000278,tech solutions,35689.35,gl,2024-11-26 00:00:00,102,"[394.21, 494.35, 628.33, 1317.04, 1429.69, 2628.44, 3734.56, 4327.88, 4757.67, 7032.77]",amount_not_seen_in_6_months
GL000341,xyz,43458.38,gl,2024-11-26 00:00:00,131,"[388.0, 502.32, 915.68, 1500.2, 1729.62, 1956.89, 2147.86, 2553.51, 2691.94, 3493.03]",amount_not_seen_in_6_months
GL000764,global svcs,11024.41,gl,2024-11-26 00:00:00,23,"[1858.54, 4603.13, 7800.91, 12511.24, 14924.05, 16641.34, 17394.18, 20015.74, 20052.92, 21207.37]",amount_not_seen_in_6_months
BANK000141,finance partners,3540.94,bank,2024-11-27 00:00:00,40,"[2312.35, 3305.02, 3454.94, 3835.78, 5798.91, 7798.42, 8887.41, 9620.14, 11801.23, 13736.19]",amount_not_seen_in_6_months
BANK000963,finance partners,14973.02,bank,2024-11-27 00:00:00,40,"[2312.35, 3305.02, 3454.94, 3835.78, 5798.91, 7798.42, 8887.41, 9620.14, 11801.23, 13736.19]",amount_not_seen_in_6_months
GL000017,global services,23995.85,gl,2024-11-27 00:00:00,134,"[440.82, 941.92, 1556.69, 1750.91, 1758.71, 2451.33, 2512.42, 2633.19, 2652.77, 2846.39]",amount_not_seen_in_6_months
GL000548,global services,42832.3,gl,2024-11-27 00:00:00,134,"[440.82, 941.92, 1556.69, 1750.91, 1758.71, 2451.33, 2512.42, 2633.19, 2652.77, 2846.39]",amount_not_seen_in_6_months
GL000573,xyz,9293.92,gl,2024-11-27 00:00:00,133,"[388.0, 502.32, 915.68, 1500.2, 1729.62, 1956.89, 2147.86, 2553.51, 2691.94, 3493.03]",amount_not_seen_in_6_months
GL000849,smith,8383.19,gl,2024-11-27 00:00:00,144,"[1081.06, 1536.1, 1683.57, 2326.98, 2682.11, 2710.48, 2985.5, 3100.0, 3256.64, 3574.06]",amount_not_seen_in_6_months
BANK000005,digital agency,10022.0,bank,2024-11-28 00:00:00,36,"[233.52, 381.69, 1443.11, 2035.25, 5099.88, 5272.83, 6949.92, 6995.18, 8472.68, 8642.91]",amount_not_seen_in_6_months
BANK000388,tech solutions,19961.9,bank,2024-11-28 00:00:00,103,"[394.21, 494.35, 628.33, 1317.04, 1429.69, 2628.44, 3734.56, 4327.88, 4757.67, 7032.77]",amount_not_seen_in_6_months
BANK000648,smith,33258.99,bank,2024-11-28 00:00:00,145,"[1081.06, 1536.1, 1683.57, 2326.98, 2682.11, 2710.48, 2985.5, 3100.0, 3256.64, 3574.06]",amount_not_seen_in_6_months
BANK000675,software house,31751.28,bank,2024-11-28 00:00:00,33,"[184.39, 1227.0, 2671.68, 3514.2, 4170.92, 5219.64, 18674.76, 19095.02, 21101.09, 21208.07]",amount_not_seen_in_6_months
BANK000875,business tools,40014.96,bank,2024-11-28 00:00:00,42,"[1071.89, 2577.59, 4153.02, 6805.84, 6938.12, 7791.75, 11320.87, 12484.73, 12532.47, 12641.92]",amount_not_seen_in_6_months
BANK000942,abc,41202.05,bank,2024-11-28 00:00:00,151,"[1067.23, 1536.31, 1974.47, 2618.67, 2956.08, 3043.81, 3141.78, 3392.44, 3513.74, 3546.74]",amount_not_seen_in_6_months
GL000228,global services,1195.1,gl,2024-11-28 00:00:00,136,"[440.82, 941.92, 1556.69, 1750.91, 1758.71, 2451.33, 2512.42, 2633.19, 2652.77, 2846.39]",amount_not_seen_in_6_months
GL000984,xyz,41897.71,gl,2024-11-28 00:00:00,134,"[388.0, 502.32, 915.68, 1500.2, 1729.62, 1956.89, 2147.86, 2553.51, 2691.94, 3493.03]",amount_not_seen_in_6_months
BANK000052,data systems,4985.65,bank,2024-11-29 00:00:00,41,"[3023.7, 3477.2, 6506.73, 6780.67, 8787.14, 8867.17, 9369.11, 12406.71, 13323.72, 14749.36]",amount_not_seen_in_6_months
BANK000144,tech solutions,36716.39,bank,2024-11-29 00:00:00,103,"[394.21, 494.35, 628.33, 1317.04, 1429.69, 2628.44, 3734.56, 4327.88, 4757.67, 7032.77]",amount_not_seen_in_6_months
BANK000576,cloud services,16803.34,bank,2024-11-29 00:00:00,36,"[564.84, 5887.73, 7769.8, 8379.55, 9072.81, 10684.08, 11010.03, 12268.79, 13823.3, 14581.58]",amount_not_seen_in_6_months
BANK000853,business tools,18392.91,bank,2024-11-29 00:00:00,42,"[1071.89, 2577.59, 4153.02, 6805.84, 6938.12, 7791.75, 12484.73, 12532.47, 12641.92, 13897.33]",amount_not_seen_in_6_months
GL000245,tech solutions,25270.35,gl,2024-11-29 00:00:00,103,"[394.21, 494.35, 628.33, 1317.04, 1429.69, 2628.44, 3734.56, 4327.88, 4757.67, 7032.77]",amount_not_seen_in_6_months
GL001082,global serv,29723.32,gl,2024-11-29 00:00:00,18,"[2350.01, 5548.64, 10200.43, 15665.43, 19088.73, 19973.88, 25186.51, 32711.28, 32897.66, 38373.56]",amount_not_seen_in_6_months
GL001185,abc,11941.45,gl,2024-11-29 00:00:00,152,"[1067.23, 1536.31, 1974.47, 2618.67, 2956.08, 3043.81, 3141.78, 3392.44, 3513.74, 3546.74]",amount_not_seen_in_6_months
BANK000424,software house,24795.22,bank,2024-11-30 00:00:00,34,"[184.39, 1227.0, 2671.68, 3514.2, 4170.92, 5219.64, 18674.76, 19095.02, 21101.09, 21208.07]",amount_not_seen_in_6_months
BANK000625,business tools,5210.58,bank,2024-11-30 00:00:00,43,"[1071.89, 2577.59, 4153.02, 6805.84, 6938.12, 7791.75, 12484.73, 12532.47, 12641.92, 13897.33]",amount_not_seen_in_6_months
GL000616,smith and,8858.06,gl,2024-11-30 00:00:00,24,"[2346.36, 4578.24, 5555.28, 13618.39, 14596.17, 15599.75, 16134.32, 16679.37, 17596.52, 19488.96]",amount_not_seen_in_6_months
GL001090,smith,14763.18,gl,2024-11-30 00:00:00,142,"[1081.06, 1536.1, 1683.57, 2326.98, 2682.11, 2710.48, 2985.5, 3100.0, 3256.64, 3574.06]",amount_not_seen_in_6_months
BANK000251,xyz,44282.15,bank,2024-12-01 00:00:00,133,"[388.0, 502.32, 915.68, 1500.2, 1729.62, 1956.89, 2147.86, 2553.51, 2691.94, 3493.03]",amount_not_seen_in_6_months
BANK000455,tech solutions,46208.08,bank,2024-12-01 00:00:00,105,"[394.21, 494.35, 628.33, 1317.04, 1429.69, 2628.44, 3734.56, 4327.88, 4757.67, 7032.77]",amount_not_seen_in_6_months
BANK000831,xyz,44989.6,bank,2024-12-01 00:00:00,133,"[388.0, 502.32, 915.68, 1500.2, 1729.62, 1956.89, 2147.86, 2553.51, 2691.94, 3493.03]",amount_not_seen_in_6_months
GL000047,abc,37315.17,gl,2024-12-01 00:00:00,151,"[1067.23, 1536.31, 1974.47, 2618.67, 2956.08, 3043.81, 3141.78, 3392.44, 3513.74, 3546.74]",amount_not_seen_in_6_months
GL000489,smith,6243.48,gl,2024-12-01 00:00:00,142,"[1081.06, 1536.1, 1683.57, 2326.98, 2682.11, 2710.48, 2985.5, 3100.0, 3256.64, 3574.06]",amount_not_seen_in_6_months
BANK000282,consulting group,10715.67,bank,2024-12-02 00:00:00,37,"[359.24, 556.16, 3769.23, 4043.06, 6801.86, 7100.8, 8310.4, 8939.59, 12462.41, 13104.75]",amount_not_seen_in_6_months
BANK000329,cloud services,12674.59,bank,2024-12-02 00:00:00,36,"[564.84, 5887.73, 7769.8, 8379.55, 9072.81, 10684.08, 11010.03, 12268.79, 13823.3, 14581.58]",amount_not_seen_in_6_months
BANK000678,digital agency,33337.37,bank,2024-12-02 00:00:00,36,"[233.52, 381.69, 1443.11, 2035.25, 5099.88, 5272.83, 6949.92, 6995.18, 8472.68, 8642.91]",amount_not_seen_in_6_months
BANK000897,finance partners,23709.37,bank,2024-12-02 00:00:00,41,"[2312.35, 3305.02, 3454.94, 3540.94, 3835.78, 5798.91, 7798.42, 8887.41, 9620.14, 11801.23]",amount_not_seen_in_6_months
GL000383,tech solutions,41009.43,gl,2024-12-02 00:00:00,106,"[394.21, 494.35, 628.33, 1317.04, 1429.69, 2628.44, 3734.56, 4327.88, 4757.67, 7032.77]",amount_not_seen_in_6_months
GL000621,abc,36744.8,gl,2024-12-02 00:00:00,150,"[1067.23, 1536.31, 1974.47, 2618.67, 2956.08, 3043.81, 3141.78, 3392.44, 3513.74, 3546.74]",amount_not_seen_in_6_months
GL001069,global services,29273.23,gl,2024-12-02 00:00:00,134,"[440.82, 941.92, 1195.1, 1556.69, 1750.91, 1758.71, 2451.33, 2512.42, 2633.19, 2652.77]",amount_not_seen_in_6_months
BANK000266,data systems,2263.92,bank,2024-12-03 00:00:00,42,"[3023.7, 3477.2, 4985.65, 6506.73, 6780.67, 8787.14, 8867.17, 9369.11, 12406.71, 13323.72]",amount_not_seen_in_6_months
BANK000898,global services,4962.11,bank,2024-12-03 00:00:00,134,"[440.82, 941.92, 1195.1, 1556.69, 1750.91, 1758.71, 2451.33, 2512.42, 2633.19, 2652.77]",amount_not_seen_in_6_months
GL000157,xyz,37132.63,gl,2024-12-03 00:00:00,134,"[388.0, 502.32, 915.68, 1500.2, 1729.62, 1956.89, 2147.86, 2553.51, 2691.94, 3493.03]",amount_not_seen_in_6_months
GL000833,xyz,7057.74,gl,2024-12-03 00:00:00,134,"[388.0, 502.32, 915.68, 1500.2, 1729.62, 1956.89, 2147.86, 2553.51, 2691.94, 3493.03]",amount_not_seen_in_6_months
GL000974,abc,37394.69,gl,2024-12-03 00:00:00,151,"[1067.23, 1536.31, 1974.47, 2618.67, 2956.08, 3043.81, 3141.78, 3392.44, 3513.74, 3546.74]",amount_not_seen_in_6_months
BANK000884,digital agency,4852.58,bank,2024-12-04 00:00:00,36,"[233.52, 381.69, 1443.11, 2035.25, 5099.88, 5272.83, 6949.92, 6995.18, 8472.68, 8642.91]",amount_not_seen_in_6_months
GL000171,ts,20217.16,gl,2024-12-04 00:00:00,29,"[651.92, 10005.19, 11651.17, 13595.68, 13808.19, 14339.0, 15339.0, 18862.79, 20990.11, 22168.89]",amount_not_seen_in_6_months
GL000294,smith,15860.74,gl,2024-12-04 00:00:00,140,"[1081.06, 1536.1, 1683.57, 2326.98, 2710.48, 2985.5, 3100.0, 3256.64, 3574.06, 3733.19]",amount_not_seen_in_6_months
GL000682,xyz,11593.13,gl,2024-12-04 00:00:00,136,"[388.0, 502.32, 915.68, 1500.2, 1729.62, 1956.89, 2147.86, 2553.51, 2691.94, 3493.03]",amount_not_seen_in_6_months
GL000716,abc,23156.4,gl,2024-12-04 00:00:00,152,"[1067.23, 1536.31, 1974.47, 2618.67, 2956.08, 3043.81, 3141.78, 3392.44, 3513.74, 3546.74]",amount_not_seen_in_6_months
GL001083,xyz,33701.84,gl,2024-12-04 00:00:00,136,"[388.0, 502.32, 915.68, 1500.2, 1729.62, 1956.89, 2147.86, 2553.51, 2691.94, 3493.03]",amount_not_seen_in_6_months
BANK000096,xyz,31195.45,bank,2024-12-05 00:00:00,137,"[388.0, 502.32, 915.68, 1500.2, 1729.62, 1956.89, 2147.86, 2553.51, 2691.94, 3493.03]",amount_not_seen_in_6_months
BANK000126,abc,29635.45,bank,2024-12-05 00:00:00,152,"[1067.23, 1536.31, 1974.47, 2618.67, 2956.08, 3043.81, 3141.78, 3392.44, 3513.74, 3546.74]",amount_not_seen_in_6_months
BANK000330,smith,4166.95,bank,2024-12-05 00:00:00,141,"[1081.06, 1536.1, 1683.57, 2326.98, 2710.48, 2985.5, 3100.0, 3256.64, 3574.06, 3733.19]",amount_not_seen_in_6_months
BANK000446,consulting group,28088.25,bank,2024-12-05 00:00:00,36,"[556.16, 3769.23, 4043.06, 6801.86, 7100.8, 8310.4, 8939.59, 10715.67, 12462.41, 13104.75]",amount_not_seen_in_6_months
BANK000746,audit solutions,35256.45,bank,2024-12-05 00:00:00,35,"[429.96, 3207.06, 4442.67, 6019.8, 7363.93, 10619.34, 12241.49, 12486.12, 13045.37, 15625.04]",amount_not_seen_in_6_months
BANK000871,software house,42614.74,bank,2024-12-05 00:00:00,34,"[184.39, 1227.0, 2671.68, 3514.2, 4170.92, 5219.64, 18674.76, 19095.02, 21101.09, 21208.07]",amount_not_seen_in_6_months
GL000532,global services,43875.22,gl,2024-12-05 00:00:00,135,"[440.82, 941.92, 1195.1, 1556.69, 1750.91, 1758.71, 2451.33, 2512.42, 2633.19, 2652.77]",amount_not_seen_in_6_months
GL000937,xyz,37229.31,gl,2024-12-05 00:00:00,137,"[388.0, 502.32, 915.68, 1500.2, 1729.62, 1956.89, 2147.86, 2553.51, 2691.94, 3493.03]",amount_not_seen_in_6_months
GL000072,tech solutions,41708.5,gl,2024-12-06 00:00:00,105,"[394.21, 494.35, 628.33, 1317.04, 1429.69, 2628.44, 3734.56, 4327.88, 4757.67, 7032.77]",amount_not_seen_in_6_months
GL000121,xyz,18510.9,gl,2024-12-06 00:00:00,138,"[388.0, 502.32, 915.68, 1500.2, 1729.62, 1956.89, 2147.86, 2553.51, 2691.94, 3493.03]",amount_not_seen_in_6_months
GL000326,xyz,37218.47,gl,2024-12-06 00:00:00,138,"[388.0, 502.32, 915.68, 1500.2, 1729.62, 1956.89, 2147.86, 2553.51, 2691.94, 3493.03]",amount_not_seen_in_6_months
GL000440,xyz,38480.9,gl,2024-12-06 00:00:00,138,"[388.0, 502.32, 915.68, 1500.2, 1729.62, 1956.89, 2147.86, 2553.51, 2691.94, 3493.03]",amount_not_seen_in_6_months
GL000491,abc,28852.51,gl,2024-12-06 00:00:00,152,"[1067.23, 1536.31, 1974.47, 2618.67, 2956.08, 3043.81, 3141.78, 3392.44, 3513.74, 3546.74]",amount_not_seen_in_6_months
GL000886,abc,43890.09,gl,2024-12-06 00:00:00,152,"[1067.23, 1536.31, 1974.47, 2618.67, 2956.08, 3043.81, 3141.78, 3392.44, 3513.74, 3546.74]",amount_not_seen_in_6_months
GL001064,xyz,26453.85,gl,2024-12-06 00:00:00,138,"[388.0, 502.32, 915.68, 1500.2, 1729.62, 1956.89, 2147.86, 2553.51, 2691.94, 3493.03]",amount_not_seen_in_6_months
BANK000070,data systems,26494.14,bank,2024-12-07 00:00:00,42,"[2263.92, 3023.7, 3477.2, 4985.65, 6506.73, 6780.67, 8787.14, 8867.17, 9369.11, 12406.71]",amount_not_seen_in_6_months
BANK000097,audit solutions,25405.41,bank,2024-12-07 00:00:00,34,"[429.96, 3207.06, 4442.67, 6019.8, 7363.93, 10619.34, 12241.49, 12486.12, 13045.37, 15625.04]",amount_not_seen_in_6_months
BANK000296,tech solutions,24382.97,bank,2024-12-07 00:00:00,106,"[394.21, 494.35, 628.33, 1317.04, 1429.69, 2628.44, 3734.56, 4327.88, 4757.67, 7032.77]",amount_not_seen_in_6_months
BANK000918,digital agency,29182.03,bank,2024-12-07 00:00:00,37,"[233.52, 381.69, 1443.11, 2035.25, 4852.58, 5099.88, 5272.83, 6949.92, 6995.18, 8472.68]",amount_not_seen_in_6_months
GL000184,abc,24304.74,gl,2024-12-07 00:00:00,152,"[1067.23, 1536.31, 1974.47, 2618.67, 2956.08, 3043.81, 3392.44, 3513.74, 3546.74, 3956.23]",amount_not_seen_in_6_months
GL001095,tech sol,4379.17,gl,2024-12-07 00:00:00,13,"[8065.0, 8945.82, 14294.17, 15063.31, 19959.55, 22018.42, 22591.84, 25300.89, 25614.11, 36519.32]",amount_not_seen_in_6_months
BANK000044,consulting group,11976.43,bank,2024-12-08 00:00:00,36,"[556.16, 3769.23, 4043.06, 6801.86, 8310.4, 8939.59, 10715.67, 12462.41, 13104.75, 13739.02]",amount_not_seen_in_6_months
BANK000301,business tools,27980.31,bank,2024-12-08 00:00:00,43,"[1071.89, 2577.59, 4153.02, 5210.58, 6805.84, 6938.12, 7791.75, 12484.73, 12532.47, 12641.92]",amount_not_seen_in_6_months
BANK000362,xyz,9446.96,bank,2024-12-08 00:00:00,142,"[388.0, 502.32, 915.68, 1500.2, 1729.62, 1956.89, 2147.86, 2553.51, 2691.94, 3493.03]",amount_not_seen_in_6_months
GL000032,xyz,3704.01,gl,2024-12-08 00:00:00,142,"[388.0, 502.32, 915.68, 1500.2, 1729.62, 1956.89, 2147.86, 2553.51, 2691.94, 3493.03]",amount_not_seen_in_6_months
GL000076,global services,636.51,gl,2024-12-08 00:00:00,133,"[440.82, 941.92, 1195.1, 1556.69, 1750.91, 1758.71, 2451.33, 2512.42, 2633.19, 2652.77]",amount_not_seen_in_6_months
GL000164,global services,34368.55,gl,2024-12-08 00:00:00,133,"[440.82, 941.92, 1195.1, 1556.69, 1750.91, 1758.71, 2451.33, 2512.42, 2633.19, 2652.77]",amount_not_seen_in_6_months
GL000169,xyz,34057.05,gl,2024-12-08 00:00:00,142,"[388.0, 502.32, 915.68, 1500.2, 1729.62, 1956.89, 2147.86, 2553.51, 2691.94, 3493.03]",amount_not_seen_in_6_months
GL000426,global services,1782.88,gl,2024-12-08 00:00:00,133,"[440.82, 941.92, 1195.1, 1556.69, 1750.91, 1758.71, 2451.33, 2512.42, 2633.19, 2652.77]",amount_not_seen_in_6_months
GL000535,global svcs,38498.83,gl,2024-12-08 00:00:00,23,"[1858.54, 4603.13, 7800.91, 11024.41, 12511.24, 14924.05, 16641.34, 17394.18, 20015.74, 20052.92]",amount_not_seen_in_6_months
GL000612,abc,27563.87,gl,2024-12-08 00:00:00,151,"[1067.23, 1536.31, 1974.47, 2618.67, 2956.08, 3043.81, 3392.44, 3513.74, 3546.74, 3956.23]",amount_not_seen_in_6_months
GL000650,xyz,43950.19,gl,2024-12-08 00:00:00,142,"[388.0, 502.32, 915.68, 1500.2, 1729.62, 1956.89, 2147.86, 2553.51, 2691.94, 3493.03]",amount_not_seen_in_6_months
GL000725,smith,6288.22,gl,2024-12-08 00:00:00,141,"[1081.06, 1536.1, 1683.57, 2326.98, 2710.48, 2985.5, 3100.0, 3256.64, 3574.06, 3733.19]",amount_not_seen_in_6_months
GL000864,xyz,41987.92,gl,2024-12-08 00:00:00,142,"[388.0, 502.32, 915.68, 1500.2, 1729.62, 1956.89, 2147.86, 2553.51, 2691.94, 3493.03]",amount_not_seen_in_6_months
BANK000279,xyz,28128.0,bank,2024-12-09 00:00:00,147,"[388.0, 502.32, 915.68, 1500.2, 1729.62, 1956.89, 2147.86, 2553.51, 2691.94, 3493.03]",amount_not_seen_in_6_months
BANK000510,audit solutions,47085.16,bank,2024-12-09 00:00:00,35,"[429.96, 3207.06, 4442.67, 6019.8, 7363.93, 10619.34, 12241.49, 12486.12, 13045.37, 15625.04]",amount_not_seen_in_6_months
BANK000756,software house,41100.92,bank,2024-12-09 00:00:00,35,"[184.39, 1227.0, 2671.68, 3514.2, 4170.92, 5219.64, 18674.76, 19095.02, 21101.09, 21208.07]",amount_not_seen_in_6_months
GL000368,x y z,8790.22,gl,2024-12-09 00:00:00,20,"[4902.2, 6775.77, 7936.33, 9592.05, 9823.97, 9952.39, 10295.93, 16376.59, 22093.03, 22967.33]",amount_not_seen_in_6_months
GL000834,global services,40594.4,gl,2024-12-09 00:00:00,135,"[440.82, 636.51, 941.92, 1195.1, 1556.69, 1750.91, 1758.71, 1782.88, 2451.33, 2512.42]",amount_not_seen_in_6_months
BANK000243,tech solutions,33674.14,bank,2024-12-10 00:00:00,105,"[394.21, 494.35, 628.33, 1317.04, 1429.69, 2628.44, 3734.56, 4327.88, 4757.67, 7032.77]",amount_not_seen_in_6_months
BANK000610,digital agency,8709.12,bank,2024-12-10 00:00:00,38,"[233.52, 381.69, 1443.11, 2035.25, 4852.58, 5099.88, 5272.83, 6949.92, 6995.18, 8472.68]",amount_not_seen_in_6_months
BANK000611,smith,29549.4,bank,2024-12-10 00:00:00,140,"[1081.06, 1536.1, 1683.57, 2326.98, 2710.48, 2985.5, 3100.0, 3256.64, 3574.06, 3733.19]",amount_not_seen_in_6_months
BANK000915,smith,34361.9,bank,2024-12-10 00:00:00,140,"[1081.06, 1536.1, 1683.57, 2326.98, 2710.48, 2985.5, 3100.0, 3256.64, 3574.06, 3733.19]",amount_not_seen_in_6_months
GL000011,ts,1767.11,gl,2024-12-10 00:00:00,29,"[651.92, 10005.19, 11651.17, 13595.68, 13808.19, 14339.0, 15339.0, 18862.79, 20217.16, 20990.11]",amount_not_seen_in_6_months
GL000303,abc,21136.15,gl,2024-12-10 00:00:00,149,"[1067.23, 1536.31, 1974.47, 2618.67, 2956.08, 3043.81, 3392.44, 3513.74, 3546.74, 3956.23]",amount_not_seen_in_6_months
GL000324,global services,39938.21,gl,2024-12-10 00:00:00,135,"[440.82, 636.51, 941.92, 1195.1, 1556.69, 1750.91, 1758.71, 1782.88, 2451.33, 2512.42]",amount_not_seen_in_6_months
GL000501,smith and,45197.34,gl,2024-12-10 00:00:00,24,"[2346.36, 4578.24, 5555.28, 8858.06, 13618.39, 14596.17, 15599.75, 16134.32, 16679.37, 17596.52]",amount_not_seen_in_6_months
GL001023,smith,3434.28,gl,2024-12-10 00:00:00,140,"[1081.06, 1536.1, 1683.57, 2326.98, 2710.48, 2985.5, 3100.0, 3256.64, 3574.06, 3733.19]",amount_not_seen_in_6_months
GL001177,xyz,39833.78,gl,2024-12-10 00:00:00,147,"[388.0, 502.32, 915.68, 1500.2, 1729.62, 1956.89, 2147.86, 2553.51, 2691.94, 3493.03]",amount_not_seen_in_6_months
BANK000924,digital agency,5213.75,bank,2024-12-11 00:00:00,39,"[233.52, 381.69, 1443.11, 2035.25, 4852.58, 5099.88, 5272.83, 6949.92, 6995.18, 8472.68]",amount_not_seen_in_6_months
GL000049,a b c,3543.38,gl,2024-12-11 00:00:00,11,"[1203.49, 3949.0, 13900.37, 15300.33, 20445.34, 24146.83, 24677.16, 27006.7, 40111.68, 44780.2]",amount_not_seen_in_6_months
GL000793,ts,31120.64,gl,2024-12-11 00:00:00,30,"[651.92, 1767.11, 10005.19, 11651.17, 13595.68, 13808.19, 14339.0, 15339.0, 18862.79, 20217.16]",amount_not_seen_in_6_months
GL000983,tech solutions,25381.0,gl,2024-12-11 00:00:00,106,"[394.21, 494.35, 628.33, 1317.04, 1429.69, 2628.44, 3734.56, 4327.88, 4757.67, 7032.77]",amount_not_seen_in_6_months
GL001143,tech solutions,47036.73,gl,2024-12-11 00:00:00,106,"[394.21, 494.35, 628.33, 1317.04, 1429.69, 2628.44, 3734.56, 4327.88, 4757.67, 7032.77]",amount_not_seen_in_6_months
GL001159,xyz,43769.59,gl,2024-12-11 00:00:00,148,"[388.0, 502.32, 915.68, 1500.2, 1729.62, 1956.89, 2147.86, 2553.51, 2691.94, 3493.03]",amount_not_seen_in_6_months
BANK000137,audit solutions,15666.67,bank,2024-12-12 00:00:00,36,"[429.96, 3207.06, 4442.67, 6019.8, 7363.93, 10619.34, 12241.49, 12486.12, 13045.37, 15625.04]",amount_not_seen_in_6_months
BANK000224,data systems,45070.35,bank,2024-12-12 00:00:00,43,"[2263.92, 3023.7, 3477.2, 4985.65, 6506.73, 6780.67, 8787.14, 8867.17, 9369.11, 12406.71]",amount_not_seen_in_6_months
BANK000812,global services,32404.26,bank,2024-12-12 00:00:00,136,"[440.82, 636.51, 941.92, 1195.1, 1556.69, 1750.91, 1758.71, 1782.88, 2451.33, 2512.42]",amount_not_seen_in_6_months
BANK000817,data systems,23388.23,bank,2024-12-12 00:00:00,43,"[2263.92, 3023.7, 3477.2, 4985.65, 6506.73, 6780.67, 8787.14, 8867.17, 9369.11, 12406.71]",amount_not_seen_in_6_months
BANK000845,abc,9609.78,bank,2024-12-12 00:00:00,147,"[1067.23, 1536.31, 1974.47, 2618.67, 2956.08, 3043.81, 3392.44, 3513.74, 3546.74, 3956.23]",amount_not_seen_in_6_months
GL000537,tech sol,17268.21,gl,2024-12-12 00:00:00,13,"[4379.17, 8065.0, 14294.17, 15063.31, 19959.55, 22018.42, 22591.84, 25300.89, 25614.11, 36519.32]",amount_not_seen_in_6_months
GL001087,global services,31109.66,gl,2024-12-12 00:00:00,136,"[440.82, 636.51, 941.92, 1195.1, 1556.69, 1750.91, 1758.71, 1782.88, 2451.33, 2512.42]",amount_not_seen_in_6_months
GL001100,global services,34949.17,gl,2024-12-12 00:00:00,136,"[440.82, 636.51, 941.92, 1195.1, 1556.69, 1750.91, 1758.71, 1782.88, 2451.33, 2512.42]",amount_not_seen_in_6_months
BANK000124,business tools,16872.86,bank,2024-12-13 00:00:00,44,"[1071.89, 2577.59, 4153.02, 5210.58, 6805.84, 6938.12, 7791.75, 12484.73, 12532.47, 12641.92]",amount_not_seen_in_6_months
BANK000383,smith,18229.23,bank,2024-12-13 00:00:00,139,"[1081.06, 1536.1, 1683.57, 2326.98, 2710.48, 2985.5, 3256.64, 3434.28, 3574.06, 3733.19]",amount_not_seen_in_6_months
BANK000384,business tools,42448.6,bank,2024-12-13 00:00:00,44,"[1071.89, 2577.59, 4153.02, 5210.58, 6805.84, 6938.12, 7791.75, 12484.73, 12532.47, 12641.92]",amount_not_seen_in_6_months
BANK000594,cloud services,23206.85,bank,2024-12-13 00:00:00,30,"[564.84, 5887.73, 10684.08, 11010.03, 12268.79, 12674.59, 13823.3, 14581.58, 15994.65, 16803.34]",amount_not_seen_in_6_months
BANK000632,xyz,49275.87,bank,2024-12-13 00:00:00,147,"[388.0, 502.32, 915.68, 1500.2, 1729.62, 1956.89, 2147.86, 2553.51, 2691.94, 3493.03]",amount_not_seen_in_6_months
GL000182,global services,15284.1,gl,2024-12-13 00:00:00,138,"[440.82, 636.51, 941.92, 1195.1, 1556.69, 1750.91, 1758.71, 1782.88, 2451.33, 2512.42]",amount_not_seen_in_6_months
BANK000448,software house,33825.84,bank,2024-12-14 00:00:00,34,"[184.39, 1227.0, 2671.68, 3514.2, 4170.92, 18674.76, 19095.02, 21101.09, 21208.07, 22877.45]",amount_not_seen_in_6_months
GL000211,smith,47816.62,gl,2024-12-14 00:00:00,139,"[1081.06, 1536.1, 1683.57, 2326.98, 2710.48, 2985.5, 3256.64, 3434.28, 3574.06, 3733.19]",amount_not_seen_in_6_months
GL000428,global services,21428.8,gl,2024-12-14 00:00:00,139,"[440.82, 636.51, 941.92, 1195.1, 1556.69, 1750.91, 1758.71, 1782.88, 2451.33, 2512.42]",amount_not_seen_in_6_months
GL000523,tech solutions,23402.22,gl,2024-12-14 00:00:00,107,"[394.21, 494.35, 628.33, 1317.04, 1429.69, 2628.44, 3734.56, 4327.88, 4757.67, 7032.77]",amount_not_seen_in_6_months
BANK000015,software house,13422.19,bank,2024-12-15 00:00:00,35,"[184.39, 1227.0, 2671.68, 3514.2, 4170.92, 18674.76, 19095.02, 21101.09, 21208.07, 22877.45]",amount_not_seen_in_6_months
BANK000643,business tools,39436.35,bank,2024-12-15 00:00:00,46,"[1071.89, 2577.59, 4153.02, 5210.58, 6805.84, 6938.12, 7791.75, 12484.73, 12532.47, 12641.92]",amount_not_seen_in_6_months
BANK000786,audit solutions,4010.59,bank,2024-12-15 00:00:00,37,"[429.96, 3207.06, 4442.67, 6019.8, 7363.93, 10619.34, 12241.49, 12486.12, 13045.37, 15625.04]",amount_not_seen_in_6_months
BANK000813,abc,25712.73,bank,2024-12-15 00:00:00,148,"[1067.23, 1536.31, 1974.47, 2618.67, 2956.08, 3043.81, 3392.44, 3513.74, 3546.74, 3956.23]",amount_not_seen_in_6_months
BANK000944,finance partners,47948.95,bank,2024-12-15 00:00:00,40,"[2312.35, 3305.02, 3454.94, 3540.94, 3835.78, 5798.91, 7798.42, 8887.41, 9620.14, 11801.23]",amount_not_seen_in_6_months
GL001077,global svcs,44606.34,gl,2024-12-15 00:00:00,24,"[1858.54, 4603.13, 7800.91, 11024.41, 12511.24, 14924.05, 16641.34, 17394.18, 20015.74, 20052.92]",amount_not_seen_in_6_months
BANK000369,consulting group,41536.14,bank,2024-12-16 00:00:00,36,"[556.16, 3769.23, 4043.06, 8310.4, 8939.59, 10715.67, 11976.43, 12462.41, 13104.75, 13739.02]",amount_not_seen_in_6_months
BANK000413,audit solutions,24198.95,bank,2024-12-16 00:00:00,38,"[429.96, 3207.06, 4010.59, 4442.67, 6019.8, 7363.93, 10619.34, 12241.49, 12486.12, 13045.37]",amount_not_seen_in_6_months
BANK000550,tech solutions,46215.55,bank,2024-12-16 00:00:00,105,"[394.21, 494.35, 1317.04, 1429.69, 2628.44, 3734.56, 4327.88, 4757.67, 7032.77, 7243.84]",amount_not_seen_in_6_months
BANK000950,audit solutions,38701.76,bank,2024-12-16 00:00:00,38,"[429.96, 3207.06, 4010.59, 4442.67, 6019.8, 7363.93, 10619.34, 12241.49, 12486.12, 13045.37]",amount_not_seen_in_6_months
BANK000781,consulting group,48284.82,bank,2024-12-17 00:00:00,37,"[556.16, 3769.23, 4043.06, 8310.4, 8939.59, 10715.67, 11976.43, 12462.41, 13104.75, 13739.02]",amount_not_seen_in_6_months
BANK000959,tech solutions,14562.85,bank,2024-12-17 00:00:00,106,"[394.21, 494.35, 1317.04, 1429.69, 2628.44, 3734.56, 4327.88, 4757.67, 7032.77, 7243.84]",amount_not_seen_in_6_months
GL000265,tech solutions,44516.66,gl,2024-12-17 00:00:00,106,"[394.21, 494.35, 1317.04, 1429.69, 2628.44, 3734.56, 4327.88, 4757.67, 7032.77, 7243.84]",amount_not_seen_in_6_months
GL000442,global serv,39010.81,gl,2024-12-17 00:00:00,17,"[2350.01, 5548.64, 10200.43, 15665.43, 19088.73, 19973.88, 25186.51, 29723.32, 32897.66, 38373.56]",amount_not_seen_in_6_months
GL000710,abc,49768.13,gl,2024-12-17 00:00:00,147,"[1067.23, 1536.31, 1974.47, 2618.67, 2956.08, 3043.81, 3392.44, 3513.74, 3546.74, 3956.23]",amount_not_seen_in_6_months
BANK000108,abc,7463.81,bank,2024-12-18 00:00:00,147,"[1067.23, 1536.31, 1974.47, 2618.67, 2956.08, 3043.81, 3392.44, 3513.74, 3546.74, 3956.23]",amount_not_seen_in_6_months
BANK000810,xyz,37473.16,bank,2024-12-18 00:00:00,145,"[388.0, 502.32, 915.68, 1500.2, 1729.62, 1956.89, 2147.86, 2553.51, 2691.94, 3493.03]",amount_not_seen_in_6_months
GL000963,abc,39367.0,gl,2024-12-18 00:00:00,147,"[1067.23, 1536.31, 1974.47, 2618.67, 2956.08, 3043.81, 3392.44, 3513.74, 3546.74, 3956.23]",amount_not_seen_in_6_months
BANK000078,smith,3854.67,bank,2024-12-19 00:00:00,136,"[1081.06, 1536.1, 1683.57, 2326.98, 2710.48, 2985.5, 3256.64, 3434.28, 3574.06, 3733.19]",amount_not_seen_in_6_months
BANK000138,software house,3892.22,bank,2024-12-19 00:00:00,36,"[184.39, 1227.0, 2671.68, 3514.2, 4170.92, 13422.19, 18674.76, 19095.02, 21101.09, 21208.07]",amount_not_seen_in_6_months
BANK000158,smith,47548.79,bank,2024-12-19 00:00:00,136,"[1081.06, 1536.1, 1683.57, 2326.98, 2710.48, 2985.5, 3256.64, 3434.28, 3574.06, 3733.19]",amount_not_seen_in_6_months
BANK000662,abc,14317.55,bank,2024-12-19 00:00:00,149,"[1067.23, 1536.31, 1974.47, 2618.67, 2956.08, 3043.81, 3392.44, 3513.74, 3546.74, 3956.23]",amount_not_seen_in_6_months
GL000282,xyz,44468.31,gl,2024-12-19 00:00:00,146,"[388.0, 502.32, 915.68, 1500.2, 1729.62, 1956.89, 2147.86, 2553.51, 2691.94, 3493.03]",amount_not_seen_in_6_months
BANK000213,audit solutions,16994.21,bank,2024-12-20 00:00:00,40,"[429.96, 3207.06, 4010.59, 4442.67, 6019.8, 7363.93, 10619.34, 12241.49, 12486.12, 13045.37]",amount_not_seen_in_6_months
BANK000549,cloud services,10649.71,bank,2024-12-20 00:00:00,30,"[564.84, 5887.73, 10684.08, 11010.03, 12268.79, 12674.59, 13823.3, 14581.58, 15994.65, 16803.34]",amount_not_seen_in_6_months
BANK000587,audit solutions,46182.44,bank,2024-12-20 00:00:00,40,"[429.96, 3207.06, 4010.59, 4442.67, 6019.8, 7363.93, 10619.34, 12241.49, 12486.12, 13045.37]",amount_not_seen_in_6_months
GL000227,global services,43731.51,gl,2024-12-20 00:00:00,132,"[440.82, 636.51, 941.92, 1195.1, 1556.69, 1750.91, 1758.71, 1782.88, 2451.33, 2512.42]",amount_not_seen_in_6_months
GL000482,smith,21376.12,gl,2024-12-20 00:00:00,138,"[1081.06, 1536.1, 1683.57, 2326.98, 2710.48, 2985.5, 3256.64, 3434.28, 3574.06, 3733.19]",amount_not_seen_in_6_months
GL000522,abc,20192.61,gl,2024-12-20 00:00:00,150,"[1067.23, 1536.31, 1974.47, 2618.67, 2956.08, 3043.81, 3392.44, 3513.74, 3546.74, 3956.23]",amount_not_seen_in_6_months
GL000605,global services,20388.84,gl,2024-12-20 00:00:00,132,"[440.82, 636.51, 941.92, 1195.1, 1556.69, 1750.91, 1758.71, 1782.88, 2451.33, 2512.42]",amount_not_seen_in_6_months
GL000965,smith,32712.17,gl,2024-12-20 00:00:00,138,"[1081.06, 1536.1, 1683.57, 2326.98, 2710.48, 2985.5, 3256.64, 3434.28, 3574.06, 3733.19]",amount_not_seen_in_6_months
GL001117,abc,9093.0,gl,2024-12-20 00:00:00,150,"[1067.23, 1536.31, 1974.47, 2618.67, 2956.08, 3043.81, 3392.44, 3513.74, 3546.74, 3956.23]",amount_not_seen_in_6_months
BANK000218,tech solutions,22239.56,bank,2024-12-21 00:00:00,104,"[394.21, 494.35, 1317.04, 1429.69, 2628.44, 3734.56, 4327.88, 4757.67, 7032.77, 7243.84]",amount_not_seen_in_6_months
BANK000286,tech solutions,46461.31,bank,2024-12-21 00:00:00,104,"[394.21, 494.35, 1317.04, 1429.69, 2628.44, 3734.56, 4327.88, 4757.67, 7032.77, 7243.84]",amount_not_seen_in_6_months
BANK000577,global services,30200.24,bank,2024-12-21 00:00:00,134,"[440.82, 636.51, 941.92, 1195.1, 1556.69, 1750.91, 1758.71, 1782.88, 2451.33, 2512.42]",amount_not_seen_in_6_months
GL000438,smith and,26543.05,gl,2024-12-21 00:00:00,24,"[2346.36, 4578.24, 5555.28, 8858.06, 13618.39, 14596.17, 15599.75, 16134.32, 16679.37, 17596.52]",amount_not_seen_in_6_months
GL000842,smith and,32033.0,gl,2024-12-21 00:00:00,24,"[2346.36, 4578.24, 5555.28, 8858.06, 13618.39, 14596.17, 15599.75, 16134.32, 16679.37, 17596.52]",amount_not_seen_in_6_months
BANK000107,audit solutions,28825.98,bank,2024-12-22 00:00:00,42,"[429.96, 3207.06, 4010.59, 4442.67, 6019.8, 7363.93, 10619.34, 12241.49, 12486.12, 13045.37]",amount_not_seen_in_6_months
BANK000250,data systems,47474.1,bank,2024-12-22 00:00:00,44,"[2263.92, 3023.7, 3477.2, 4985.65, 6506.73, 6780.67, 8787.14, 8867.17, 9369.11, 12406.71]",amount_not_seen_in_6_months
BANK000712,cloud services,41336.7,bank,2024-12-22 00:00:00,31,"[564.84, 5887.73, 10649.71, 10684.08, 11010.03, 12268.79, 12674.59, 13823.3, 14581.58, 15994.65]",amount_not_seen_in_6_months
BANK000778,software house,3175.8,bank,2024-12-22 00:00:00,36,"[184.39, 2671.68, 3514.2, 3892.22, 4170.92, 13422.19, 18674.76, 19095.02, 21101.09, 21208.07]",amount_not_seen_in_6_months
GL000808,xyz,17741.54,gl,2024-12-22 00:00:00,143,"[388.0, 915.68, 1500.2, 1729.62, 1956.89, 2147.86, 2553.51, 2691.94, 3493.03, 3493.97]",amount_not_seen_in_6_months
GL001048,smith,44659.95,gl,2024-12-22 00:00:00,138,"[1081.06, 1536.1, 1683.57, 2326.98, 2710.48, 2985.5, 3256.64, 3434.28, 3574.06, 3733.19]",amount_not_seen_in_6_months
GL001191,xyz,8590.93,gl,2024-12-22 00:00:00,143,"[388.0, 915.68, 1500.2, 1729.62, 1956.89, 2147.86, 2553.51, 2691.94, 3493.03, 3493.97]",amount_not_seen_in_6_months
BANK000206,global services,43493.12,bank,2024-12-23 00:00:00,131,"[440.82, 636.51, 941.92, 1195.1, 1556.69, 1750.91, 1758.71, 1782.88, 2451.33, 2512.42]",amount_not_seen_in_6_months
BANK000331,software house,48388.06,bank,2024-12-23 00:00:00,37,"[184.39, 2671.68, 3175.8, 3514.2, 3892.22, 4170.92, 13422.19, 18674.76, 19095.02, 21101.09]",amount_not_seen_in_6_months
BANK000540,software house,25160.58,bank,2024-12-23 00:00:00,37,"[184.39, 2671.68, 3175.8, 3514.2, 3892.22, 4170.92, 13422.19, 18674.76, 19095.02, 21101.09]",amount_not_seen_in_6_months
GL000150,tech solutions,41983.02,gl,2024-12-23 00:00:00,104,"[394.21, 494.35, 1317.04, 1429.69, 2628.44, 3734.56, 4327.88, 4757.67, 7032.77, 7243.84]",amount_not_seen_in_6_months
GL000336,global serv,40525.49,gl,2024-12-23 00:00:00,16,"[5548.64, 10200.43, 15665.43, 19088.73, 19973.88, 25186.51, 29723.32, 32897.66, 38373.56, 39003.08]",amount_not_seen_in_6_months
BANK000228,tech solutions,28783.12,bank,2024-12-24 00:00:00,105,"[394.21, 494.35, 1317.04, 1429.69, 2628.44, 3734.56, 4327.88, 4757.67, 7032.77, 7243.84]",amount_not_seen_in_6_months
BANK000649,business tools,31317.65,bank,2024-12-24 00:00:00,44,"[1071.89, 2577.59, 4153.02, 5210.58, 6805.84, 7791.75, 12484.73, 12532.47, 12641.92, 13897.33]",amount_not_seen_in_6_months
GL000015,tech solutions,7815.0,gl,2024-12-24 00:00:00,105,"[394.21, 494.35, 1317.04, 1429.69, 2628.44, 3734.56, 4327.88, 4757.67, 7032.77, 7243.84]",amount_not_seen_in_6_months
GL000094,x y z,5925.0,gl,2024-12-24 00:00:00,20,"[4902.2, 6775.77, 7936.33, 8790.22, 9592.05, 9823.97, 9952.39, 10295.93, 16376.59, 22093.03]",amount_not_seen_in_6_months
GL000290,global services,13578.05,gl,2024-12-24 00:00:00,131,"[440.82, 636.51, 1195.1, 1556.69, 1750.91, 1758.71, 1782.88, 2451.33, 2512.42, 2633.19]",amount_not_seen_in_6_months
GL000378,xyz,38678.72,gl,2024-12-24 00:00:00,144,"[388.0, 915.68, 1500.2, 1729.62, 1956.89, 2147.86, 2553.51, 2691.94, 3493.03, 3493.97]",amount_not_seen_in_6_months
GL000471,abc,35354.91,gl,2024-12-24 00:00:00,146,"[1067.23, 1536.31, 1974.47, 2618.67, 2956.08, 3043.81, 3392.44, 3513.74, 3546.74, 3956.23]",amount_not_seen_in_6_months
GL000840,global serv,22663.82,gl,2024-12-24 00:00:00,17,"[5548.64, 10200.43, 15665.43, 19088.73, 19973.88, 25186.51, 29723.32, 32897.66, 38373.56, 39003.08]",amount_not_seen_in_6_months
GL000927,xyz,9878.69,gl,2024-12-24 00:00:00,144,"[388.0, 915.68, 1500.2, 1729.62, 1956.89, 2147.86, 2553.51, 2691.94, 3493.03, 3493.97]",amount_not_seen_in_6_months
BANK000085,xyz,13413.6,bank,2024-12-25 00:00:00,144,"[388.0, 915.68, 1500.2, 1729.62, 1956.89, 2147.86, 2553.51, 2691.94, 3493.03, 3493.97]",amount_not_seen_in_6_months
BANK000156,consulting group,16606.49,bank,2024-12-25 00:00:00,36,"[556.16, 3769.23, 4043.06, 8310.4, 8939.59, 10715.67, 11976.43, 12462.41, 13104.75, 13739.02]",amount_not_seen_in_6_months
BANK000481,data systems,18743.88,bank,2024-12-25 00:00:00,44,"[2263.92, 3023.7, 3477.2, 4985.65, 6506.73, 6780.67, 8787.14, 8867.17, 9369.11, 12406.71]",amount_not_seen_in_6_months
BANK000679,abc,35424.24,bank,2024-12-25 00:00:00,145,"[1067.23, 1536.31, 1974.47, 2618.67, 2956.08, 3043.81, 3392.44, 3513.74, 3546.74, 3956.23]",amount_not_seen_in_6_months
BANK000913,data systems,15015.77,bank,2024-12-25 00:00:00,44,"[2263.92, 3023.7, 3477.2, 4985.65, 6506.73, 6780.67, 8787.14, 8867.17, 9369.11, 12406.71]",amount_not_seen_in_6_months
BANK000951,digital agency,26933.94,bank,2024-12-25 00:00:00,38,"[233.52, 381.69, 1443.11, 4852.58, 5213.75, 5272.83, 6949.92, 6995.18, 8472.68, 8642.91]",amount_not_seen_in_6_months
GL000253,abc,42916.7,gl,2024-12-25 00:00:00,145,"[1067.23, 1536.31, 1974.47, 2618.67, 2956.08, 3043.81, 3392.44, 3513.74, 3546.74, 3956.23]",amount_not_seen_in_6_months
GL000467,xyz,11944.28,gl,2024-12-25 00:00:00,144,"[388.0, 915.68, 1500.2, 1729.62, 1956.89, 2147.86, 2553.51, 2691.94, 3493.03, 3493.97]",amount_not_seen_in_6_months
BANK000069,tech solutions,41703.87,bank,2024-12-26 00:00:00,106,"[394.21, 494.35, 1317.04, 1429.69, 2628.44, 3734.56, 4327.88, 4757.67, 7032.77, 7243.84]",amount_not_seen_in_6_months
BANK000478,business tools,46162.99,bank,2024-12-26 00:00:00,45,"[1071.89, 2577.59, 4153.02, 5210.58, 6805.84, 7791.75, 12484.73, 12532.47, 12641.92, 13897.33]",amount_not_seen_in_6_months
BANK000503,abc,29929.47,bank,2024-12-26 00:00:00,145,"[1067.23, 1536.31, 1974.47, 2956.08, 3043.81, 3392.44, 3513.74, 3546.74, 3956.23, 4410.64]",amount_not_seen_in_6_months
BANK000605,global services,19502.91,bank,2024-12-26 00:00:00,129,"[440.82, 636.51, 1195.1, 1556.69, 1750.91, 1758.71, 1782.88, 2451.33, 2633.19, 2652.77]",amount_not_seen_in_6_months
BANK000766,abc,44671.99,bank,2024-12-26 00:00:00,145,"[1067.23, 1536.31, 1974.47, 2956.08, 3043.81, 3392.44, 3513.74, 3546.74, 3956.23, 4410.64]",amount_not_seen_in_6_months
GL000951,tech sol,16440.83,gl,2024-12-26 00:00:00,14,"[4379.17, 8065.0, 14294.17, 15063.31, 17268.21, 19959.55, 22018.42, 22591.84, 25300.89, 25614.11]",amount_not_seen_in_6_months
GL000043,tech solutions,47578.02,gl,2024-12-27 00:00:00,106,"[494.35, 1317.04, 1429.69, 2628.44, 3734.56, 4327.88, 4757.67, 7032.77, 7243.84, 7479.12]",amount_not_seen_in_6_months
GL000186,xyz,17995.45,gl,2024-12-27 00:00:00,144,"[388.0, 915.68, 1500.2, 1729.62, 1956.89, 2147.86, 2553.51, 2691.94, 3493.03, 3493.97]",amount_not_seen_in_6_months
GL000268,smith,25644.1,gl,2024-12-27 00:00:00,136,"[1081.06, 1536.1, 1683.57, 2326.98, 2710.48, 2985.5, 3256.64, 3434.28, 3574.06, 3733.19]",amount_not_seen_in_6_months
GL000375,smith,7923.04,gl,2024-12-27 00:00:00,136,"[1081.06, 1536.1, 1683.57, 2326.98, 2710.48, 2985.5, 3256.64, 3434.28, 3574.06, 3733.19]",amount_not_seen_in_6_months
GL000706,abc,38300.69,gl,2024-12-27 00:00:00,146,"[1067.23, 1536.31, 1974.47, 2956.08, 3043.81, 3392.44, 3513.74, 3546.74, 3956.23, 4410.64]",amount_not_seen_in_6_months
GL001162,smith and,35172.36,gl,2024-12-27 00:00:00,26,"[2346.36, 4578.24, 5555.28, 8858.06, 13618.39, 14596.17, 15599.75, 16134.32, 16679.37, 17596.52]",amount_not_seen_in_6_months
BANK000042,software house,458.82,bank,2024-12-28 00:00:00,39,"[184.39, 2671.68, 3175.8, 3514.2, 3892.22, 4170.92, 13422.19, 18674.76, 19095.02, 21101.09]",amount_not_seen_in_6_months
BANK000161,data systems,15183.15,bank,2024-12-28 00:00:00,45,"[2263.92, 3023.7, 3477.2, 4985.65, 6506.73, 6780.67, 8787.14, 8867.17, 9369.11, 12406.71]",amount_not_seen_in_6_months
GL000221,a b c,18103.51,gl,2024-12-28 00:00:00,11,"[1203.49, 3543.38, 3949.0, 13900.37, 15300.33, 20445.34, 24677.16, 27006.7, 40111.68, 44780.2]",amount_not_seen_in_6_months
BANK000404,global services,16200.77,bank,2024-12-29 00:00:00,130,"[440.82, 636.51, 1195.1, 1556.69, 1750.91, 1758.71, 1782.88, 2451.33, 2633.19, 2652.77]",amount_not_seen_in_6_months
BANK000619,consulting group,24637.12,bank,2024-12-29 00:00:00,37,"[556.16, 3769.23, 4043.06, 8310.4, 8939.59, 10715.67, 11976.43, 12462.41, 13104.75, 13739.02]",amount_not_seen_in_6_months
BANK000628,cloud services,34487.77,bank,2024-12-29 00:00:00,31,"[564.84, 5887.73, 10649.71, 10684.08, 11010.03, 12268.79, 12674.59, 13823.3, 14581.58, 15994.65]",amount_not_seen_in_6_months
GL000777,xyz,8537.53,gl,2024-12-29 00:00:00,145,"[388.0, 915.68, 1500.2, 1729.62, 1956.89, 2147.86, 2553.51, 2691.94, 3493.03, 3493.97]",amount_not_seen_in_6_months
GL000942,global serv,43807.55,gl,2024-12-29 00:00:00,17,"[5548.64, 10200.43, 19088.73, 19973.88, 22663.82, 25186.51, 29723.32, 32897.66, 38373.56, 39003.08]",amount_not_seen_in_6_months
BANK000634,finance partners,12558.89,bank,2024-12-30 00:00:00,36,"[2312.35, 3305.02, 3454.94, 3540.94, 3835.78, 5798.91, 7798.42, 8887.41, 9620.14, 13841.39]",amount_not_seen_in_6_months
GL000025,smith,32136.42,gl,2024-12-30 00:00:00,137,"[1081.06, 1536.1, 1683.57, 2326.98, 2710.48, 2985.5, 3256.64, 3434.28, 3574.06, 3733.19]",amount_not_seen_in_6_months
GL000371,smith,42670.95,gl,2024-12-30 00:00:00,137,"[1081.06, 1536.1, 1683.57, 2326.98, 2710.48, 2985.5, 3256.64, 3434.28, 3574.06, 3733.19]",amount_not_seen_in_6_months
GL000782,abc,35104.16,gl,2024-12-30 00:00:00,140,"[1067.23, 1536.31, 1974.47, 2956.08, 3043.81, 3392.44, 3513.74, 3546.74, 3956.23, 4410.64]",amount_not_seen_in_6_months
GL001007,global svcs,26613.98,gl,2024-12-30 00:00:00,25,"[1858.54, 4603.13, 7800.91, 11024.41, 12511.24, 14924.05, 16641.34, 17394.18, 20015.74, 20052.92]",amount_not_seen_in_6_months
BANK000392,consulting group,22656.93,bank,2024-12-31 00:00:00,38,"[556.16, 3769.23, 4043.06, 8310.4, 8939.59, 10715.67, 11976.43, 12462.41, 13104.75, 13739.02]",amount_not_seen_in_6_months
BANK000689,digital agency,27687.95,bank,2024-12-31 00:00:00,38,"[233.52, 381.69, 1443.11, 4852.58, 5213.75, 5272.83, 6949.92, 6995.18, 8472.68, 8642.91]",amount_not_seen_in_6_months
BANK000730,finance partners,19186.65,bank,2024-12-31 00:00:00,37,"[2312.35, 3305.02, 3454.94, 3540.94, 3835.78, 5798.91, 7798.42, 8887.41, 9620.14, 12558.89]",amount_not_seen_in_6_months
GL000334,global services,4902.37,gl,2024-12-31 00:00:00,127,"[440.82, 636.51, 1195.1, 1556.69, 1750.91, 1758.71, 1782.88, 2451.33, 2633.19, 2652.77]",amount_not_seen_in_6_months
GL000837,smith,48644.33,gl,2024-12-31 00:00:00,139,"[1081.06, 1536.1, 1683.57, 2326.98, 2710.48, 2985.5, 3256.64, 3434.28, 3574.06, 3733.19]",amount_not_seen_in_6_months
GL000882,global services,38810.36,gl,2024-12-31 00:00:00,127,"[440.82, 636.51, 1195.1, 1556.69, 1750.91, 1758.71, 1782.88, 2451.33, 2633.19, 2652.77]",amount_not_seen_in_6_months
